"","pred_ridge","y.test","s0","kcross","y.test","s0","kcross","y.test","s0","kcross","y.test","s0","kcross","y.test","s0","kcross","y.test","s0","kcross","y.test","s0","kcross","y.test","s0","kcross","y.test","s0","kcross","y.test","s0","kcross","y.test","s0","kcross","y.test","s0","kcross","y.test","s0","kcross","y.test","s0","kcross","y.test","s0","kcross","y.test","s0","kcross","y.test","s0","kcross","y.test","s0","kcross","y.test","s0","kcross","y.test","s0","kcross","y.test","s0","kcross","y.test","s0","kcross","y.test","s0","kcross","y.test","s0","kcross","y.test","s0","kcross","y.test","s0","kcross","y.test","s0","kcross","y.test","s0","kcross","y.test","s0","kcross","y.test","s0","kcross"
"GSM1437801",NA,0,0.36155131858808,1,0,0.363457945321697,2,0,0.362494030387158,3,0,0.359623324192155,4,0,0.343096530408994,5,0,0.366247525567501,6,0,0.365335108920421,7,0,0.365335108920421,8,0,0.356711124319935,9,0,0.36155131858808,10,0,0.359623324192155,11,0,0.364385643334152,12,0,0.369881026976101,13,0,0.358644943050926,14,0,0.363457945321697,15,0,0.369881026976101,16,0,0.362494030387158,17,0,0.358644943050926,18,0,0.365335108920421,19,0,0.362494030387158,20,0,0.358644943050926,21,0,0.365335108920421,22,0,0.364385643334152,23,0,0.33929916831615,24,0,0.372413515414378,25,0,0.364385643334152,26,0,0.349864802801487,27,0,0.363457945321697,28,0,0.36155131858808,29,0,0.355729237189241,30
"GSM1437802",NA,0,0.157790532977526,1,0,0.158227239914246,2,0,0.157936550611915,3,0,0.157557484529497,4,0,0.164254372971097,5,0,0.159166530851284,6,0,0.158851835007328,7,0,0.158851835007328,8,0,0.157615724655423,9,0,0.157790532977526,10,0,0.157557484529497,11,0,0.158458557621745,12,0,0.161122176867052,13,0,0.157494843919903,14,0,0.158227239914246,15,0,0.161122176867052,16,0,0.157936550611915,17,0,0.157494843919903,18,0,0.158851835007328,19,0,0.157936550611915,20,0,0.157494843919903,21,0,0.158851835007328,22,0,0.158458557621745,23,0,0.168110494868726,24,0,0.162855964412891,25,0,0.158458557621745,26,0,0.159582249995293,27,0,0.158227239914246,28,0,0.157790532977526,29,0,0.157729481356412,30
"GSM1437803",NA,0,0.100746149497377,1,0,0.0999197480045023,2,0,0.100286273455801,3,0,0.101712022946492,4,0,0.116636956284272,5,0,0.0988871369876415,6,0,0.0992173143881732,7,0,0.0992173143881732,8,0,0.103458333702853,9,0,0.100746149497377,10,0,0.101712022946492,11,0,0.0995241299070072,12,0,0.0979687190404597,13,0,0.102230360697797,14,0,0.0999197480045023,15,0,0.0979687190404597,16,0,0.100286273455801,17,0,0.102230360697797,18,0,0.0992173143881732,19,0,0.100286273455801,20,0,0.102230360697797,21,0,0.0992173143881732,22,0,0.0995241299070072,23,0,0.122134595249883,24,0,0.097335653985451,25,0,0.0995241299070072,26,0,0.108927299621394,27,0,0.0999197480045023,28,0,0.100746149497377,29,0,0.104105182461606,30
"GSM1437805",NA,0,0.417656988109988,1,0,0.419670663344755,2,0,0.418708734314334,3,0,0.415532159755752,4,0,0.3935672127298,5,0,0.422491995152951,6,0,0.421575565872099,7,0,0.421575565872099,8,0,0.412121981864531,9,0,0.417656988109988,10,0,0.415532159755752,11,0,0.420661664187927,12,0,0.425721802492366,13,0,0.414452621332979,14,0,0.419670663344755,15,0,0.425721802492366,16,0,0.418708734314334,17,0,0.414452621332979,18,0,0.421575565872099,19,0,0.418708734314334,20,0,0.414452621332979,21,0,0.421575565872099,22,0,0.420661664187927,23,0,0.387560928604519,24,0,0.428143818196986,25,0,0.420661664187927,26,0,0.40336270474654,27,0,0.419670663344755,28,0,0.417656988109988,29,0,0.410953832715863,30
"GSM1437806",NA,0,0.449502386791468,1,0,0.448735307833339,2,0,0.449222235375153,3,0,0.449893678090435,4,0,0.438969259402961,5,0,0.446929235003813,6,0,0.447600349952951,7,0,0.447600349952951,8,0,0.449752983973249,9,0,0.449502386791468,10,0,0.449893678090435,11,0,0.448267586695177,12,0,0.443039226059903,13,0,0.449987381628769,14,0,0.448735307833339,15,0,0.443039226059903,16,0,0.449222235375153,17,0,0.449987381628769,18,0,0.447600349952951,19,0,0.449222235375153,20,0,0.449987381628769,21,0,0.447600349952951,22,0,0.448267586695177,23,0,0.433072170356042,24,0,0.439609000855294,25,0,0.448267586695177,26,0,0.446392004842802,27,0,0.448735307833339,28,0,0.449502386791468,29,0,0.449552537116123,30
"GSM1437808",NA,0,0.191213112804032,1,0,0.187094301541865,2,0,0.189179147222449,3,0,0.195188219931618,4,0,0.223885871128925,5,0,0.1806699240998,6,0,0.182829595237407,7,0,0.182829595237407,8,0,0.2008963663179,9,0,0.191213112804032,10,0,0.195188219931618,11,0,0.184996013606568,12,0,0.171591061596731,13,0,0.197122525562031,14,0,0.187094301541865,15,0,0.171591061596731,16,0,0.189179147222449,17,0,0.197122525562031,18,0,0.182829595237407,19,0,0.189179147222449,20,0,0.197122525562031,21,0,0.182829595237407,22,0,0.184996013606568,23,0,0.229521711927452,24,0,0.164328954541466,25,0,0.184996013606568,26,0,0.213091372135846,27,0,0.187094301541865,28,0,0.191213112804032,29,0,0.202728048536015,30
"GSM1437810",NA,1,0.592263640867193,1,1,0.600491376856312,2,1,0.59641778724243,3,1,0.584072583444724,4,1,0.51567548171658,5,1,0.612999784489274,6,1,0.608765451863302,7,1,0.608765451863302,8,1,0.571844356011491,9,1,0.592263640867193,10,1,0.584072583444724,11,1,0.60468332601328,12,1,0.629800178717607,13,1,0.580010611051858,14,1,0.600491376856312,15,1,0.629800178717607,16,1,0.59641778724243,17,1,0.580010611051858,18,1,0.608765451863302,19,1,0.59641778724243,20,1,0.580010611051858,21,1,0.608765451863302,22,1,0.60468332601328,23,1,0.499769482731687,24,1,0.642429125801546,25,1,0.60468332601328,26,1,0.543640409150857,27,1,0.600491376856312,28,1,0.592263640867193,29,1,0.567791026583875,30
"GSM1437816",NA,0,0.160145346554423,1,0,0.158494198860669,2,0,0.159275263042982,3,0,0.161828743636563,4,0,0.17869270662359,5,0,0.155991279188423,6,0,0.156857169210579,7,0,0.156857169210579,8,0,0.164451100560246,9,0,0.160145346554423,10,0,0.161828743636563,11,0,0.157626714858042,12,0,0.152743732415126,13,0,0.162663274618205,14,0,0.158494198860669,15,0,0.152743732415126,16,0,0.159275263042982,17,0,0.162663274618205,18,0,0.156857169210579,19,0,0.159275263042982,20,0,0.162663274618205,21,0,0.156857169210579,22,0,0.157626714858042,23,0,0.183598815286636,24,0,0.150003717601966,25,0,0.157626714858042,26,0,0.171056268941046,27,0,0.158494198860669,28,0,0.160145346554423,29,0,0.165338640822817,30
"GSM1437817",NA,0,0.203792308374459,1,0,0.19803763241037,2,0,0.200918265499496,3,0,0.209389080935377,4,0,0.248855937116077,5,0,0.189104745588185,6,0,0.192140701286261,7,0,0.192140701286261,8,0,0.217448649295956,9,0,0.203792308374459,10,0,0.209389080935377,11,0,0.195079697760991,12,0,0.176824990688395,13,0,0.212120094602689,14,0,0.19803763241037,15,0,0.176824990688395,16,0,0.200918265499496,17,0,0.212120094602689,18,0,0.192140701286261,19,0,0.200918265499496,20,0,0.212120094602689,21,0,0.192140701286261,22,0,0.195079697760991,23,0,0.255830479174336,24,0,0.167404215525549,25,0,0.195079697760991,26,0,0.234485704891932,27,0,0.19803763241037,28,0,0.203792308374459,29,0,0.220042996091174,30
"GSM1437819",NA,0,0.403261789568449,1,0,0.398918552061763,2,0,0.401187217769184,3,0,0.407115885642396,4,0,0.419565530447135,5,0,0.391464359089416,6,0,0.394109776286115,7,0,0.394109776286115,8,0,0.411896096358303,9,0,0.403261789568449,10,0,0.407115885642396,11,0,0.396572014053066,12,0,0.379739119469689,13,0,0.40890116758229,14,0,0.398918552061763,15,0,0.379739119469689,16,0,0.401187217769184,17,0,0.40890116758229,18,0,0.394109776286115,19,0,0.401187217769184,20,0,0.40890116758229,21,0,0.394109776286115,22,0,0.396572014053066,23,0,0.417566139456942,24,0,0.370737657134361,25,0,0.396572014053066,26,0,0.41870025816055,27,0,0.398918552061763,28,0,0.403261789568449,29,0,0.41328568001277,30
"GSM1437820",NA,0,0.27477607249572,1,0,0.269337665671488,2,0,0.272093918896359,3,0,0.279911943524182,4,0,0.3101243313474,5,0,0.260561178355722,6,0,0.263615524836696,7,0,0.263615524836696,8,0,0.28697477839646,9,0,0.27477607249572,10,0,0.279911943524182,11,0,0.266476857800438,12,0,0.247847936974609,13,0,0.282383705890377,14,0,0.269337665671488,15,0,0.247847936974609,16,0,0.272093918896359,17,0,0.282383705890377,18,0,0.263615524836696,19,0,0.272093918896359,20,0,0.282383705890377,21,0,0.263615524836696,22,0,0.266476857800438,23,0,0.313875452194571,24,0,0.238317553789147,25,0,0.266476857800438,26,0,0.300551164545271,27,0,0.269337665671488,28,0,0.27477607249572,29,0,0.289198347137726,30
"GSM1437824",NA,0,0.172403059348374,1,0,0.168266009875994,2,0,0.170346902681082,3,0,0.176448701487026,4,0,0.207385056551347,5,0,0.161916618086765,6,0,0.164036908571684,7,0,0.164036908571684,8,0,0.18235774415884,9,0,0.172403059348374,10,0,0.176448701487026,11,0,0.166173961611155,12,0,0.153172327555283,13,0,0.178432268565443,14,0,0.168266009875994,15,0,0.153172327555283,16,0,0.170346902681082,17,0,0.178432268565443,18,0,0.164036908571684,19,0,0.170346902681082,20,0,0.178432268565443,21,0,0.164036908571684,22,0,0.166173961611155,23,0,0.213851954131102,24,0,0.146253218419553,25,0,0.166173961611155,26,0,0.195372777477682,27,0,0.168266009875994,28,0,0.172403059348374,29,0,0.184275279852338,30
"GSM1437828",NA,0,0.0478644501980272,1,0,0.0458682935170014,2,0,0.0468394656949543,3,0,0.0499580414875456,4,0,0.072820839230016,5,0,0.0430219026262,6,0,0.0439597509168161,7,0,0.0439597509168161,8,0,0.0533048087121375,9,0,0.0478644501980272,10,0,0.0499580414875456,11,0,0.0448875159093885,12,0,0.0395317814889012,13,0,0.0510339439978743,14,0,0.0458682935170014,15,0,0.0395317814889012,16,0,0.0468394656949543,17,0,0.0510339439978743,18,0,0.0439597509168161,19,0,0.0468394656949543,20,0,0.0510339439978743,21,0,0.0439597509168161,22,0,0.0448875159093885,23,0,0.0798810663455482,24,0,0.0370356938140104,25,0,0.0448875159093885,26,0,0.0621574688744384,27,0,0.0458682935170014,28,0,0.0478644501980272,29,0,0.0544712644536462,30
"GSM1437836",NA,0,0.089294575230165,1,0,0.0859952531855563,2,0,0.0876295568312166,3,0,0.0925917059419457,4,0,0.121777716413378,5,0,0.0810154662437219,6,0,0.0826841064483109,7,0,0.0826841064483109,8,0,0.0975619499950662,9,0,0.089294575230165,10,0,0.0925917059419457,11,0,0.0843276668297562,12,0,0.0743571703438602,13,0,0.0942295392731312,14,0,0.0859952531855563,15,0,0.0743571703438602,16,0,0.0876295568312166,17,0,0.0942295392731312,18,0,0.0826841064483109,19,0,0.0876295568312166,20,0,0.0942295392731312,21,0,0.0826841064483109,22,0,0.0843276668297562,23,0,0.129325756097295,24,0,0.0692335452102262,25,0,0.0843276668297562,26,0,0.109348036738009,27,0,0.0859952531855563,28,0,0.089294575230165,29,0,0.099217052836387,30
"GSM1437844",NA,1,0.211694162428595,1,1,0.210915898803396,2,1,0.211274180794433,3,1,0.212541532222637,4,1,0.222732246539207,5,1,0.209873406455681,6,1,0.210199943633616,7,1,0.210199943633616,8,1,0.213969925365126,9,1,0.211694162428595,10,1,0.212541532222637,11,1,0.210537114554199,12,1,0.20880543042078,13,1,0.212971709166156,14,1,0.210915898803396,15,1,0.20880543042078,16,1,0.211274180794433,17,1,0.212971709166156,18,1,0.210199943633616,19,1,0.211274180794433,20,1,0.212971709166156,21,1,0.210199943633616,22,1,0.210537114554199,23,1,0.225876957505839,24,1,0.207811562090365,25,1,0.210537114554199,26,1,0.217909000102397,27,1,0.210915898803396,28,1,0.211694162428595,29,1,0.214463025146385,30
"GSM1437854",NA,0,0.0727716124621058,1,0,0.06973485279133,2,0,0.0712279599569926,3,0,0.0758783629340563,4,0,0.105704648720392,5,0,0.0652701389374354,6,0,0.0667619857984164,7,0,0.0667619857984164,8,0,0.0806802357636097,9,0,0.0727716124621058,10,0,0.0758783629340563,11,0,0.0682183871830514,12,0,0.0595459518319928,13,0,0.0774512385879895,14,0,0.06973485279133,15,0,0.0595459518319928,16,0,0.0712279599569926,17,0,0.0774512385879895,18,0,0.0667619857984164,19,0,0.0712279599569926,20,0,0.0774512385879895,21,0,0.0667619857984164,22,0,0.0682183871830514,23,0,0.1138309913561,24,0,0.0554427732060288,25,0,0.0682183871830514,26,0,0.0925851747426169,27,0,0.06973485279133,28,0,0.0727716124621058,29,0,0.0823178353390894,30
"GSM1437855",NA,0,0.220398681748711,1,0,0.215669547335121,2,0,0.218065898780976,3,0,0.224913536113643,4,0,0.254907293432982,5,0,0.208161761993459,6,0,0.210729148255964,7,0,0.210729148255964,8,0,0.231270387492534,9,0,0.220398681748711,10,0,0.224913536113643,11,0,0.213222369065571,12,0,0.197381854534403,13,0,0.227099014843973,14,0,0.215669547335121,15,0,0.197381854534403,16,0,0.218065898780976,17,0,0.227099014843973,18,0,0.210729148255964,19,0,0.218065898780976,20,0,0.227099014843973,21,0,0.210729148255964,22,0,0.213222369065571,23,0,0.260008318847049,24,0,0.188933474706268,25,0,0.213222369065571,26,0,0.244278931199023,27,0,0.215669547335121,28,0,0.220398681748711,29,0,0.233293741033333,30
"GSM1437856",NA,1,0.163630293208176,1,1,0.164366918753086,2,1,0.163929952598913,3,1,0.163134076524643,4,1,0.168360464268586,5,1,0.165861935456106,6,1,0.165337309873541,7,1,0.165337309873541,8,1,0.162851151196617,9,1,0.163630293208176,10,1,0.163134076524643,11,1,0.164777368664336,12,1,0.168762402633487,13,1,0.162955099336094,14,1,0.164366918753086,15,1,0.168762402633487,16,1,0.163929952598913,17,1,0.162955099336094,18,1,0.165337309873541,19,1,0.163929952598913,20,1,0.162955099336094,21,1,0.165337309873541,22,1,0.164777368664336,23,1,0.171944682221116,24,1,0.171362904390306,25,1,0.164777368664336,26,1,0.164197689640542,27,1,0.164366918753086,28,1,0.163630293208176,29,1,0.162863969854231,30
"GSM1437861",NA,1,0.645088355388621,1,1,0.654166588614385,2,1,0.649669411399719,3,1,0.636062385270342,4,1,0.560447429788468,5,1,0.667871203192905,6,1,0.663307933805352,7,1,0.663307933805352,8,1,0.622552513459013,9,1,0.645088355388621,10,1,0.636062385270342,11,1,0.658752958007533,12,1,0.686094578830454,13,1,0.631616269409931,14,1,0.654166588614385,15,1,0.686094578830454,16,1,0.649669411399719,17,1,0.631616269409931,18,1,0.663307933805352,19,1,0.649669411399719,20,1,0.631616269409931,21,1,0.663307933805352,22,1,0.658752958007533,23,1,0.542668294973098,24,1,0.700600617782583,25,1,0.658752958007533,26,1,0.591412268578044,27,1,0.654166588614385,28,1,0.645088355388621,29,1,0.618119005573643,30
"GSM1437862",NA,0,0.119055690961329,1,0,0.117881955861195,2,0,0.118440323032046,3,0,0.120353605755012,4,0,0.137227335656662,5,0,0.116329487121743,6,0,0.116821788998502,7,0,0.116821788998502,8,0,0.122559896651646,9,0,0.119055690961329,10,0,0.120353605755012,11,0,0.117328032539254,12,0,0.114647936338746,13,0,0.121040236132857,14,0,0.117881955861195,15,0,0.114647936338746,16,0,0.118440323032046,17,0,0.121040236132857,18,0,0.116821788998502,19,0,0.118440323032046,20,0,0.121040236132857,21,0,0.116821788998502,22,0,0.117328032539254,23,0,0.142869313561912,24,0,0.113571179916735,25,0,0.117328032539254,26,0,0.128939389854675,27,0,0.117881955861195,28,0,0.119055690961329,29,0,0.123355710213258,30
"GSM1437873",NA,0,0.406145891564432,1,0,0.409163945091549,2,0,0.407691662069849,3,0,0.403101109551209,4,0,0.376970873876961,5,0,0.413647808162487,6,0,0.412153385990772,7,0,0.412153385990772,8,0,0.398476601894008,9,0,0.406145891564432,10,0,0.403101109551209,11,0,0.410691782049182,12,0,0.419339349161889,13,0,0.401594595235301,14,0,0.409163945091549,15,0,0.419339349161889,16,0,0.407691662069849,17,0,0.401594595235301,18,0,0.412153385990772,19,0,0.407691662069849,20,0,0.401594595235301,21,0,0.412153385990772,22,0,0.410691782049182,23,0,0.370909384728469,24,0,0.423866725368147,25,0,0.410691782049182,26,0,0.387683187744103,27,0,0.409163945091549,28,0,0.406145891564432,29,0,0.39694982621806,30
"GSM1437874",NA,0,0.067432104174714,1,0,0.0642099605920556,2,0,0.0657948327774237,3,0,0.0707529057117613,4,0,0.103158764625669,5,0,0.0595429976036936,6,0,0.0610825640413349,7,0,0.0610825640413349,8,0,0.0759300960853737,9,0,0.067432104174714,10,0,0.0707529057117613,11,0,0.0626206848956639,12,0,0.053679818494818,13,0,0.0724410956240908,14,0,0.0642099605920556,15,0,0.053679818494818,16,0,0.0657948327774237,17,0,0.0724410956240908,18,0,0.0610825640413349,19,0,0.0657948327774237,20,0,0.0724410956240908,21,0,0.0610825640413349,22,0,0.0626206848956639,23,0,0.111933259855144,24,0,0.0494778224612476,25,0,0.0626206848956639,26,0,0.0888860783716143,27,0,0.0642099605920556,28,0,0.067432104174714,29,0,0.077699965896163,30
"GSM1437876",NA,0,0.19357400271456,1,0,0.190551247577265,2,0,0.192059553839412,3,0,0.19648149051376,4,0,0.217993262340002,5,0,0.185763619808015,6,0,0.187400081684555,7,0,0.187400081684555,8,0,0.200658594037689,9,0,0.19357400271456,10,0,0.19648149051376,11,0,0.188975373952551,12,0,0.178943481616182,13,0,0.197883163174928,14,0,0.190551247577265,15,0,0.178943481616182,16,0,0.192059553839412,17,0,0.197883163174928,18,0,0.187400081684555,19,0,0.192059553839412,20,0,0.197883163174928,21,0,0.187400081684555,22,0,0.188975373952551,23,0,0.222611337818237,24,0,0.173267025589576,25,0,0.188975373952551,26,0,0.209652383997269,27,0,0.190551247577265,28,0,0.19357400271456,29,0,0.201995930729708,30
"GSM1437885",NA,1,0.711358358334492,1,1,0.721535651469697,2,1,0.716499841465461,3,1,0.701129066570167,4,1,0.612302449193421,5,1,0.736694350794338,6,1,0.731663785084664,7,1,0.731663785084664,8,1,0.68564988066533,9,1,0.711358358334492,10,1,0.701129066570167,11,1,0.726634582223787,12,1,0.756476323751853,13,1,0.696038084682999,14,1,0.721535651469697,15,1,0.756476323751853,16,1,0.716499841465461,17,1,0.696038084682999,18,1,0.731663785084664,19,1,0.716499841465461,20,1,0.696038084682999,21,1,0.731663785084664,22,1,0.726634582223787,23,1,0.590907468557377,24,1,0.771622694604104,25,1,0.726634582223787,26,1,0.64923927159343,27,1,0.721535651469697,28,1,0.711358358334492,29,1,0.680506460344056,30
"GSM1437898",NA,1,0.502541208325857,1,1,0.50749788363854,2,1,0.505066146792779,3,1,0.497582506504451,4,1,0.454489224292582,5,1,0.515025049457342,6,1,0.512469618305669,7,1,0.512469618305669,8,1,0.490107661180617,9,1,0.502541208325857,10,1,0.497582506504451,11,1,0.510036984057681,12,1,0.525075689145013,13,1,0.495125730031996,14,1,0.50749788363854,15,1,0.525075689145013,16,1,0.505066146792779,17,1,0.495125730031996,18,1,0.512469618305669,19,1,0.505066146792779,20,1,0.495125730031996,21,1,0.512469618305669,22,1,0.510036984057681,23,1,0.443929974191614,24,1,0.532741148354622,25,1,0.510036984057681,26,1,0.472530182252939,27,1,0.50749788363854,28,1,0.502541208325857,29,1,0.487621645103157,30
"GSM1437900",NA,0,0.162819525833818,1,0,0.157841044730364,2,0,0.160318640550978,3,0,0.167655237574673,4,0,0.203316503085025,5,0,0.150042814560959,6,0,0.152716359970051,7,0,0.152716359970051,8,0,0.17464220647582,9,0,0.162819525833818,10,0,0.167655237574673,11,0,0.15525455498904,12,0,0.139197724926138,13,0,0.170008320195671,14,0,0.157841044730364,15,0,0.139197724926138,16,0,0.160318640550978,17,0,0.170008320195671,18,0,0.152716359970051,19,0,0.160318640550978,20,0,0.170008320195671,21,0,0.152716359970051,22,0,0.15525455498904,23,0,0.210529650530714,24,0,0.130792592103701,25,0,0.15525455498904,26,0,0.189710518726468,27,0,0.157841044730364,28,0,0.162819525833818,29,0,0.176899563381809,30
"GSM1437905",NA,0,0.134018788819856,1,0,0.131130386089085,2,0,0.132560202359016,3,0,0.136935255631736,4,0,0.163364093335033,5,0,0.126822412490153,6,0,0.128263312674109,7,0,0.128263312674109,8,0,0.141376107241351,9,0,0.134018788819856,10,0,0.136935255631736,11,0,0.129681747946476,12,0,0.121138260219509,13,0,0.138398645009307,14,0,0.131130386089085,15,0,0.121138260219509,16,0,0.132560202359016,17,0,0.138398645009307,18,0,0.128263312674109,19,0,0.132560202359016,20,0,0.138398645009307,21,0,0.128263312674109,22,0,0.129681747946476,23,0,0.170122157592333,24,0,0.116937409040184,25,0,0.129681747946476,26,0,0.15206955440996,27,0,0.131130386089085,28,0,0.134018788819856,29,0,0.142871290146028,30
"GSM1437906",NA,0,0.0499072084394648,1,0,0.0484681885493687,2,0,0.0491631899073755,3,0,0.0514386762691665,4,0,0.0696973237444366,5,0,0.0464550346027244,6,0,0.0471084327917784,7,0,0.0471084327917784,8,0,0.0539450356198189,9,0,0.0499072084394648,10,0,0.0514386762691665,11,0,0.047769511340279,12,0,0.0440381779075756,13,0,0.0522305050421299,14,0,0.0484681885493687,15,0,0.0440381779075756,16,0,0.0491631899073755,17,0,0.0522305050421299,18,0,0.0471084327917784,19,0,0.0491631899073755,20,0,0.0522305050421299,21,0,0.0471084327917784,22,0,0.047769511340279,23,0,0.0757845230698187,24,0,0.0422427629313895,25,0,0.047769511340279,26,0,0.0608677519438575,27,0,0.0484681885493687,28,0,0.0499072084394648,29,0,0.0548277607766233,30
"GSM1437911",NA,0,0.261525208336614,1,0,0.260671367607026,2,0,0.261082056104771,3,0,0.262326534647332,4,0,0.268074988284753,5,0,0.259251591161427,6,0,0.25975284864095,7,0,0.25975284864095,8,0,0.263460907285441,9,0,0.261525208336614,10,0,0.262326534647332,11,0,0.260197677242487,12,0,0.257184113371754,13,0,0.262695180204156,14,0,0.260671367607026,15,0,0.257184113371754,16,0,0.261082056104771,17,0,0.262695180204156,18,0,0.25975284864095,19,0,0.261082056104771,20,0,0.262695180204156,21,0,0.25975284864095,22,0,0.260197677242487,23,0,0.269368182495887,24,0,0.255045741012072,25,0,0.260197677242487,26,0,0.265832303044405,27,0,0.260671367607026,28,0,0.261525208336614,29,0,0.263809756157738,30
"GSM1437912",NA,0,0.282326596266512,1,0,0.277727468701621,2,0,0.280082318814677,3,0,0.286541742171804,4,0,0.308559805944071,5,0,0.270127774967998,6,0,0.272739890797455,7,0,0.272739890797455,8,0,0.292168299103533,9,0,0.282326596266512,10,0,0.286541742171804,11,0,0.2752972486241,12,0,0.258655976027957,13,0,0.288508083407843,14,0,0.277727468701621,15,0,0.258655976027957,16,0,0.280082318814677,17,0,0.288508083407843,18,0,0.272739890797455,19,0,0.280082318814677,20,0,0.288508083407843,21,0,0.272739890797455,22,0,0.2752972486241,23,0,0.31073912112489,24,0,0.24886037316534,25,0,0.2752972486241,26,0,0.302249381736023,27,0,0.277727468701621,28,0,0.282326596266512,29,0,0.293858744274293,30
"GSM1437917",NA,0,0.0620939892795992,1,0,0.0599724921178266,2,0,0.0610066829361312,3,0,0.064295812864698,4,0,0.0875334614824912,5,0,0.0569245036754594,6,0,0.0579195702404976,7,0,0.0579195702404976,8,0,0.0677877565071875,9,0,0.0620939892795992,10,0,0.064295812864698,11,0,0.0589288670823645,12,0,0.053134897508757,13,0,0.0654130136492048,14,0,0.0599724921178266,15,0,0.053134897508757,16,0,0.0610066829361312,17,0,0.0654130136492048,18,0,0.0579195702404976,19,0,0.0610066829361312,20,0,0.0654130136492048,21,0,0.0579195702404976,22,0,0.0589288670823645,23,0,0.0945181398746182,24,0,0.0501903745488191,25,0,0.0589288670823645,26,0,0.076850078821788,27,0,0.0599724921178266,28,0,0.0620939892795992,29,0,0.0689853714118869,30
"GSM1437920",NA,0,0.227005693082945,1,0,0.219687740081468,2,0,0.223402682820444,3,0,0.23400887924325,4,0,0.278948343227768,5,0,0.208179646049905,6,0,0.212083396993246,7,0,0.212083396993246,8,0,0.243861245199979,9,0,0.227005693082945,10,0,0.23400887924325,11,0,0.215931531291399,12,0,0.191930803164426,13,0,0.237401693221547,14,0,0.219687740081468,15,0,0.191930803164426,16,0,0.223402682820444,17,0,0.237401693221547,18,0,0.212083396993246,19,0,0.223402682820444,20,0,0.237401693221547,21,0,0.212083396993246,22,0,0.215931531291399,23,0,0.285658848614668,24,0,0.179489371705944,25,0,0.215931531291399,26,0,0.263696178796661,27,0,0.219687740081468,28,0,0.227005693082945,29,0,0.246983457836628,30
"GSM1437921",NA,1,0.598135503470511,1,1,0.603605699717789,2,1,0.600997247260527,3,1,0.592444466632575,4,1,0.536268613212737,5,1,0.611542215370021,6,1,0.608863472931451,7,1,0.608863472931451,8,1,0.583482437608717,9,1,0.598135503470511,10,1,0.592444466632575,11,1,0.606381539365996,12,1,0.621093276417941,13,1,0.589569912791121,14,1,0.603605699717789,15,1,0.621093276417941,16,1,0.600997247260527,17,1,0.589569912791121,18,1,0.608863472931451,19,1,0.600997247260527,20,1,0.589569912791121,21,1,0.608863472931451,22,1,0.606381539365996,23,1,0.521247204240364,24,1,0.628020467362091,25,1,0.606381539365996,26,1,0.560989887281482,27,1,0.603605699717789,28,1,0.598135503470511,29,1,0.580421638404775,30
"GSM1437922",NA,0,0.220873544393316,1,0,0.219662288980698,2,0,0.220247085380638,3,0,0.222083551773372,4,0,0.233007929510093,5,0,0.217772765908344,6,0,0.218440838111025,7,0,0.218440838111025,8,0,0.223905967228222,9,0,0.220873544393316,10,0,0.222083551773372,11,0,0.219019255156497,12,0,0.215187556060167,13,0,0.222683038201031,14,0,0.219662288980698,15,0,0.215187556060167,16,0,0.220247085380638,17,0,0.222683038201031,18,0,0.218440838111025,19,0,0.220247085380638,20,0,0.222683038201031,21,0,0.218440838111025,22,0,0.219019255156497,23,0,0.235926967938726,24,0,0.21330325410645,25,0,0.219019255156497,26,0,0.228269924435401,27,0,0.219662288980698,28,0,0.220873544393316,29,0,0.224519435382615,30
"GSM1437923",NA,0,0.213174521779307,1,0,0.213803052804737,2,0,0.213456283353528,3,0,0.212708889062627,4,0,0.215343453053485,5,0,0.215020670713035,6,0,0.214589612204425,7,0,0.214589612204425,8,0,0.212321912932234,9,0,0.213174521779307,10,0,0.212708889062627,11,0,0.214160937680132,12,0,0.217178738028089,13,0,0.212531411242021,14,0,0.213803052804737,15,0,0.217178738028089,16,0,0.213456283353528,17,0,0.212531411242021,18,0,0.214589612204425,19,0,0.213456283353528,20,0,0.212531411242021,21,0,0.214589612204425,22,0,0.214160937680132,23,0,0.21760837100612,24,0,0.219277850452087,25,0,0.214160937680132,26,0,0.212842183831729,27,0,0.213803052804737,28,0,0.213174521779307,29,0,0.212273501212589,30
"GSM1437925",NA,0,0.244431464878319,1,0,0.243415617758676,2,0,0.243903802146825,3,0,0.24548478116704,4,0,0.255545311886232,5,0,0.241928861812513,6,0,0.242435819105815,7,0,0.242435819105815,8,0,0.247130055301932,9,0,0.244431464878319,10,0,0.24548478116704,11,0,0.242899104039579,12,0,0.2400890515048,13,0,0.246019670569624,14,0,0.243415617758676,15,0,0.2400890515048,16,0,0.243903802146825,17,0,0.246019670569624,18,0,0.242435819105815,19,0,0.243903802146825,20,0,0.246019670569624,21,0,0.242435819105815,22,0,0.242899104039579,23,0,0.258079642310405,24,0,0.238805649922785,25,0,0.242899104039579,26,0,0.251207118258288,27,0,0.243415617758676,28,0,0.244431464878319,29,0,0.247694413194137,30
"GSM1437930",NA,0,0.167089449040323,1,0,0.163898369496334,2,0,0.165486309320914,3,0,0.17019650284151,4,0,0.194687671896058,5,0,0.15889510473145,6,0,0.160609695491896,7,0,0.160609695491896,8,0,0.174726907358554,9,0,0.167089449040323,10,0,0.17019650284151,11,0,0.162242386312621,12,0,0.151853410648108,13,0,0.171712798477205,14,0,0.163898369496334,15,0,0.151853410648108,16,0,0.165486309320914,17,0,0.171712798477205,18,0,0.160609695491896,19,0,0.165486309320914,20,0,0.171712798477205,21,0,0.160609695491896,22,0,0.162242386312621,23,0,0.20032742827834,24,0,0.146236880851573,25,0,0.162242386312621,26,0,0.184834895186819,27,0,0.163898369496334,28,0,0.167089449040323,29,0,0.176203167197908,30
"GSM1437935",NA,0,0.33437462702234,1,0,0.333340764161732,2,0,0.333923676017743,3,0,0.335205927200127,4,0,0.335750710858944,5,0,0.33149614673339,6,0,0.332096929077983,7,0,0.332096929077983,8,0,0.336112083338129,9,0,0.33437462702234,10,0,0.335205927200127,11,0,0.332812709252078,12,0,0.328209838434622,13,0,0.335559313073273,14,0,0.333340764161732,15,0,0.328209838434622,16,0,0.333923676017743,17,0,0.335559313073273,18,0,0.332096929077983,19,0,0.333923676017743,20,0,0.335559313073273,21,0,0.332096929077983,22,0,0.332812709252078,23,0,0.334440311997477,24,0,0.324779906578158,25,0,0.332812709252078,26,0,0.336828845697848,27,0,0.333340764161732,28,0,0.33437462702234,29,0,0.336320277298682,30
"GSM1437939",NA,0,0.339399834410757,1,0,0.336382393139965,2,0,0.337994893369719,3,0,0.342133988862876,4,0,0.354044209982746,5,0,0.331476253944316,6,0,0.33309499305789,7,0,0.33309499305789,8,0,0.34569614161451,9,0,0.339399834410757,10,0,0.342133988862876,11,0,0.334867883524958,12,0,0.32389147233275,13,0,0.3434222995878,14,0,0.336382393139965,15,0,0.32389147233275,16,0,0.337994893369719,17,0,0.3434222995878,18,0,0.33309499305789,19,0,0.337994893369719,20,0,0.3434222995878,21,0,0.33309499305789,22,0,0.334867883524958,23,0,0.35394869482763,24,0,0.31761711524356,25,0,0.334867883524958,26,0,0.351608348793238,27,0,0.336382393139965,28,0,0.339399834410757,29,0,0.346749753479178,30
"GSM1437943",NA,1,0.404580685411449,1,1,0.407476625833666,2,1,0.406075946955288,3,1,0.401763264839361,4,1,0.379734402176476,5,1,0.412129137874933,6,1,0.410465354614376,7,1,0.410465354614376,8,1,0.39766987152109,9,1,0.404580685411449,10,1,0.401763264839361,11,1,0.409048468295508,12,1,0.418644672734866,13,1,0.400401677299124,14,1,0.407476625833666,15,1,0.418644672734866,16,1,0.406075946955288,17,1,0.400401677299124,18,1,0.410465354614376,19,1,0.406075946955288,20,1,0.400401677299124,21,1,0.410465354614376,22,1,0.409048468295508,23,1,0.374568102158226,24,1,0.423490356729392,25,1,0.409048468295508,26,1,0.388620110478169,27,1,0.407476625833666,28,1,0.404580685411449,29,1,0.396337578813197,30
"GSM1437951",NA,1,0.616750075359732,1,1,0.620686000155258,2,1,0.618853810169384,3,1,0.612557500272682,4,1,0.565917476429723,5,1,0.626307473031371,6,1,0.624387744937794,7,1,0.624387744937794,8,1,0.605751982483303,9,1,0.616750075359732,10,1,0.612557500272682,11,1,0.622697575062296,12,1,0.632800377874145,13,1,0.610414781578082,14,1,0.620686000155258,15,1,0.632800377874145,16,1,0.618853810169384,17,1,0.610414781578082,18,1,0.624387744937794,19,1,0.618853810169384,20,1,0.610414781578082,21,1,0.624387744937794,22,1,0.622697575062296,23,1,0.551857685418467,24,1,0.637225437921739,25,1,0.622697575062296,26,1,0.587629496281663,27,1,0.620686000155258,28,1,0.616750075359732,29,1,0.603374439284121,30
"GSM1437952",NA,1,0.797926669456787,1,1,0.805398594821108,2,1,0.801753305300404,3,1,0.790262164199944,4,1,0.714647932529521,5,1,0.816426760085326,6,1,0.812706201379968,7,1,0.812706201379968,8,1,0.778358453746014,9,1,0.797926669456787,10,1,0.790262164199944,11,1,0.809164921658573,12,1,0.830571886963215,13,1,0.786381973790178,14,1,0.805398594821108,15,1,0.830571886963215,16,1,0.801753305300404,17,1,0.786381973790178,18,1,0.812706201379968,19,1,0.801753305300404,20,1,0.786381973790178,21,1,0.812706201379968,22,1,0.809164921658573,23,1,0.693256276899589,24,1,0.840572406009217,25,1,0.809164921658573,26,1,0.748465846445208,27,1,0.805398594821108,28,1,0.797926669456787,29,1,0.77428054753371,30
"GSM1437956",NA,0,0.386268219828496,1,0,0.385967113981198,2,0,0.386184786688594,3,0,0.386375367406122,4,0,0.379731066052407,5,0,0.385248734730956,6,0,0.385479061911279,7,0,0.385479061911279,8,0,0.386172714919508,9,0,0.386268219828496,10,0,0.386375367406122,11,0,0.385807987567198,12,0,0.38358049014123,13,0,0.386372961685876,14,0,0.385967113981198,15,0,0.38358049014123,16,0,0.386184786688594,17,0,0.386372961685876,18,0,0.385479061911279,19,0,0.386184786688594,20,0,0.386372961685876,21,0,0.385479061911279,22,0,0.385807987567198,23,0,0.376280490691961,24,0,0.381789525944071,25,0,0.385807987567198,26,0,0.384093477779947,27,0,0.385967113981198,28,0,0.386268219828496,29,0,0.386012458474233,30
"GSM1437960",NA,1,0.628334260168433,1,1,0.635968368087499,2,1,0.632251063911254,3,1,0.620561761780117,4,1,0.550308982979322,5,1,0.647246276688342,6,1,0.643465522373056,7,1,0.643465522373056,8,1,0.608634050499961,9,1,0.628334260168433,10,1,0.620561761780117,11,1,0.6398260701249,12,1,0.661495718546836,13,1,0.616675316246245,14,1,0.635968368087499,15,1,0.661495718546836,16,1,0.632251063911254,17,1,0.616675316246245,18,1,0.643465522373056,19,1,0.632251063911254,20,1,0.616675316246245,21,1,0.643465522373056,22,1,0.6398260701249,23,1,0.532951779774494,24,1,0.672072554996025,25,1,0.6398260701249,26,1,0.580000574076124,27,1,0.635968368087499,28,1,0.628334260168433,29,1,0.604632597303321,30
"GSM1437961",NA,0,0.154824685018584,1,0,0.150228225007465,2,0,0.152533330884841,3,0,0.159314356847316,4,0,0.193418604739906,5,0,0.143152732864527,6,0,0.145526415364538,7,0,0.145526415364538,8,0,0.165858958006707,9,0,0.154824685018584,10,0,0.159314356847316,11,0,0.147891230980849,12,0,0.133433211654658,13,0,0.161510128119154,14,0,0.150228225007465,15,0,0.133433211654658,16,0,0.152533330884841,17,0,0.161510128119154,18,0,0.145526415364538,19,0,0.152533330884841,20,0,0.161510128119154,21,0,0.145526415364538,22,0,0.147891230980849,23,0,0.200554238147455,24,0,0.125760879538037,25,0,0.147891230980849,26,0,0.180205711328623,27,0,0.150228225007465,28,0,0.154824685018584,29,0,0.167977803122294,30
"GSM1437965",NA,0,0.0234680201182172,1,0,0.0218964698426663,2,0,0.0226618519299417,3,0,0.0251392716794631,4,0,0.0446461646922637,5,0,0.0197081638643544,6,0,0.0204156877049591,7,0,0.0204156877049591,8,0,0.0278598427392843,9,0,0.0234680201182172,10,0,0.0251392716794631,11,0,0.0211397928558932,12,0,0.017099610612739,13,0,0.026006687637435,14,0,0.0218964698426663,15,0,0.017099610612739,16,0,0.0226618519299417,17,0,0.026006687637435,18,0,0.0204156877049591,19,0,0.0226618519299417,20,0,0.026006687637435,21,0,0.0204156877049591,22,0,0.0211397928558932,23,0,0.0510351113259996,24,0,0.015257954675056,25,0,0.0211397928558932,26,0,0.0353018795527818,27,0,0.0218964698426663,28,0,0.0234680201182172,29,0,0.0288179914147501,30
"GSM1437967",NA,1,0.412210054443981,1,1,0.416521125669772,2,1,0.4143679413323,3,1,0.408085368860432,4,1,0.378329548261497,5,1,0.423399522712191,6,1,0.421039812899039,7,1,0.421039812899039,8,1,0.402194592940321,9,1,0.412210054443981,10,1,0.408085368860432,11,1,0.418778984005932,12,1,0.433301574828041,13,1,0.406106426031811,14,1,0.416521125669772,15,1,0.433301574828041,16,1,0.4143679413323,17,1,0.406106426031811,18,1,0.421039812899039,19,1,0.4143679413323,20,1,0.406106426031811,21,1,0.421039812899039,22,1,0.418778984005932,23,1,0.3721631502016,24,1,0.441487222227296,25,1,0.418778984005932,26,1,0.389677411391659,27,1,0.416521125669772,28,1,0.412210054443981,29,1,0.400321224648648,30
"GSM1437974",NA,0,0.139619437871334,1,0,0.136283665770871,2,0,0.137932832036252,3,0,0.142939889011658,4,0,0.171258548599619,5,0,0.131226738614088,6,0,0.132923485432697,7,0,0.132923485432697,8,0,0.147920317296855,9,0,0.139619437871334,10,0,0.142939889011658,11,0,0.134589792832733,12,0,0.124449275679086,13,0,0.144579537846096,14,0,0.136283665770871,15,0,0.124449275679086,16,0,0.137932832036252,17,0,0.144579537846096,18,0,0.132923485432697,19,0,0.137932832036252,20,0,0.144579537846096,21,0,0.132923485432697,22,0,0.134589792832733,23,0,0.178098976921757,24,0,0.119098062070362,25,0,0.134589792832733,26,0,0.159513532046116,27,0,0.136283665770871,28,0,0.139619437871334,29,0,0.149564193006774,30
"GSM1437981",NA,0,0.259779215936538,1,0,0.257087640805498,2,0,0.258440368474793,3,0,0.262245486371464,4,0,0.276165061837306,5,0,0.252527798417349,6,0,0.254153671513494,7,0,0.254153671513494,8,0,0.26554819974908,9,0,0.259779215936538,10,0,0.262245486371464,11,0,0.255612832805219,12,0,0.245518826895305,13,0,0.263393867169029,14,0,0.257087640805498,15,0,0.245518826895305,16,0,0.258440368474793,17,0,0.263393867169029,18,0,0.254153671513494,19,0,0.258440368474793,20,0,0.263393867169029,21,0,0.254153671513494,22,0,0.255612832805219,23,0,0.27818867418299,24,0,0.239740925319748,25,0,0.255612832805219,26,0,0.271677335398088,27,0,0.257087640805498,28,0,0.259779215936538,29,0,0.266556358646691,30
"GSM1437984",NA,0,0.186060062400864,1,0,0.183122588722563,2,0,0.184609777102605,3,0,0.18890926244309,4,0,0.21090547717351,5,0,0.178529567665253,6,0,0.18008754219954,7,0,0.18008754219954,8,0,0.193033287540294,9,0,0.186060062400864,10,0,0.18890926244309,11,0,0.18162288963769,12,0,0.171961919304746,13,0,0.190309431191127,14,0,0.183122588722563,15,0,0.171961919304746,16,0,0.184609777102605,17,0,0.190309431191127,18,0,0.18008754219954,19,0,0.184609777102605,20,0,0.190309431191127,21,0,0.18008754219954,22,0,0.18162288963769,23,0,0.215830118819348,24,0,0.166805637259561,25,0,0.18162288963769,26,0,0.202164669528621,27,0,0.183122588722563,28,0,0.186060062400864,29,0,0.194381044345787,30
"GSM1437986",NA,1,0.490464229755295,1,1,0.492620329551827,2,1,0.491622779433055,3,1,0.488079081261197,4,1,0.45894306961784,5,1,0.4954769330054,6,1,0.494558405410709,7,1,0.494558405410709,8,1,0.484043488547346,9,1,0.490464229755295,10,1,0.488079081261197,11,1,0.493665721206961,12,1,0.498353446443887,13,1,0.486835293982772,14,1,0.492620329551827,15,1,0.498353446443887,16,1,0.491622779433055,17,1,0.486835293982772,18,1,0.494558405410709,19,1,0.491622779433055,20,1,0.486835293982772,21,1,0.494558405410709,22,1,0.493665721206961,23,1,0.450000473587785,24,1,0.500415953543914,25,1,0.493665721206961,26,1,0.472767462680226,27,1,0.492620329551827,28,1,0.490464229755295,29,1,0.482611292725898,30
"GSM1437991",NA,1,0.393744501910451,1,1,0.399414253931581,2,1,0.396499211855496,3,1,0.388336974284726,4,1,0.351868059631058,5,1,0.408279668941883,6,1,0.405343787717709,7,1,0.405343787717709,8,1,0.380693091537684,9,1,0.393744501910451,10,1,0.388336974284726,11,1,0.402265786809963,12,1,0.421039508913771,13,1,0.385719142332519,14,1,0.399414253931581,15,1,0.421039508913771,16,1,0.396499211855496,17,1,0.385719142332519,18,1,0.405343787717709,19,1,0.396499211855496,20,1,0.385719142332519,21,1,0.405343787717709,22,1,0.402265786809963,23,1,0.345446715637106,24,1,0.431449223157873,25,1,0.402265786809963,26,1,0.364922956483809,27,1,0.399414253931581,28,1,0.393744501910451,29,1,0.378275082731458,30
"GSM1437995",NA,0,0.0609858825461679,1,0,0.0596811333696745,2,0,0.0602961957168934,3,0,0.0624055513034414,4,0,0.0803962241277668,5,0,0.0578922515673406,6,0,0.0584775781940668,7,0,0.0584775781940668,8,0,0.0647836090927853,9,0,0.0609858825461679,10,0,0.0624055513034414,11,0,0.0590436907731873,12,0,0.0558726495571021,13,0,0.0631457688745087,14,0,0.0596811333696745,15,0,0.0558726495571021,16,0,0.0602961957168934,17,0,0.0631457688745087,18,0,0.0584775781940668,19,0,0.0602961957168934,20,0,0.0631457688745087,21,0,0.0584775781940668,22,0,0.0590436907731873,23,0,0.0865356267033784,24,0,0.0544170456248415,25,0,0.0590436907731873,26,0,0.0715508523751986,27,0,0.0596811333696745,28,0,0.0609858825461679,29,0,0.0656325872253817,30
"GSM1437996",NA,0,0.18554815392072,1,0,0.183594693879158,2,0,0.184544082377206,3,0,0.187561126695341,4,0,0.206969354708149,5,0,0.180766200824776,6,0,0.181694938104075,7,0,0.181694938104075,8,0,0.190712528068897,9,0,0.18554815392072,10,0,0.187561126695341,11,0,0.182624457051278,12,0,0.177254703568979,13,0,0.188573266620425,14,0,0.183594693879158,15,0,0.177254703568979,16,0,0.184544082377206,17,0,0.188573266620425,18,0,0.181694938104075,19,0,0.184544082377206,20,0,0.188573266620425,21,0,0.181694938104075,22,0,0.182624457051278,23,0,0.212001604535019,24,0,0.174501761948333,25,0,0.182624457051278,26,0,0.198540167051896,27,0,0.183594693879158,28,0,0.18554815392072,29,0,0.191777081897329,30
"GSM1438001",NA,0,0.454002885299457,1,0,0.45477593915553,2,0,0.454473556509171,3,0,0.452978928570057,4,0,0.434470153879116,5,0,0.455544902507163,6,0,0.455309139909313,7,0,0.455309139909313,8,0,0.450953878347349,9,0,0.454002885299457,10,0,0.452978928570057,11,0,0.455132140057248,12,0,0.455608961688519,13,0,0.452402495798073,14,0,0.45477593915553,15,0,0.455608961688519,16,0,0.454473556509171,17,0,0.452402495798073,18,0,0.455309139909313,19,0,0.454473556509171,20,0,0.452402495798073,21,0,0.455309139909313,22,0,0.455132140057248,23,0,0.427733904608191,24,0,0.455262149788877,25,0,0.455132140057248,26,0,0.444157409419823,27,0,0.45477593915553,28,0,0.454002885299457,29,0,0.450171989722268,30
"GSM1438007",NA,0,0.216276659180511,1,0,0.214847108478982,2,0,0.215538015338078,3,0,0.217642282202687,4,0,0.228532389273441,5,0,0.212495916355966,6,0,0.213333916499316,7,0,0.213333916499316,8,0,0.219611277774137,9,0,0.216276659180511,10,0,0.217642282202687,11,0,0.214061460805759,12,0,0.209061120492927,13,0,0.218288752884821,14,0,0.214847108478982,15,0,0.209061120492927,16,0,0.215538015338078,17,0,0.218288752884821,18,0,0.213333916499316,19,0,0.215538015338078,20,0,0.218288752884821,21,0,0.213333916499316,22,0,0.214061460805759,23,0,0.231348607213923,24,0,0.206021835934169,25,0,0.214061460805759,26,0,0.22398456993309,27,0,0.214847108478982,28,0,0.216276659180511,29,0,0.220241819296851,30
"GSM1438008",NA,0,0.286034979677631,1,0,0.285276257552937,2,0,0.285646064546803,3,0,0.286706916593676,4,0,0.290004680518744,5,0,0.283943352284214,6,0,0.284417724074415,7,0,0.284417724074415,8,0,0.287585919805771,9,0,0.286034979677631,10,0,0.286706916593676,11,0,0.284842598163844,12,0,0.281860938719237,13,0,0.286997867217548,14,0,0.285276257552937,15,0,0.281860938719237,16,0,0.285646064546803,17,0,0.286997867217548,18,0,0.284417724074415,19,0,0.285646064546803,20,0,0.286997867217548,21,0,0.284417724074415,22,0,0.284842598163844,23,0,0.29037573379988,24,0,0.279714202613561,25,0,0.284842598163844,26,0,0.289067100295097,27,0,0.285276257552937,28,0,0.286034979677631,29,0,0.287831522296049,30
"GSM1438009",NA,0,0.25112905361563,1,0,0.249091953974719,2,0,0.25011534832215,3,0,0.253083620559087,4,0,0.266675627369825,5,0,0.245860503539367,6,0,0.246970215198893,7,0,0.246970215198893,8,0,0.255863101572467,9,0,0.25112905361563,10,0,0.253083620559087,11,0,0.248031817815061,12,0,0.241243195504949,13,0,0.254029149896467,14,0,0.249091953974719,15,0,0.241243195504949,16,0,0.25011534832215,17,0,0.254029149896467,18,0,0.246970215198893,19,0,0.25011534832215,20,0,0.254029149896467,21,0,0.246970215198893,22,0,0.248031817815061,23,0,0.269202044375959,24,0,0.237634261173659,25,0,0.248031817815061,26,0,0.261680464555662,27,0,0.249091953974719,28,0,0.25112905361563,29,0,0.25675146068628,30
"GSM1438010",NA,0,0.166172221304162,1,0,0.164716409823125,2,0,0.165422197215016,3,0,0.167718972215015,4,0,0.184934953036479,5,0,0.162709355211803,6,0,0.163342390686421,7,0,0.163342390686421,8,0,0.170240573693046,9,0,0.166172221304162,10,0,0.167718972215015,11,0,0.164021020155295,12,0,0.160351651937083,13,0,0.168513168521908,14,0,0.164716409823125,15,0,0.160351651937083,16,0,0.165422197215016,17,0,0.168513168521908,18,0,0.163342390686421,19,0,0.165422197215016,20,0,0.168513168521908,21,0,0.163342390686421,22,0,0.164021020155295,23,0,0.190002252125981,24,0,0.158486399832593,25,0,0.164021020155295,26,0,0.176981785991035,27,0,0.164716409823125,28,0,0.166172221304162,29,0,0.171114452021883,30
"GSM1438014",NA,1,0.497544447886022,1,1,0.497682271996844,2,1,0.497691249421236,3,1,0.497112413971177,4,1,0.480160376693272,5,1,0.497413204118263,6,1,0.497550993977891,7,1,0.497550993977891,8,1,0.495855742622399,9,1,0.497544447886022,10,1,0.497112413971177,11,1,0.497687645476231,12,1,0.496098697844907,13,1,0.496811181743026,14,1,0.497682271996844,15,1,0.496098697844907,16,1,0.497691249421236,17,1,0.496811181743026,18,1,0.497550993977891,19,1,0.497691249421236,20,1,0.496811181743026,21,1,0.497550993977891,22,1,0.497687645476231,23,1,0.472602370898489,24,1,0.494782525288214,25,1,0.497687645476231,26,1,0.490109254980422,27,1,0.497682271996844,28,1,0.497544447886022,29,1,0.495297490492766,30
"GSM1438019",NA,0,0.304414682612042,1,0,0.306576879839148,2,0,0.305442550114138,3,0,0.302380821290403,4,0,0.290445466272448,5,0,0.309955274958634,6,0,0.308854340681866,7,0,0.308854340681866,8,0,0.299580827409953,9,0,0.304414682612042,10,0,0.302380821290403,11,0,0.307646200044349,12,0,0.314842983061415,13,0,0.301399675063605,14,0,0.306576879839148,15,0,0.314842983061415,16,0,0.305442550114138,17,0,0.301399675063605,18,0,0.308854340681866,19,0,0.305442550114138,20,0,0.301399675063605,21,0,0.308854340681866,22,0,0.307646200044349,23,0,0.288958178689804,24,0,0.318877761468578,25,0,0.307646200044349,26,0,0.294194101885643,27,0,0.306576879839148,28,0,0.304414682612042,29,0,0.298713104291007,30
"GSM1438023",NA,0,0.337383463702635,1,0,0.334673438056583,2,0,0.336098747701179,3,0,0.339872322549263,4,0,0.35129474810305,5,0,0.330275792069646,6,0,0.331757765064186,7,0,0.331757765064186,8,0,0.343160438075576,9,0,0.337383463702635,10,0,0.339872322549263,11,0,0.333290787924528,12,0,0.323628502897985,13,0,0.341054840265622,14,0,0.334673438056583,15,0,0.323628502897985,16,0,0.336098747701179,17,0,0.341054840265622,18,0,0.331757765064186,19,0,0.336098747701179,20,0,0.341054840265622,21,0,0.331757765064186,22,0,0.333290787924528,23,0,0.351339989861616,24,0,0.318487244927134,25,0,0.333290787924528,26,0,0.348779298665451,27,0,0.334673438056583,28,0,0.337383463702635,29,0,0.344152242804168,30
"GSM1438025",NA,1,0.551726632624854,1,1,0.557159209093726,2,1,0.554520978748656,3,1,0.546254929464315,4,1,0.497151753463316,5,1,0.565402773116726,6,1,0.562573352103337,7,1,0.562573352103337,8,1,0.537945170181932,9,1,0.551726632624854,10,1,0.546254929464315,11,1,0.559967295806369,12,1,0.576266117004552,13,1,0.543534765828782,14,1,0.557159209093726,15,1,0.576266117004552,16,1,0.554520978748656,17,1,0.543534765828782,18,1,0.562573352103337,19,1,0.554520978748656,20,1,0.543534765828782,21,1,0.562573352103337,22,1,0.559967295806369,23,1,0.484626651984769,24,1,0.584597544630817,25,1,0.559967295806369,26,1,0.51809150422568,27,1,0.557159209093726,28,1,0.551726632624854,29,1,0.535159882477152,30
"GSM1438029",NA,0,0.258166252490573,1,0,0.253819431701833,2,0,0.256031994346559,3,0,0.262307778561165,4,0,0.288693041532458,5,0,0.246975409676668,6,0,0.249277028056196,7,0,0.249277028056196,8,0,0.268125985580153,9,0,0.258166252490573,10,0,0.262307778561165,11,0,0.251596497035156,12,0,0.237232780421672,13,0,0.264302835461265,14,0,0.253819431701833,15,0,0.237232780421672,16,0,0.256031994346559,17,0,0.264302835461265,18,0,0.249277028056196,19,0,0.256031994346559,20,0,0.264302835461265,21,0,0.249277028056196,22,0,0.251596497035156,23,0,0.292564230606774,24,0,0.22929255868744,25,0,0.251596497035156,26,0,0.279792018173556,27,0,0.253819431701833,28,0,0.258166252490573,29,0,0.269954216926076,30
"GSM1438033",NA,0,0.364284168346821,1,0,0.364631889327806,2,0,0.364528802794442,3,0,0.363727224797085,4,0,0.353075260773343,5,0,0.364759213368097,6,0,0.364756614378636,7,0,0.364756614378636,8,0,0.362520381263421,9,0,0.364284168346821,10,0,0.363727224797085,11,0,0.364766842550884,12,0,0.363852111967309,13,0,0.363404306971999,14,0,0.364631889327806,15,0,0.363852111967309,16,0,0.364528802794442,17,0,0.363404306971999,18,0,0.364756614378636,19,0,0.364528802794442,20,0,0.363404306971999,21,0,0.364756614378636,22,0,0.364766842550884,23,0,0.349574772396171,24,0,0.362754733268521,25,0,0.364766842550884,26,0,0.358459587566428,27,0,0.364631889327806,28,0,0.364284168346821,29,0,0.36205629158825,30
"GSM1438034",NA,0,0.314588686397241,1,0,0.312704561043686,2,0,0.313708343506795,3,0,0.316270166546023,4,0,0.323455855099683,5,0,0.309579955626679,6,0,0.310614262947844,7,0,0.310614262947844,8,0,0.318437474001294,9,0,0.314588686397241,10,0,0.316270166546023,11,0,0.311744695447072,12,0,0.304622888990224,13,0,0.317047344444017,14,0,0.312704561043686,15,0,0.304622888990224,16,0,0.313708343506795,17,0,0.317047344444017,18,0,0.310614262947844,19,0,0.313708343506795,20,0,0.317047344444017,21,0,0.310614262947844,22,0,0.311744695447072,23,0,0.323473829704164,24,0,0.300018057829001,25,0,0.311744695447072,26,0,0.321970171818589,27,0,0.312704561043686,28,0,0.314588686397241,29,0,0.319063759097391,30
"GSM1438035",NA,0,0.502522154849587,1,0,0.502662778226378,2,0,0.502727645037847,3,0,0.501983906022122,4,0,0.482197477844915,5,0,0.502253672837323,6,0,0.502416455523799,7,0,0.502416455523799,8,0,0.50040999586953,9,0,0.502522154849587,10,0,0.501983906022122,11,0,0.502688546348367,12,0,0.500130369611617,13,0,0.501614233174408,14,0,0.502662778226378,15,0,0.500130369611617,16,0,0.502727645037847,17,0,0.501614233174408,18,0,0.502416455523799,19,0,0.502727645037847,20,0,0.501614233174408,21,0,0.502416455523799,22,0,0.502688546348367,23,0,0.473878649163754,24,0,0.497838377172887,25,0,0.502688546348367,26,0,0.493525525307354,27,0,0.502662778226378,28,0,0.502522154849587,29,0,0.499721083534639,30
"GSM1438038",NA,0,0.140894158614108,1,0,0.136216711861073,2,0,0.13856513522507,3,0,0.145478369258634,4,0,0.180932826363202,5,0,0.129022729204651,6,0,0.13144837455898,7,0,0.13144837455898,8,0,0.152178039523575,9,0,0.140894158614108,10,0,0.145478369258634,11,0,0.133839624938275,12,0,0.119128433972406,13,0,0.14773466459292,14,0,0.136216711861073,15,0,0.119128433972406,16,0,0.13856513522507,17,0,0.14773466459292,18,0,0.13144837455898,19,0,0.13856513522507,20,0,0.14773466459292,21,0,0.13144837455898,22,0,0.133839624938275,23,0,0.188547323691397,24,0,0.111652633527192,25,0,0.133839624938275,26,0,0.16702375095795,27,0,0.136216711861073,28,0,0.140894158614108,29,0,0.154366130135821,30
"GSM1438039",NA,0,0.19601658258323,1,0,0.190020178220287,2,0,0.193056422507178,3,0,0.201821715752761,4,0,0.242222222234852,5,0,0.180692622734489,6,0,0.183849736818439,7,0,0.183849736818439,8,0,0.210125498876227,9,0,0.19601658258323,10,0,0.201821715752761,11,0,0.186962576345788,12,0,0.167655260181901,13,0,0.204663369796068,14,0,0.190020178220287,15,0,0.167655260181901,16,0,0.193056422507178,17,0,0.204663369796068,18,0,0.183849736818439,19,0,0.193056422507178,20,0,0.204663369796068,21,0,0.183849736818439,22,0,0.186962576345788,23,0,0.249331894884934,24,0,0.15788583082248,25,0,0.186962576345788,26,0,0.227581946915192,27,0,0.190020178220287,28,0,0.19601658258323,29,0,0.212801806190557,30
"GSM1438041",NA,1,0.312775436436944,1,1,0.317562627590998,2,1,0.315111034854124,3,1,0.308346135675932,4,1,0.28365198925651,5,1,0.32543268419561,6,1,0.322712469394366,7,1,0.322712469394366,8,1,0.302366915551884,9,1,0.312775436436944,10,1,0.308346135675932,11,1,0.320085000130902,12,1,0.337297248696675,13,1,0.306251452714389,14,1,0.317562627590998,15,1,0.337297248696675,16,1,0.315111034854124,17,1,0.306251452714389,18,1,0.322712469394366,19,1,0.315111034854124,20,1,0.306251452714389,21,1,0.322712469394366,22,1,0.320085000130902,23,1,0.280679777905925,24,1,0.34697377087326,25,1,0.320085000130902,26,1,0.291240741709459,27,1,0.317562627590998,28,1,0.312775436436944,29,1,0.300531520904132,30
"GSM1438042",NA,1,0.295730030612853,1,1,0.299402200694784,2,1,0.297513777150868,3,1,0.292326754362104,4,1,0.273734862942076,5,1,0.305425665469209,6,1,0.303339346494406,7,1,0.303339346494406,8,1,0.287745267226668,9,1,0.295730030612853,10,1,0.292326754362104,11,1,0.301330351564658,12,1,0.314501025075018,13,1,0.290707247043647,14,1,0.299402200694784,15,1,0.314501025075018,16,1,0.297513777150868,17,1,0.290707247043647,18,1,0.303339346494406,19,1,0.297513777150868,20,1,0.290707247043647,21,1,0.303339346494406,22,1,0.301330351564658,23,1,0.271727204912285,24,1,0.32151797105304,25,1,0.301330351564658,26,1,0.2792856943987,27,1,0.299402200694784,28,1,0.295730030612853,29,1,0.286331216205113,30
"GSM1438043",NA,0,0.319990289804381,1,0,0.319299022221816,2,0,0.319708786194843,3,0,0.320650788682081,4,0,0.323894140003832,5,0,0.318376223885575,6,0,0.318594595498399,7,0,0.318594595498399,8,0,0.32157058565645,9,0,0.319990289804381,10,0,0.320650788682081,11,0,0.319041997465311,12,0,0.317077196823027,13,0,0.320986112330431,14,0,0.319299022221816,15,0,0.317077196823027,16,0,0.319708786194843,17,0,0.320986112330431,18,0,0.318594595498399,19,0,0.319708786194843,20,0,0.320986112330431,21,0,0.318594595498399,22,0,0.319041997465311,23,0,0.32367368136717,24,0,0.31615249682881,25,0,0.319041997465311,26,0,0.323272265320664,27,0,0.319299022221816,28,0,0.319990289804381,29,0,0.321851987956659,30
"GSM1438050",NA,1,0.507543019129604,1,1,0.51213398471442,2,1,0.509884541021696,3,1,0.502929669974551,4,1,0.461977929186431,5,1,0.519077421690034,6,1,0.516716377633541,7,1,0.516716377633541,8,1,0.495946310316977,9,1,0.507543019129604,10,1,0.502929669974551,11,1,0.514483015035447,12,1,0.528275088240189,13,1,0.500633150143882,14,1,0.51213398471442,15,1,0.528275088240189,16,1,0.509884541021696,17,1,0.500633150143882,18,1,0.516716377633541,19,1,0.509884541021696,20,1,0.500633150143882,21,1,0.516716377633541,22,1,0.514483015035447,23,1,0.451634553567994,24,1,0.535115904571986,25,1,0.514483015035447,26,1,0.479345198005059,27,1,0.51213398471442,28,1,0.507543019129604,29,1,0.493608646592773,30
"GSM1438051",NA,1,0.290126992646038,1,1,0.291142541289095,2,1,0.290633996705406,3,1,0.289265364708522,4,1,0.286331659056453,5,1,0.293012519688973,6,1,0.292330508035058,7,1,0.292330508035058,8,1,0.288222280723154,9,1,0.290126992646038,10,1,0.289265364708522,11,1,0.291735305579612,12,1,0.296130855047994,13,1,0.28889870318662,14,1,0.291142541289095,15,1,0.296130855047994,16,1,0.290633996705406,17,1,0.28889870318662,18,1,0.292330508035058,19,1,0.290633996705406,20,1,0.28889870318662,21,1,0.292330508035058,22,1,0.291735305579612,23,1,0.286346326890819,24,1,0.299261871919659,25,1,0.291735305579612,26,1,0.286790044579155,27,1,0.291142541289095,28,1,0.290126992646038,29,1,0.287944542991569,30
"GSM1438052",NA,1,0.117090235895435,1,1,0.11704075373277,2,1,0.117005434888061,3,1,0.117353125215024,4,1,0.128340383138695,5,1,0.117310001436596,6,1,0.117197119252292,7,1,0.117197119252292,8,1,0.118161858639736,9,1,0.117090235895435,10,1,0.117353125215024,11,1,0.117053908808689,12,1,0.118454453504093,13,1,0.117546661652955,14,1,0.11704075373277,15,1,0.118454453504093,16,1,0.117005434888061,17,1,0.117546661652955,18,1,0.117197119252292,19,1,0.117005434888061,20,1,0.117546661652955,21,1,0.117197119252292,22,1,0.117053908808689,23,1,0.133246803194494,24,1,0.119709479551363,25,1,0.117053908808689,26,1,0.121897804789618,27,1,0.11704075373277,28,1,0.117090235895435,29,1,0.118529143646126,30
"GSM1438057",NA,1,0.132584064737222,1,1,0.129459380445193,2,1,0.131007838152213,3,1,0.135729763850368,4,1,0.16369361007923,5,1,0.124786497392583,6,1,0.126350716039705,7,1,0.126350716039705,8,1,0.140497105208582,9,1,0.132584064737222,10,1,0.135729763850368,11,1,0.127889690482102,12,1,0.118613480437578,13,1,0.137305074708068,14,1,0.129459380445193,15,1,0.118613480437578,16,1,0.131007838152213,17,1,0.137305074708068,18,1,0.126350716039705,19,1,0.131007838152213,20,1,0.137305074708068,21,1,0.126350716039705,22,1,0.127889690482102,23,1,0.170697170505537,24,1,0.114031707595638,25,1,0.127889690482102,26,1,0.151861588633666,27,1,0.129459380445193,28,1,0.132584064737222,29,1,0.142097275037436,30
"GSM1438059",NA,1,0.210864065548867,1,1,0.210552365351774,2,1,0.210682992635606,3,1,0.211328000235418,4,1,0.220585474379531,5,1,0.210427657431059,6,1,0.210397161912664,7,1,0.210397161912664,8,1,0.212320434639784,9,1,0.210864065548867,10,1,0.211328000235418,11,1,0.210467429234565,12,1,0.210957236428507,13,1,0.211600689403806,14,1,0.210552365351774,15,1,0.210957236428507,16,1,0.210682992635606,17,1,0.211600689403806,18,1,0.210397161912664,19,1,0.210682992635606,20,1,0.211600689403806,21,1,0.210397161912664,22,1,0.210467429234565,23,1,0.223841449038511,24,1,0.21131571441533,25,1,0.210467429234565,26,1,0.215775910154651,27,1,0.210552365351774,28,1,0.210864065548867,29,1,0.212701526811247,30
"GSM1438071",NA,1,0.530286394861145,1,1,0.53828046096249,2,1,0.53432653486648,3,1,0.522442839552305,4,1,0.461515302353004,5,1,0.550640598955141,6,1,0.546434550288851,7,1,0.546434550288851,8,1,0.510935835682684,9,1,0.530286394861145,10,1,0.522442839552305,11,1,0.542408383764096,12,1,0.567485206931561,13,1,0.518612046791538,14,1,0.53828046096249,15,1,0.567485206931561,16,1,0.53432653486648,17,1,0.518612046791538,18,1,0.546434550288851,19,1,0.53432653486648,20,1,0.518612046791538,21,1,0.546434550288851,22,1,0.542408383764096,23,1,0.44842315547775,24,1,0.580887608795548,25,1,0.542408383764096,26,1,0.485442328518412,27,1,0.53828046096249,28,1,0.530286394861145,29,1,0.507196506992326,30
"GSM1438072",NA,1,0.585554569955118,1,1,0.591033872802697,2,1,0.588365322249748,3,1,0.579890965601854,4,1,0.52509456762823,5,1,0.598967266329792,6,1,0.596333041123667,7,1,0.596333041123667,8,1,0.571043614736176,9,1,0.585554569955118,10,1,0.579890965601854,11,1,0.593760179468061,12,1,0.608779375798492,13,1,0.577018885391802,14,1,0.591033872802697,15,1,0.608779375798492,16,1,0.588365322249748,17,1,0.577018885391802,18,1,0.596333041123667,19,1,0.588365322249748,20,1,0.577018885391802,21,1,0.596333041123667,22,1,0.593760179468061,23,1,0.510667896948127,24,1,0.615815767579975,25,1,0.593760179468061,26,1,0.549012670457065,27,1,0.591033872802697,28,1,0.585554569955118,29,1,0.568024050287593,30
"GSM1438073",NA,1,0.479979800558886,1,1,0.490605605361795,2,1,0.485238585967379,3,1,0.469924575882087,4,1,0.404121591186294,5,1,0.5076199105036,6,1,0.501819629870596,7,1,0.501819629870596,8,1,0.455841648918414,9,1,0.479979800558886,10,1,0.469924575882087,11,1,0.496141099589564,12,1,0.532254775916061,13,1,0.465126243807158,14,1,0.490605605361795,15,1,0.532254775916061,16,1,0.485238585967379,17,1,0.465126243807158,18,1,0.501819629870596,19,1,0.485238585967379,20,1,0.465126243807158,21,1,0.501819629870596,22,1,0.496141099589564,23,1,0.392672138068282,24,1,0.552752079885412,25,1,0.496141099589564,26,1,0.427388819029612,27,1,0.490605605361795,28,1,0.479979800558886,29,1,0.451433412519165,30
"GSM1438076",NA,0,0.420532332408397,1,0,0.422466816217322,2,0,0.421554007974595,3,0,0.41860635645614,4,0,0.400326057873288,5,0,0.425478873152415,6,0,0.424439809756811,7,0,0.424439809756811,8,0,0.415657588949951,9,0,0.420532332408397,10,0,0.41860635645614,11,0,0.423500172251047,12,0,0.429544262239634,13,0,0.417679877705607,14,0,0.422466816217322,15,0,0.429544262239634,16,0,0.421554007974595,17,0,0.417679877705607,18,0,0.424439809756811,19,0,0.421554007974595,20,0,0.417679877705607,21,0,0.424439809756811,22,0,0.423500172251047,23,0,0.395083542970009,24,0,0.433270955094748,25,0,0.423500172251047,26,0,0.408476092015189,27,0,0.422466816217322,28,0,0.420532332408397,29,0,0.414691159595859,30
"GSM1438081",NA,1,0.519412437066565,1,1,0.522997282020488,2,1,0.52123710841652,3,1,0.515683087120519,4,1,0.477660895481624,5,1,0.52808167951262,6,1,0.526448548023146,7,1,0.526448548023146,8,1,0.509774139540748,9,1,0.519412437066565,10,1,0.515683087120519,11,1,0.52473290772398,12,1,0.534330375433107,13,1,0.513784877590688,14,1,0.522997282020488,15,1,0.534330375433107,16,1,0.52123710841652,17,1,0.513784877590688,18,1,0.526448548023146,19,1,0.52123710841652,20,1,0.513784877590688,21,1,0.526448548023146,22,1,0.52473290772398,23,1,0.467125564954372,24,1,0.539037488595196,25,1,0.52473290772398,26,1,0.494659099944033,27,1,0.522997282020488,28,1,0.519412437066565,29,1,0.507752056240249,30
"GSM1438088",NA,0,0.378876799024394,1,0,0.376155234042615,2,0,0.37754963385827,3,0,0.381122812163322,4,0,0.383774362863448,5,0,0.37108181515665,6,0,0.372939671924099,7,0,0.372939671924099,8,0,0.383638048783228,9,0,0.378876799024394,10,0,0.381122812163322,11,0,0.374568047481575,12,0,0.362573766725598,13,0,0.382064165208206,14,0,0.376155234042615,15,0,0.362573766725598,16,0,0.37754963385827,17,0,0.382064165208206,18,0,0.372939671924099,19,0,0.37754963385827,20,0,0.382064165208206,21,0,0.372939671924099,22,0,0.374568047481575,23,0,0.38099918275327,24,0,0.354845524476852,25,0,0.374568047481575,26,0,0.385858986475025,27,0,0.376155234042615,28,0,0.378876799024394,29,0,0.384256242505003,30
"GSM1438091",NA,0,0.0963849749159726,1,0,0.092609289055554,2,0,0.0944840400830029,3,0,0.100209994598384,4,0,0.13461781614787,5,0,0.0870359174440914,6,0,0.0888830251095431,7,0,0.0888830251095431,8,0,0.106042861752817,9,0,0.0963849749159726,10,0,0.100209994598384,11,0,0.0907341517412691,12,0,0.0798040122612273,13,0,0.102135045432208,14,0,0.092609289055554,15,0,0.0798040122612273,16,0,0.0944840400830029,17,0,0.102135045432208,18,0,0.0888830251095431,19,0,0.0944840400830029,20,0,0.102135045432208,21,0,0.0888830251095431,22,0,0.0907341517412691,23,0,0.143208068029727,24,0,0.0745258008961643,25,0,0.0907341517412691,26,0,0.120045908921923,27,0,0.092609289055554,28,0,0.0963849749159726,29,0,0.10800655457471,30
"GSM1438095",NA,1,0.0951311604170153,1,1,0.0942186471123178,2,1,0.0946208924729878,3,1,0.0962225394586825,4,1,0.112977341174734,5,1,0.093133168527231,6,1,0.0934775029668296,7,1,0.0934775029668296,8,1,0.0982109189019374,9,1,0.0951311604170153,10,1,0.0962225394586825,11,1,0.0937902841056124,12,1,0.0923502837931223,13,1,0.0968177568784299,14,1,0.0942186471123178,15,1,0.0923502837931223,16,1,0.0946208924729878,17,1,0.0968177568784299,18,1,0.0934775029668296,19,1,0.0946208924729878,20,1,0.0968177568784299,21,1,0.0934775029668296,22,1,0.0937902841056124,23,1,0.118962371435954,24,1,0.0921224195125621,25,1,0.0937902841056124,26,1,0.104418146458595,27,1,0.0942186471123178,28,1,0.0951311604170153,29,1,0.0989543803571827,30
"GSM1438098",NA,0,0.228095062946627,1,0,0.225606432526935,2,0,0.226853472858857,3,0,0.230619341696144,4,0,0.251878347859571,5,0,0.222023455959925,6,0,0.223166379247203,7,0,0.223166379247203,8,0,0.234463290401582,9,0,0.228095062946627,10,0,0.230619341696144,11,0,0.224405223524933,12,0,0.217543790488416,13,0,0.231885491835888,14,0,0.225606432526935,15,0,0.217543790488416,16,0,0.226853472858857,17,0,0.231885491835888,18,0,0.223166379247203,19,0,0.226853472858857,20,0,0.231885491835888,21,0,0.223166379247203,22,0,0.224405223524933,23,0,0.256347403608796,24,0,0.214040271826172,25,0,0.224405223524933,26,0,0.243411272102114,27,0,0.225606432526935,28,0,0.228095062946627,29,0,0.235736124265144,30
"GSM1438099",NA,0,0.207744971638735,1,0,0.204555186371865,2,0,0.206156330662264,3,0,0.210863683685386,4,0,0.234514351632699,5,0,0.199595800907316,6,0,0.201293298516924,7,0,0.201293298516924,8,0,0.215393646106721,9,0,0.207744971638735,10,0,0.210863683685386,11,0,0.202917277824162,12,0,0.192664746926119,13,0,0.212403170070091,14,0,0.204555186371865,15,0,0.192664746926119,16,0,0.206156330662264,17,0,0.212403170070091,18,0,0.201293298516924,19,0,0.206156330662264,20,0,0.212403170070091,21,0,0.201293298516924,22,0,0.202917277824162,23,0,0.239400125430017,24,0,0.187546897414882,25,0,0.202917277824162,26,0,0.225351273235274,27,0,0.204555186371865,28,0,0.207744971638735,29,0,0.216881050194499,30
"GSM1438100",NA,0,0.11351765410581,1,0,0.112438462586846,2,0,0.112930705411655,3,0,0.114739364965737,4,0,0.131508233746254,5,0,0.111019023566485,6,0,0.111490304387615,7,0,0.111490304387615,8,0,0.116857732425167,9,0,0.11351765410581,10,0,0.114739364965737,11,0,0.11191071358852,12,0,0.109599950943256,13,0,0.115390701713164,14,0,0.112438462586846,15,0,0.109599950943256,16,0,0.112930705411655,17,0,0.115390701713164,18,0,0.111490304387615,19,0,0.112930705411655,20,0,0.115390701713164,21,0,0.111490304387615,22,0,0.11191071358852,23,0,0.13726892522565,24,0,0.108742854108579,25,0,0.11191071358852,26,0,0.123139067409727,27,0,0.112438462586846,28,0,0.11351765410581,29,0,0.117634376813411,30
"GSM1438103",NA,0,0.186660047624753,1,0,0.184087685621551,2,0,0.185359832048947,3,0,0.189163564200185,4,0,0.208958417186332,5,0,0.180021073534946,6,0,0.181433208886833,7,0,0.181433208886833,8,0,0.19280879352122,9,0,0.186660047624753,10,0,0.189163564200185,11,0,0.18273597594042,12,0,0.174273862424457,13,0,0.190384610558171,14,0,0.184087685621551,15,0,0.174273862424457,16,0,0.185359832048947,17,0,0.190384610558171,18,0,0.181433208886833,19,0,0.185359832048947,20,0,0.190384610558171,21,0,0.181433208886833,22,0,0.18273597594042,23,0,0.213593880557584,24,0,0.16978727654253,25,0,0.18273597594042,26,0,0.200947149806837,27,0,0.184087685621551,28,0,0.186660047624753,29,0,0.194000408661489,30
"GSM1438108",NA,1,0.553382673046008,1,1,0.554277611611244,2,1,0.553962350042129,3,1,0.552108269951299,4,1,0.525406587105083,5,1,0.555037253849852,6,1,0.554818527571623,7,1,0.554818527571623,8,1,0.549430946582648,9,1,0.553382673046008,10,1,0.552108269951299,11,1,0.554682389406558,12,1,0.554623316676704,13,1,0.551377471367861,14,1,0.554277611611244,15,1,0.554623316676704,16,1,0.553962350042129,17,1,0.551377471367861,18,1,0.554818527571623,19,1,0.553962350042129,20,1,0.551377471367861,21,1,0.554818527571623,22,1,0.554682389406558,23,1,0.515044593326784,24,1,0.554186691905331,25,1,0.554682389406558,26,1,0.539850862658485,27,1,0.554277611611244,28,1,0.553382673046008,29,1,0.548376190306212,30
"GSM1438109",NA,0,0.299896536970621,1,0,0.297327007526195,2,0,0.298671517312609,3,0,0.302181506251729,4,0,0.312282867022027,5,0,0.292910715474448,6,0,0.294461584260663,7,0,0.294461584260663,8,0,0.305090152483885,9,0,0.299896536970621,10,0,0.302181506251729,11,0,0.295948762322422,12,0,0.285778269081444,13,0,0.303240857641933,14,0,0.297327007526195,15,0,0.285778269081444,16,0,0.298671517312609,17,0,0.303240857641933,18,0,0.294461584260663,19,0,0.298671517312609,20,0,0.303240857641933,21,0,0.294461584260663,22,0,0.295948762322422,23,0,0.312806879387,24,0,0.279894024363747,25,0,0.295948762322422,26,0,0.309862976966822,27,0,0.297327007526195,28,0,0.299896536970621,29,0,0.305952224658873,30
"GSM1438112",NA,0,0.310923759018546,1,0,0.308993864129776,2,0,0.310019889907928,3,0,0.312709219829602,4,0,0.321980361424901,5,0,0.305944341848106,6,0,0.306926430919449,7,0,0.306926430919449,8,0,0.315120482151608,9,0,0.310923759018546,10,0,0.312709219829602,11,0,0.308045904924397,12,0,0.301370104876229,13,0,0.313560637686038,14,0,0.308993864129776,15,0,0.301370104876229,16,0,0.310019889907928,17,0,0.313560637686038,18,0,0.306926430919449,19,0,0.310019889907928,20,0,0.313560637686038,21,0,0.306926430919449,22,0,0.308045904924397,23,0,0.322539918730129,24,0,0.297422585378176,25,0,0.308045904924397,26,0,0.319504046391786,27,0,0.308993864129776,28,0,0.310923759018546,29,0,0.315849758313545,30
"GSM1438115",NA,0,0.252993605054115,1,0,0.248395407791283,2,0,0.250729465594999,3,0,0.257341659152201,4,0,0.28415012824257,5,0,0.241015190708814,6,0,0.2435534268671,7,0,0.2435534268671,8,0,0.263371312970619,9,0,0.252993605054115,10,0,0.257341659152201,11,0,0.24599703102682,12,0,0.230310912507077,13,0,0.259430708609058,14,0,0.248395407791283,15,0,0.230310912507077,16,0,0.250729465594999,17,0,0.259430708609058,18,0,0.2435534268671,19,0,0.250729465594999,20,0,0.259430708609058,21,0,0.2435534268671,22,0,0.24599703102682,23,0,0.288019975971018,24,0,0.221908327452125,25,0,0.24599703102682,26,0,0.275234539190696,27,0,0.248395407791283,28,0,0.252993605054115,29,0,0.26526676380184,30
"GSM1438121",NA,1,0.226146809145478,1,1,0.228001780499471,2,1,0.227021249154466,3,1,0.224528029532412,4,1,0.220058661509875,5,1,0.231233780703733,6,1,0.230087125038482,7,1,0.230087125038482,8,1,0.222568469473473,9,1,0.226146809145478,10,1,0.224528029532412,11,1,0.229004748712149,12,1,0.236479848744926,13,1,0.223784928777922,14,1,0.228001780499471,15,1,0.236479848744926,16,1,0.227021249154466,17,1,0.223784928777922,18,1,0.230087125038482,19,1,0.227021249154466,20,1,0.223784928777922,21,1,0.230087125038482,22,1,0.229004748712149,23,1,0.221217706744104,24,1,0.24059496588479,25,1,0.229004748712149,26,1,0.219977677516479,27,1,0.228001780499471,28,1,0.226146809145478,29,1,0.222010810875751,30
"GSM1438122",NA,1,0.152497094654274,1,1,0.154654779447956,2,1,0.153487241910146,3,1,0.150724762339804,4,1,0.149704568337269,5,1,0.158606669504422,6,1,0.157200646617639,7,1,0.157200646617639,8,1,0.148790814953287,9,1,0.152497094654274,10,1,0.150724762339804,11,1,0.155843480450214,12,1,0.165450501472014,13,1,0.149951531507374,14,1,0.154654779447956,15,1,0.165450501472014,16,1,0.153487241910146,17,1,0.149951531507374,18,1,0.157200646617639,19,1,0.153487241910146,20,1,0.149951531507374,21,1,0.157200646617639,22,1,0.155843480450214,23,1,0.152720407340057,24,1,0.171342493789828,25,1,0.155843480450214,26,1,0.14727868430432,27,1,0.154654779447956,28,1,0.152497094654274,29,1,0.148304528203002,30
"GSM1438124",NA,1,0.320531720028567,1,1,0.329628337232351,2,1,0.324934685931349,3,1,0.312213753257783,4,1,0.268193243039004,5,1,0.344763050605273,6,1,0.339523014302747,7,1,0.339523014302747,8,1,0.301159226795629,9,1,0.320531720028567,10,1,0.312213753257783,11,1,0.334434714807941,12,1,0.368062940401142,13,1,0.308304191840534,14,1,0.329628337232351,15,1,0.368062940401142,16,1,0.324934685931349,17,1,0.308304191840534,18,1,0.339523014302747,19,1,0.324934685931349,20,1,0.308304191840534,21,1,0.339523014302747,22,1,0.334434714807941,23,1,0.263372521474369,24,1,0.387184198406932,25,1,0.334434714807941,26,1,0.281176535047693,27,1,0.329628337232351,28,1,0.320531720028567,29,1,0.297800444716935,30
"GSM1438126",NA,1,0.293506832851787,1,1,0.294274913666185,2,1,0.29386041465415,3,1,0.292848779727211,4,1,0.290667085837302,5,1,0.295627014971016,6,1,0.295154833239959,7,1,0.295154833239959,8,1,0.292064038735374,9,1,0.293506832851787,10,1,0.292848779727211,11,1,0.294684499909754,12,1,0.297902939361328,13,1,0.292548693693364,14,1,0.294274913666185,15,1,0.297902939361328,16,1,0.29386041465415,17,1,0.292548693693364,18,1,0.295154833239959,19,1,0.29386041465415,20,1,0.292548693693364,21,1,0.295154833239959,22,1,0.294684499909754,23,1,0.290700443367949,24,1,0.29974843842583,25,1,0.294684499909754,26,1,0.290977774756059,27,1,0.294274913666185,28,1,0.293506832851787,29,1,0.291841762340795,30
