"","coef_lasso","s0","tcross","s0","tcross","s0","tcross","s0","tcross","s0","tcross","s0","tcross","s0","tcross","s0","tcross","s0","tcross","s0","tcross","s0","tcross","s0","tcross","s0","tcross","s0","tcross","s0","tcross","s0","tcross","s0","tcross","s0","tcross","s0","tcross","s0","tcross","s0","tcross","s0","tcross","s0","tcross","s0","tcross","s0","tcross","s0","tcross","s0","tcross","s0","tcross","s0","tcross","s0","tcross"
"(Intercept)",NA,-1.6420282152074,1,-1.55210349728729,2,-1.4427548113353,3,-1.14002197381916,4,-1.49613763744465,5,-1.49613763744465,6,-1.61216939571233,7,-1.49613763744465,8,-1.14002197381916,9,-1.32331629781983,10,-1.34631534748011,11,-1.1561204008727,12,-1.22365363491064,13,-1.49613763744465,14,-1.55210349728729,15,-1.24156745210449,16,-1.61216939571233,17,-1.46904800394021,18,-1.6420282152074,19,-1.41743854593385,20,-1.4427548113353,21,-1.41743854593385,22,-1.67283492435567,23,-1.20616678384373,24,-1.46904800394021,25,-1.41743854593385,26,-1.39274988862227,27,-1.32331629781983,28,-1.30063736539433,29,-1.61216939571233,30
"PF4V1",NA,0.159220841472132,1,0.138018679533187,2,0.096971803703939,3,0.0784011121580988,4,0.117263589149787,5,0.117263589149787,6,0.153623522837392,7,0.117263589149787,8,0.0784011121580988,9,0.0513620585161078,10,0.0590118621501686,11,0.0721546774224821,12,0.0504109139229144,13,0.117263589149787,14,0.138018679533187,15,0.046641791342835,16,0.153623522837392,17,0.107190314680295,18,0.159220841472132,19,0.0857512329168947,20,0.096971803703939,21,0.0857512329168947,22,0.166330033105518,23,0.0548276771968606,24,0.107190314680295,25,0.0857512329168947,26,0.0747598806603864,27,0.0513620585161078,28,0.0426425341867195,29,0.153623522837392,30
"CD177",NA,0.219913022858447,1,0.207089008898615,2,0.188599376166403,3,0.0708623148892922,4,0.19762517012963,5,0.19762517012963,6,0.217654572330935,7,0.19762517012963,8,0.0708623148892922,9,0.155428596973136,10,0.162718295252704,11,0.0818539083332109,12,0.119450591547853,13,0.19762517012963,14,0.207089008898615,15,0.127045056702818,16,0.217654572330935,17,0.193113527375824,18,0.219913022858447,19,0.183667680820946,20,0.188599376166403,21,0.183667680820946,22,0.222476430032867,23,0.111371369288792,24,0.193113527375824,25,0.183667680820946,26,0.177926502489142,27,0.155428596973136,28,0.149021936539076,29,0.217654572330935,30
"FADS2",NA,0.399693723506,1,0.344455424016616,2,0.283914523319873,3,0.110218622907473,4,0.313297976818671,5,0.313297976818671,6,0.380830083768202,7,0.313297976818671,8,0.110218622907473,9,0.226579585135468,10,0.236347381299324,11,0.124036184748974,12,0.173487985222712,13,0.313297976818671,14,0.344455424016616,15,0.185268947004111,16,0.380830083768202,17,0.298108001645777,18,0.399693723506,19,0.270474509723732,20,0.283914523319873,21,0.270474509723732,22,0.41870467999533,23,0.162255533933752,24,0.298108001645777,25,0.270474509723732,26,0.257693521626397,27,0.226579585135468,28,0.2163338680385,29,0.380830083768202,30
"MMRN1",NA,0,1,0,2,0,3,0,4,0,5,0,6,0,7,0,8,0,9,0,10,0,11,0,12,0,13,0,14,0,15,0,16,0,17,0,18,0,19,0,20,0,21,0,22,0,23,0,24,0,25,0,26,0,27,0,28,0,29,0,30
"VNN1",NA,0.0824760428946072,1,0.0694181630067316,2,0.0463959344284261,3,0,4,0.0587988907897112,5,0.0587988907897112,6,0.0783853830664467,7,0.0587988907897112,8,0,9,0.0110856311665236,10,0.0170679763409443,11,0,12,0,13,0.0587988907897112,14,0.0694181630067316,15,0,16,0.0783853830664467,17,0.0529406479500564,18,0.0824760428946072,19,0.0392326261648801,20,0.0463959344284261,21,0.0392326261648801,22,0.0870222430883508,23,0,24,0.0529406479500564,25,0.0392326261648801,26,0.032411160703289,27,0.0110856311665236,28,0.00610603900583973,29,0.0783853830664467,30
"CMTM5",NA,0,1,0,2,0,3,0,4,0,5,0,6,0,7,0,8,0,9,0,10,0,11,0,12,0,13,0,14,0,15,0,16,0,17,0,18,0,19,0,20,0,21,0,22,0,23,0,24,0,25,0,26,0,27,0,28,0,29,0,30
"WASF3",NA,0,1,0,2,0,3,0,4,0,5,0,6,0,7,0,8,0,9,0,10,0,11,0,12,0,13,0,14,0,15,0,16,0,17,0,18,0,19,0,20,0,21,0,22,0,23,0,24,0,25,0,26,0,27,0,28,0,29,0,30
"CXCR2P1",NA,0,1,0,2,0,3,0,4,0,5,0,6,0,7,0,8,0,9,0,10,0,11,0,12,0,13,0,14,0,15,0,16,0,17,0,18,0,19,0,20,0,21,0,22,0,23,0,24,0,25,0,26,0,27,0,28,0,29,0,30
"LINC00989",NA,0,1,0,2,0,3,0,4,0,5,0,6,0,7,0,8,0,9,0,10,0,11,0,12,0,13,0,14,0,15,0,16,0,17,0,18,0,19,0,20,0,21,0,22,0,23,0,24,0,25,0,26,0,27,0,28,0,29,0,30
"RBPMS2",NA,0,1,0,2,0,3,0,4,0,5,0,6,0,7,0,8,0,9,0,10,0,11,0,12,0,13,0,14,0,15,0,16,0,17,0,18,0,19,0,20,0,21,0,22,0,23,0,24,0,25,0,26,0,27,0,28,0,29,0,30
"SIGLEC17P",NA,-0.174161104782239,1,-0.142617982313078,2,-0.103002590229045,3,-0.00822358075291202,4,-0.124122538727776,5,-0.124122538727776,6,-0.163797919688509,7,-0.124122538727776,8,-0.00822358075291202,9,-0.0413024846060438,10,-0.0522074746245467,11,-0.00995029978888733,12,-0.0153673555681566,13,-0.124122538727776,14,-0.142617982313078,15,-0.0172196566848002,16,-0.163797919688509,17,-0.114323421522553,18,-0.174161104782239,19,-0.090204433373207,20,-0.103002590229045,21,-0.090204433373207,22,-0.183611443731006,23,-0.0142211374086487,24,-0.114323421522553,25,-0.090204433373207,26,-0.0769986690531148,27,-0.0413024846060438,28,-0.0290301347029033,29,-0.163797919688509,30
"PROS1",NA,0,1,0,2,0,3,0,4,0,5,0,6,0,7,0,8,0,9,0,10,0,11,0,12,0,13,0,14,0,15,0,16,0,17,0,18,0,19,0,20,0,21,0,22,0,23,0,24,0,25,0,26,0,27,0,28,0,29,0,30
"PPBP",NA,0,1,0,2,0,3,0,4,0,5,0,6,0,7,0,8,0,9,0,10,0,11,0,12,0,13,0,14,0,15,0,16,0,17,0,18,0,19,0,20,0,21,0,22,0,23,0,24,0,25,0,26,0,27,0,28,0,29,0,30
"MYCT1",NA,0,1,0,2,0,3,0,4,0,5,0,6,0,7,0,8,0,9,0,10,0,11,0,12,0,13,0,14,0,15,0,16,0,17,0,18,0,19,0,20,0,21,0,22,0,23,0,24,0,25,0,26,0,27,0,28,0,29,0,30
"GUCY1B1",NA,0,1,0,2,0,3,0,4,0,5,0,6,0,7,0,8,0,9,0,10,0,11,0,12,0,13,0,14,0,15,0,16,0,17,0,18,0,19,0,20,0,21,0,22,0,23,0,24,0,25,0,26,0,27,0,28,0,29,0,30
"P2RY12",NA,0,1,0,2,0,3,0,4,0,5,0,6,0,7,0,8,0,9,0,10,0,11,0,12,0,13,0,14,0,15,0,16,0,17,0,18,0,19,0,20,0,21,0,22,0,23,0,24,0,25,0,26,0,27,0,28,0,29,0,30
"MGAM2",NA,0,1,0,2,0,3,0,4,0,5,0,6,0,7,0,8,0,9,0,10,0,11,0,12,0,13,0,14,0,15,0,16,0,17,0,18,0,19,0,20,0,21,0,22,0,23,0,24,0,25,0,26,0,27,0,28,0,29,0,30
"TMEM40",NA,0,1,0,2,0,3,0,4,0,5,0,6,0,7,0,8,0,9,0,10,0,11,0,12,0,13,0,14,0,15,0,16,0,17,0,18,0,19,0,20,0,21,0,22,0,23,0,24,0,25,0,26,0,27,0,28,0,29,0,30
"KIR3DL1",NA,-0.0412279882727155,1,-0.0261803318546715,2,0,3,0,4,-0.0108735060136104,5,-0.0108735060136104,6,-0.0363893320109539,7,-0.0108735060136104,8,0,9,0,10,0,11,0,12,0,13,-0.0108735060136104,14,-0.0261803318546715,15,0,16,-0.0363893320109539,17,-0.00328564156390931,18,-0.0412279882727155,19,0,20,0,21,0,22,-0.0457478089881514,23,0,24,-0.00328564156390931,25,0,26,0,27,0,28,0,29,-0.0363893320109539,30
"RAB27B",NA,0,1,0,2,0,3,0,4,0,5,0,6,0,7,0,8,0,9,0,10,0,11,0,12,0,13,0,14,0,15,0,16,0,17,0,18,0,19,0,20,0,21,0,22,0,23,0,24,0,25,0,26,0,27,0,28,0,29,0,30
"ANGPT1",NA,0.0510409796042417,1,0.0502467677928236,2,0.0411739572167654,3,0,4,0.0447019226895756,5,0.0447019226895756,6,0.0503955655343193,7,0.0447019226895756,8,0,9,0.0214553908155242,10,0.0297451319327259,11,0,12,0,13,0.0447019226895756,14,0.0502467677928236,15,0,16,0.0503955655343193,17,0.0423506357373943,18,0.0510409796042417,19,0.0401377823037903,20,0.0411739572167654,21,0.0401377823037903,22,0.0520848054846485,23,0,24,0.0423506357373943,25,0.0401377823037903,26,0.0382070302931874,27,0.0214553908155242,28,0.012297324723969,29,0.0503955655343193,30
"C19orf33",NA,0.250406621196201,1,0.220793333914324,2,0.187960673255558,3,0.0630045259671898,4,0.205075211235922,5,0.205075211235922,6,0.239883863330651,7,0.205075211235922,8,0.0630045259671898,9,0.136602140496056,10,0.144962663092885,11,0.0720160651119943,12,0.104171663056079,13,0.205075211235922,14,0.220793333914324,15,0.111140276706452,16,0.239883863330651,17,0.196972595933728,18,0.250406621196201,19,0.178517077434136,20,0.187960673255558,21,0.178517077434136,22,0.260757004432402,23,0.0966826650172591,24,0.196972595933728,25,0.178517077434136,26,0.168139464793652,27,0.136602140496056,28,0.129298046470241,29,0.239883863330651,30
"GUSBP1",NA,0,1,0,2,0,3,0,4,0,5,0,6,0,7,0,8,0,9,0,10,0,11,0,12,0,13,0,14,0,15,0,16,0,17,0,18,0,19,0,20,0,21,0,22,0,23,0,24,0,25,0,26,0,27,0,28,0,29,0,30
"PF4",NA,0,1,0,2,0,3,0,4,0,5,0,6,0,7,0,8,0,9,0,10,0,11,0,12,0,13,0,14,0,15,0,16,0,17,0,18,0,19,0,20,0,21,0,22,0,23,0,24,0,25,0,26,0,27,0,28,0,29,0,30
"AVPR1A",NA,0,1,0,2,0,3,0,4,0,5,0,6,0,7,0,8,0,9,0,10,0,11,0,12,0,13,0,14,0,15,0,16,0,17,0,18,0,19,0,20,0,21,0,22,0,23,0,24,0,25,0,26,0,27,0,28,0,29,0,30
"TRAV6",NA,0,1,0,2,0,3,0,4,0,5,0,6,0,7,0,8,0,9,0,10,0,11,0,12,0,13,0,14,0,15,0,16,0,17,0,18,0,19,0,20,0,21,0,22,0,23,0,24,0,25,0,26,0,27,0,28,0,29,0,30
"TRBV5.6",NA,0,1,0,2,0,3,0,4,0,5,0,6,0,7,0,8,0,9,0,10,0,11,0,12,0,13,0,14,0,15,0,16,0,17,0,18,0,19,0,20,0,21,0,22,0,23,0,24,0,25,0,26,0,27,0,28,0,29,0,30
"IRAK1BP1",NA,0,1,0,2,0,3,0,4,0,5,0,6,0,7,0,8,0,9,0,10,0,11,0,12,0,13,0,14,0,15,0,16,0,17,0,18,0,19,0,20,0,21,0,22,0,23,0,24,0,25,0,26,0,27,0,28,0,29,0,30
"PKHD1L1",NA,0,1,0,2,0,3,0,4,0,5,0,6,0,7,0,8,0,9,0,10,0,11,0,12,0,13,0,14,0,15,0,16,0,17,0,18,0,19,0,20,0,21,0,22,0,23,0,24,0,25,0,26,0,27,0,28,0,29,0,30
"C2orf88",NA,0,1,0,2,0,3,0,4,0,5,0,6,0,7,0,8,0,9,0,10,0,11,0,12,0,13,0,14,0,15,0,16,0,17,0,18,0,19,0,20,0,21,0,22,0,23,0,24,0,25,0,26,0,27,0,28,0,29,0,30
"AK5",NA,0,1,0,2,0,3,0,4,0,5,0,6,0,7,0,8,0,9,0,10,0,11,0,12,0,13,0,14,0,15,0,16,0,17,0,18,0,19,0,20,0,21,0,22,0,23,0,24,0,25,0,26,0,27,0,28,0,29,0,30
"LGALSL",NA,0,1,0,2,0,3,0,4,0,5,0,6,0,7,0,8,0,9,0,10,0,11,0,12,0,13,0,14,0,15,0,16,0,17,0,18,0,19,0,20,0,21,0,22,0,23,0,24,0,25,0,26,0,27,0,28,0,29,0,30
"KIF20B",NA,0,1,0,2,0,3,0,4,0,5,0,6,0,7,0,8,0,9,0,10,0,11,0,12,0,13,0,14,0,15,0,16,0,17,0,18,0,19,0,20,0,21,0,22,0,23,0,24,0,25,0,26,0,27,0,28,0,29,0,30
"PDGFD",NA,0,1,0,2,0,3,0,4,0,5,0,6,0,7,0,8,0,9,0,10,0,11,0,12,0,13,0,14,0,15,0,16,0,17,0,18,0,19,0,20,0,21,0,22,0,23,0,24,0,25,0,26,0,27,0,28,0,29,0,30
"C8orf88",NA,0,1,0,2,0,3,0,4,0,5,0,6,0,7,0,8,0,9,0,10,0,11,0,12,0,13,0,14,0,15,0,16,0,17,0,18,0,19,0,20,0,21,0,22,0,23,0,24,0,25,0,26,0,27,0,28,0,29,0,30
"NECAB1",NA,0,1,0,2,0,3,0,4,0,5,0,6,0,7,0,8,0,9,0,10,0,11,0,12,0,13,0,14,0,15,0,16,0,17,0,18,0,19,0,20,0,21,0,22,0,23,0,24,0,25,0,26,0,27,0,28,0,29,0,30
"TRDJ3",NA,0,1,0,2,0,3,0,4,0,5,0,6,0,7,0,8,0,9,0,10,0,11,0,12,0,13,0,14,0,15,0,16,0,17,0,18,0,19,0,20,0,21,0,22,0,23,0,24,0,25,0,26,0,27,0,28,0,29,0,30
"RPH3A",NA,0,1,0,2,0,3,0,4,0,5,0,6,0,7,0,8,0,9,0,10,0,11,0,12,0,13,0,14,0,15,0,16,0,17,0,18,0,19,0,20,0,21,0,22,0,23,0,24,0,25,0,26,0,27,0,28,0,29,0,30
"DOCK4",NA,0,1,0,2,0,3,0,4,0,5,0,6,0,7,0,8,0,9,0,10,0,11,0,12,0,13,0,14,0,15,0,16,0,17,0,18,0,19,0,20,0,21,0,22,0,23,0,24,0,25,0,26,0,27,0,28,0,29,0,30
"ZNF749",NA,0,1,0,2,0,3,0,4,0,5,0,6,0,7,0,8,0,9,0,10,0,11,0,12,0,13,0,14,0,15,0,16,0,17,0,18,0,19,0,20,0,21,0,22,0,23,0,24,0,25,0,26,0,27,0,28,0,29,0,30
"BCL7A",NA,0,1,0,2,0,3,0,4,0,5,0,6,0,7,0,8,0,9,0,10,0,11,0,12,0,13,0,14,0,15,0,16,0,17,0,18,0,19,0,20,0,21,0,22,0,23,0,24,0,25,0,26,0,27,0,28,0,29,0,30
"TRBV6.6",NA,0,1,0,2,0,3,0,4,0,5,0,6,0,7,0,8,0,9,0,10,0,11,0,12,0,13,0,14,0,15,0,16,0,17,0,18,0,19,0,20,0,21,0,22,0,23,0,24,0,25,0,26,0,27,0,28,0,29,0,30
"PCDHGA12",NA,-0.362971617630931,1,-0.347567258346938,2,-0.328233595248243,3,-0.214537032827757,4,-0.338374460981522,5,-0.338374460981522,6,-0.357795052503641,7,-0.338374460981522,8,-0.214537032827757,9,-0.295920703034766,10,-0.303505943806118,11,-0.22246016823086,12,-0.254511199096205,13,-0.338374460981522,14,-0.347567258346938,15,-0.263643330740944,16,-0.357795052503641,17,-0.333476155359599,18,-0.362971617630931,19,-0.322621432242447,20,-0.328233595248243,21,-0.322621432242447,22,-0.368573023403593,23,-0.245887460861272,24,-0.333476155359599,25,-0.322621432242447,26,-0.31675252957857,27,-0.295920703034766,28,-0.288671519540219,29,-0.357795052503641,30
"TRAV2",NA,0,1,0,2,0,3,0,4,0,5,0,6,0,7,0,8,0,9,0,10,0,11,0,12,0,13,0,14,0,15,0,16,0,17,0,18,0,19,0,20,0,21,0,22,0,23,0,24,0,25,0,26,0,27,0,28,0,29,0,30
"GRB10",NA,0,1,0,2,0,3,0,4,0,5,0,6,0,7,0,8,0,9,0,10,0,11,0,12,0,13,0,14,0,15,0,16,0,17,0,18,0,19,0,20,0,21,0,22,0,23,0,24,0,25,0,26,0,27,0,28,0,29,0,30
"MIR601",NA,0.265960454474188,1,0.236390939805997,2,0.195767031081696,3,0.00687251871738267,4,0.2162727029513,5,0.2162727029513,6,0.255612039920117,7,0.2162727029513,8,0.00687251871738267,9,0.138473407499737,10,0.149434383923431,11,0.0230806310396625,12,0.0793558731835198,13,0.2162727029513,14,0.236390939805997,15,0.0918033336576402,16,0.255612039920117,17,0.205927026586557,18,0.265960454474188,19,0.185578783819794,20,0.195767031081696,21,0.185578783819794,22,0.276318623092312,23,0.0669266225577702,24,0.205927026586557,25,0.185578783819794,26,0.175015319101537,27,0.138473407499737,28,0.127251485391156,29,0.255612039920117,30
"ZNF594",NA,0,1,0,2,0,3,0,4,0,5,0,6,0,7,0,8,0,9,0,10,0,11,0,12,0,13,0,14,0,15,0,16,0,17,0,18,0,19,0,20,0,21,0,22,0,23,0,24,0,25,0,26,0,27,0,28,0,29,0,30
"MIR4762",NA,0,1,0,2,0,3,0,4,0,5,0,6,0,7,0,8,0,9,0,10,0,11,0,12,0,13,0,14,0,15,0,16,0,17,0,18,0,19,0,20,0,21,0,22,0,23,0,24,0,25,0,26,0,27,0,28,0,29,0,30
"SLC8A1.AS1",NA,0,1,0,2,0,3,0,4,0,5,0,6,0,7,0,8,0,9,0,10,0,11,0,12,0,13,0,14,0,15,0,16,0,17,0,18,0,19,0,20,0,21,0,22,0,23,0,24,0,25,0,26,0,27,0,28,0,29,0,30
"CCDC152",NA,0,1,0,2,0,3,0,4,0,5,0,6,0,7,0,8,0,9,0,10,0,11,0,12,0,13,0,14,0,15,0,16,0,17,0,18,0,19,0,20,0,21,0,22,0,23,0,24,0,25,0,26,0,27,0,28,0,29,0,30
"KIF3A",NA,0,1,0,2,0,3,0,4,0,5,0,6,0,7,0,8,0,9,0,10,0,11,0,12,0,13,0,14,0,15,0,16,0,17,0,18,0,19,0,20,0,21,0,22,0,23,0,24,0,25,0,26,0,27,0,28,0,29,0,30
"TRAV4",NA,-0.28439467177754,1,-0.248193768944011,2,-0.201700751359328,3,-0.0523103763303554,4,-0.226040672976458,5,-0.226040672976458,6,-0.272949109715966,7,-0.226040672976458,8,-0.0523103763303554,9,-0.133907352680775,10,-0.147279983807669,11,-0.0610482517554629,12,-0.0934734671166247,13,-0.226040672976458,14,-0.248193768944011,15,-0.100797901720372,16,-0.272949109715966,17,-0.214455381857624,18,-0.28439467177754,19,-0.188053117656406,20,-0.201700751359328,21,-0.188053117656406,22,-0.296097986096298,23,-0.0860964110858654,24,-0.214455381857624,25,-0.188053117656406,26,-0.174206702465545,27,-0.133907352680775,28,-0.122897382202611,29,-0.272949109715966,30
"PCDHGB5",NA,-0.144588754086374,1,-0.113111932396775,2,-0.0827112506679985,3,0,4,-0.096890037409723,5,-0.096890037409723,6,-0.134930681133819,7,-0.096890037409723,8,0,9,-0.0520010303688831,10,-0.0584759508050246,11,-0.00153640460291061,12,-0.021765813462445,13,-0.096890037409723,14,-0.113111932396775,15,-0.0276663683047542,16,-0.134930681133819,17,-0.0896350698834506,18,-0.144588754086374,19,-0.07632164073736,20,-0.0827112506679985,21,-0.07632164073736,22,-0.153642535143448,23,-0.0155643615802666,24,-0.0896350698834506,25,-0.07632164073736,26,-0.0705618260633636,27,-0.0520010303688831,28,-0.0439554440872137,29,-0.134930681133819,30
"MED12L",NA,0,1,0,2,0,3,0,4,0,5,0,6,0,7,0,8,0,9,0,10,0,11,0,12,0,13,0,14,0,15,0,16,0,17,0,18,0,19,0,20,0,21,0,22,0,23,0,24,0,25,0,26,0,27,0,28,0,29,0,30
"ZNF605",NA,0,1,0,2,0,3,0,4,0,5,0,6,0,7,0,8,0,9,0,10,0,11,0,12,0,13,0,14,0,15,0,16,0,17,0,18,0,19,0,20,0,21,0,22,0,23,0,24,0,25,0,26,0,27,0,28,0,29,0,30
"SLC25A4",NA,0,1,0,2,0,3,0,4,0,5,0,6,0,7,0,8,0,9,0,10,0,11,0,12,0,13,0,14,0,15,0,16,0,17,0,18,0,19,0,20,0,21,0,22,0,23,0,24,0,25,0,26,0,27,0,28,0,29,0,30
"MIR3151",NA,0.0198394135012509,1,0.0233960234760243,2,0.025465360515086,3,0.00987818292636453,4,0.0238729090145461,5,0.0238729090145461,6,0.0215360453694054,7,0.0238729090145461,8,0.00987818292636453,9,0.0273949716211661,10,0.0274053558201219,11,0.0116651090825717,12,0.0210928764313,13,0.0238729090145461,14,0.0233960234760243,15,0.0232599409172964,16,0.0215360453694054,17,0.0247438431619867,18,0.0198394135012509,19,0.025468437356293,20,0.025465360515086,21,0.025468437356293,22,0.0176577187989163,23,0.0183295146739318,24,0.0247438431619867,25,0.025468437356293,26,0.0264973854886941,27,0.0273949716211661,28,0.0276909234089157,29,0.0215360453694054,30
"NCALD",NA,0,1,0,2,0,3,0,4,0,5,0,6,0,7,0,8,0,9,0,10,0,11,0,12,0,13,0,14,0,15,0,16,0,17,0,18,0,19,0,20,0,21,0,22,0,23,0,24,0,25,0,26,0,27,0,28,0,29,0,30
"FAM86EP",NA,0,1,0,2,0,3,0,4,0,5,0,6,0,7,0,8,0,9,0,10,0,11,0,12,0,13,0,14,0,15,0,16,0,17,0,18,0,19,0,20,0,21,0,22,0,23,0,24,0,25,0,26,0,27,0,28,0,29,0,30
"SIPA1L2",NA,0,1,0,2,0,3,0,4,0,5,0,6,0,7,0,8,0,9,0,10,0,11,0,12,0,13,0,14,0,15,0,16,0,17,0,18,0,19,0,20,0,21,0,22,0,23,0,24,0,25,0,26,0,27,0,28,0,29,0,30
"SRGAP3.AS2",NA,0,1,0,2,0,3,0,4,0,5,0,6,0,7,0,8,0,9,0,10,0,11,0,12,0,13,0,14,0,15,0,16,0,17,0,18,0,19,0,20,0,21,0,22,0,23,0,24,0,25,0,26,0,27,0,28,0,29,0,30
"ZNF284",NA,0,1,0,2,0,3,-0.0364772583936388,4,0,5,0,6,0,7,0,8,-0.0364772583936388,9,0,10,0,11,-0.0208845435571862,12,0,13,0,14,0,15,0,16,0,17,0,18,0,19,0,20,0,21,0,22,0,23,0,24,0,25,0,26,0,27,0,28,0,29,0,30
"ZNF33B",NA,-0.0869255823760776,1,-0.0792625314358576,2,-0.0633897368055262,3,-0.103061219280334,4,-0.0718577528151691,5,-0.0718577528151691,6,-0.0842579843642922,7,-0.0718577528151691,8,-0.103061219280334,9,-0.0500164242500303,10,-0.0503011842372118,11,-0.096617768245543,12,-0.0713154024331533,13,-0.0718577528151691,14,-0.0792625314358576,15,-0.0650421092694515,16,-0.0842579843642922,17,-0.0675459227737724,18,-0.0869255823760776,19,-0.0595007382422284,20,-0.0633897368055262,21,-0.0595007382422284,22,-0.0898595305521784,23,-0.0774972858607157,24,-0.0675459227737724,25,-0.0595007382422284,26,-0.0560952884785903,27,-0.0500164242500303,28,-0.049973551770241,29,-0.0842579843642922,30
"SNX25",NA,0,1,0,2,0,3,0,4,0,5,0,6,0,7,0,8,0,9,0,10,0,11,0,12,0,13,0,14,0,15,0,16,0,17,0,18,0,19,0,20,0,21,0,22,0,23,0,24,0,25,0,26,0,27,0,28,0,29,0,30
"MAGOHB",NA,0,1,0,2,0,3,0,4,0,5,0,6,0,7,0,8,0,9,0,10,0,11,0,12,0,13,0,14,0,15,0,16,0,17,0,18,0,19,0,20,0,21,0,22,0,23,0,24,0,25,0,26,0,27,0,28,0,29,0,30
"SCARF1",NA,0,1,0,2,0,3,0,4,0,5,0,6,0,7,0,8,0,9,0,10,0,11,0,12,0,13,0,14,0,15,0,16,0,17,0,18,0,19,0,20,0,21,0,22,0,23,0,24,0,25,0,26,0,27,0,28,0,29,0,30
"THBS3",NA,0,1,0,2,0,3,0,4,0,5,0,6,0,7,0,8,0,9,0,10,0,11,0,12,0,13,0,14,0,15,0,16,0,17,0,18,0,19,0,20,0,21,0,22,0,23,0,24,0,25,0,26,0,27,0,28,0,29,0,30
"CD3G",NA,0,1,0,2,0,3,0,4,0,5,0,6,0,7,0,8,0,9,0,10,0,11,0,12,0,13,0,14,0,15,0,16,0,17,0,18,0,19,0,20,0,21,0,22,0,23,0,24,0,25,0,26,0,27,0,28,0,29,0,30
"TRBV6.5",NA,0,1,0,2,0,3,0,4,0,5,0,6,0,7,0,8,0,9,0,10,0,11,0,12,0,13,0,14,0,15,0,16,0,17,0,18,0,19,0,20,0,21,0,22,0,23,0,24,0,25,0,26,0,27,0,28,0,29,0,30
"ABCD2",NA,0,1,0,2,0,3,0,4,0,5,0,6,0,7,0,8,0,9,0,10,0,11,0,12,0,13,0,14,0,15,0,16,0,17,0,18,0,19,0,20,0,21,0,22,0,23,0,24,0,25,0,26,0,27,0,28,0,29,0,30
"PAQR8",NA,0,1,0,2,0,3,0,4,0,5,0,6,0,7,0,8,0,9,0,10,0,11,0,12,0,13,0,14,0,15,0,16,0,17,0,18,0,19,0,20,0,21,0,22,0,23,0,24,0,25,0,26,0,27,0,28,0,29,0,30
"CHML",NA,0,1,0,2,0,3,0,4,0,5,0,6,0,7,0,8,0,9,0,10,0,11,0,12,0,13,0,14,0,15,0,16,0,17,0,18,0,19,0,20,0,21,0,22,0,23,0,24,0,25,0,26,0,27,0,28,0,29,0,30
"TRBJ2.6",NA,0,1,0,2,0,3,0,4,0,5,0,6,0,7,0,8,0,9,0,10,0,11,0,12,0,13,0,14,0,15,0,16,0,17,0,18,0,19,0,20,0,21,0,22,0,23,0,24,0,25,0,26,0,27,0,28,0,29,0,30
"SHROOM4",NA,0,1,0,2,0,3,0,4,0,5,0,6,0,7,0,8,0,9,0,10,0,11,0,12,0,13,0,14,0,15,0,16,0,17,0,18,0,19,0,20,0,21,0,22,0,23,0,24,0,25,0,26,0,27,0,28,0,29,0,30
"BCAS4",NA,0,1,0,2,0,3,0,4,0,5,0,6,0,7,0,8,0,9,0,10,0,11,0,12,0,13,0,14,0,15,0,16,0,17,0,18,0,19,0,20,0,21,0,22,0,23,0,24,0,25,0,26,0,27,0,28,0,29,0,30
"TRAJ10",NA,0,1,0,2,0,3,0,4,0,5,0,6,0,7,0,8,0,9,0,10,0,11,0,12,0,13,0,14,0,15,0,16,0,17,0,18,0,19,0,20,0,21,0,22,0,23,0,24,0,25,0,26,0,27,0,28,0,29,0,30
"LTV1",NA,0.055128595170707,1,0,2,0,3,0,4,0,5,0,6,0.035678317468945,7,0,8,0,9,0,10,0,11,0,12,0,13,0,14,0,15,0,16,0.035678317468945,17,0,18,0.055128595170707,19,0,20,0,21,0,22,0.0725332735389565,23,0,24,0,25,0,26,0,27,0,28,0,29,0.035678317468945,30
"IGF2BP3",NA,0,1,0,2,0,3,0,4,0,5,0,6,0,7,0,8,0,9,0,10,0,11,0,12,0,13,0,14,0,15,0,16,0,17,0,18,0,19,0,20,0,21,0,22,0,23,0,24,0,25,0,26,0,27,0,28,0,29,0,30
"CD6",NA,0,1,0,2,0,3,0,4,0,5,0,6,0,7,0,8,0,9,0,10,0,11,0,12,0,13,0,14,0,15,0,16,0,17,0,18,0,19,0,20,0,21,0,22,0,23,0,24,0,25,0,26,0,27,0,28,0,29,0,30
"PLD4",NA,0,1,0,2,0,3,-0.0591540572553266,4,0,5,0,6,0,7,0,8,-0.0591540572553266,9,0,10,0,11,-0.0549412047974082,12,-0.0325521474593384,13,0,14,0,15,-0.027083913290094,16,0,17,0,18,0,19,0,20,0,21,0,22,0,23,-0.0394059473833157,24,0,25,0,26,0,27,0,28,-0.00820895564935705,29,0,30
"CEP78",NA,0,1,0,2,0,3,0,4,0,5,0,6,0,7,0,8,0,9,0,10,0,11,0,12,0,13,0,14,0,15,0,16,0,17,0,18,0,19,0,20,0,21,0,22,0,23,0,24,0,25,0,26,0,27,0,28,0,29,0,30
"LDHB",NA,0,1,0,2,0,3,0,4,0,5,0,6,0,7,0,8,0,9,0,10,0,11,0,12,0,13,0,14,0,15,0,16,0,17,0,18,0,19,0,20,0,21,0,22,0,23,0,24,0,25,0,26,0,27,0,28,0,29,0,30
"PTCH1",NA,0,1,0,2,0,3,0,4,0,5,0,6,0,7,0,8,0,9,0,10,0,11,0,12,0,13,0,14,0,15,0,16,0,17,0,18,0,19,0,20,0,21,0,22,0,23,0,24,0,25,0,26,0,27,0,28,0,29,0,30
"LHFPL6",NA,0,1,0,2,0,3,0,4,0,5,0,6,0,7,0,8,0,9,0,10,0,11,0,12,0,13,0,14,0,15,0,16,0,17,0,18,0,19,0,20,0,21,0,22,0,23,0,24,0,25,0,26,0,27,0,28,0,29,0,30
"TRBJ2.2",NA,0,1,0,2,0,3,0,4,0,5,0,6,0,7,0,8,0,9,0,10,0,11,0,12,0,13,0,14,0,15,0,16,0,17,0,18,0,19,0,20,0,21,0,22,0,23,0,24,0,25,0,26,0,27,0,28,0,29,0,30
"LOC389765",NA,0,1,0,2,0,3,0,4,0,5,0,6,0,7,0,8,0,9,0,10,0,11,0,12,0,13,0,14,0,15,0,16,0,17,0,18,0,19,0,20,0,21,0,22,0,23,0,24,0,25,0,26,0,27,0,28,0,29,0,30
"ZNF607",NA,0,1,0,2,0,3,0,4,0,5,0,6,0,7,0,8,0,9,0,10,0,11,0,12,0,13,0,14,0,15,0,16,0,17,0,18,0,19,0,20,0,21,0,22,0,23,0,24,0,25,0,26,0,27,0,28,0,29,0,30
"CHCHD7",NA,0,1,0,2,0,3,0,4,0,5,0,6,0,7,0,8,0,9,0,10,0,11,0,12,0,13,0,14,0,15,0,16,0,17,0,18,0,19,0,20,0,21,0,22,0,23,0,24,0,25,0,26,0,27,0,28,0,29,0,30
"TRBJ2.5",NA,0,1,0,2,0,3,0,4,0,5,0,6,0,7,0,8,0,9,0,10,0,11,0,12,0,13,0,14,0,15,0,16,0,17,0,18,0,19,0,20,0,21,0,22,0,23,0,24,0,25,0,26,0,27,0,28,0,29,0,30
"SGCB",NA,0,1,0,2,0,3,0,4,0,5,0,6,0,7,0,8,0,9,0,10,0,11,0,12,0,13,0,14,0,15,0,16,0,17,0,18,0,19,0,20,0,21,0,22,0,23,0,24,0,25,0,26,0,27,0,28,0,29,0,30
"CLIC3",NA,0,1,0,2,0,3,0,4,0,5,0,6,0,7,0,8,0,9,0,10,0,11,0,12,0,13,0,14,0,15,0,16,0,17,0,18,0,19,0,20,0,21,0,22,-0.0012585325321379,23,0,24,0,25,0,26,0,27,0,28,0,29,0,30
"TAF1B",NA,0,1,0,2,0,3,0,4,0,5,0,6,0,7,0,8,0,9,0,10,0,11,0,12,0,13,0,14,0,15,0,16,0,17,0,18,0,19,0,20,0,21,0,22,0,23,0,24,0,25,0,26,0,27,0,28,0,29,0,30
"ASRGL1",NA,-0.303950929714445,1,-0.290950008826983,2,-0.273381495817468,3,-0.215728147977156,4,-0.282039510397258,5,-0.282039510397258,6,-0.298797596645597,7,-0.282039510397258,8,-0.215728147977156,9,-0.260979687554393,10,-0.26041608877753,11,-0.222038644416026,12,-0.244259387775376,13,-0.282039510397258,14,-0.290950008826983,15,-0.249431936980348,16,-0.298797596645597,17,-0.277855651364086,18,-0.303950929714445,19,-0.268662303651196,20,-0.273381495817468,21,-0.268662303651196,22,-0.309353388444154,23,-0.239160200592252,24,-0.277855651364086,25,-0.268662303651196,26,-0.264721169098961,27,-0.260979687554393,28,-0.260809422367625,29,-0.298797596645597,30
"IL2RB",NA,0,1,0,2,0,3,0,4,0,5,0,6,0,7,0,8,0,9,0,10,0,11,0,12,0,13,0,14,0,15,0,16,0,17,0,18,0,19,0,20,0,21,0,22,0,23,0,24,0,25,0,26,0,27,0,28,0,29,0,30
"MIR4266",NA,0.106614932709331,1,0.0689814467600183,2,0.0166228304380452,3,0,4,0.0428647194533681,5,0.0428647194533681,6,0.094632980825866,7,0.0428647194533681,8,0,9,0,10,0,11,0,12,0,13,0.0428647194533681,14,0.0689814467600183,15,0,16,0.094632980825866,17,0.0295560523682122,18,0.106614932709331,19,0.00404435718581061,20,0.0166228304380452,21,0.00404435718581061,22,0.118044564368029,23,0,24,0.0295560523682122,25,0.00404435718581061,26,0,27,0,28,0,29,0.094632980825866,30
"NVL",NA,0.0582811795360721,1,0.0498177406437973,2,0.0378808712472148,3,0,4,0.0454054803265285,5,0.0454054803265285,6,0.0558617032529108,7,0.0454054803265285,8,0,9,0,10,0,11,0,12,0,13,0.0454054803265285,14,0.0498177406437973,15,0,16,0.0558617032529108,17,0.042560341992141,18,0.0582811795360721,19,0.0312254476084518,20,0.0378808712472148,21,0.0312254476084518,22,0.0607545181823335,23,0,24,0.042560341992141,25,0.0312254476084518,26,0.0232836100223894,27,0,28,0,29,0.0558617032529108,30
"FANCF",NA,0,1,0,2,0,3,0,4,0,5,0,6,0,7,0,8,0,9,0,10,0,11,0,12,0,13,0,14,0,15,0,16,0,17,0,18,0,19,0,20,0,21,0,22,0,23,0,24,0,25,0,26,0,27,0,28,0,29,0,30
"SELENOM",NA,0,1,0,2,0,3,0,4,0,5,0,6,0,7,0,8,0,9,0,10,0,11,0,12,0,13,0,14,0,15,0,16,0,17,0,18,0,19,0,20,0,21,0,22,0,23,0,24,0,25,0,26,0,27,0,28,0,29,0,30
"GPR18",NA,0,1,0,2,0,3,0,4,0,5,0,6,0,7,0,8,0,9,0,10,0,11,0,12,0,13,0,14,0,15,0,16,0,17,0,18,0,19,0,20,0,21,0,22,0,23,0,24,0,25,0,26,0,27,0,28,0,29,0,30
"LOC84214",NA,0,1,0,2,0,3,0,4,0,5,0,6,0,7,0,8,0,9,0,10,0,11,0,12,0,13,0,14,0,15,0,16,0,17,0,18,0,19,0,20,0,21,0,22,0,23,0,24,0,25,0,26,0,27,0,28,0,29,0,30
"STAT4",NA,0.28855500353317,1,0.243164807568577,2,0.179095172200655,3,0,4,0.212714626847421,5,0.212714626847421,6,0.274178970769511,7,0.212714626847421,8,0,9,0.0728324853222681,10,0.108540896846318,11,0,12,0,13,0.212714626847421,14,0.243164807568577,15,0,16,0.274178970769511,17,0.19639131262973,18,0.28855500353317,19,0.160828514625928,20,0.179095172200655,21,0.160828514625928,22,0.303078838251505,23,0,24,0.19639131262973,25,0.160828514625928,26,0.144477837933614,27,0.0728324853222681,28,0.0242203431402315,29,0.274178970769511,30
"RRP1B",NA,0,1,0,2,0,3,0,4,0,5,0,6,0,7,0,8,0,9,0,10,0,11,0,12,0,13,0,14,0,15,0,16,0,17,0,18,0,19,0,20,0,21,0,22,0,23,0,24,0,25,0,26,0,27,0,28,0,29,0,30
"MOCS2",NA,0,1,0,2,0,3,0,4,0,5,0,6,0,7,0,8,0,9,0,10,0,11,0,12,0,13,0,14,0,15,0,16,0,17,0,18,0,19,0,20,0,21,0,22,0,23,0,24,0,25,0,26,0,27,0,28,0,29,0,30
"ZFP14",NA,0,1,0,2,0,3,0,4,0,5,0,6,0,7,0,8,0,9,0,10,0,11,0,12,0,13,0,14,0,15,0,16,0,17,0,18,0,19,0,20,0,21,0,22,0,23,0,24,0,25,0,26,0,27,0,28,0,29,0,30
"XPA",NA,0,1,0,2,0,3,0,4,0,5,0,6,0,7,0,8,0,9,0,10,0,11,0,12,0,13,0,14,0,15,0,16,0,17,0,18,0,19,0,20,0,21,0,22,0,23,0,24,0,25,0,26,0,27,0,28,0,29,0,30
"RIOK2",NA,0,1,0,2,0,3,0,4,0,5,0,6,0,7,0,8,0,9,0,10,0,11,0,12,0,13,0,14,0,15,0,16,0,17,0,18,0,19,0,20,0,21,0,22,0,23,0,24,0,25,0,26,0,27,0,28,0,29,0,30
"MFSD4A",NA,-0.267251963482396,1,-0.265792433873288,2,-0.277328613172665,3,-0.209863214471841,4,-0.272040518803738,5,-0.272040518803738,6,-0.267254212218405,7,-0.272040518803738,8,-0.209863214471841,9,-0.286213498298193,10,-0.287085530875292,11,-0.218442376428557,12,-0.251867305347133,13,-0.272040518803738,14,-0.265792433873288,15,-0.260876905195726,16,-0.267254212218405,17,-0.274929188593317,18,-0.267251963482396,19,-0.279877653472427,20,-0.277328613172665,21,-0.279877653472427,22,-0.267287811218372,23,-0.243595392743465,24,-0.274929188593317,25,-0.279877653472427,26,-0.282356910005468,27,-0.286213498298193,28,-0.283184321540307,29,-0.267254212218405,30
"DIS3L",NA,0,1,0,2,0,3,0,4,0,5,0,6,0,7,0,8,0,9,0,10,0,11,0,12,0,13,0,14,0,15,0,16,0,17,0,18,0,19,0,20,0,21,0,22,0,23,0,24,0,25,0,26,0,27,0,28,0,29,0,30
"ZNF836",NA,-0.130605688309641,1,-0.103259113015024,2,-0.0752201457402863,3,-0.0192291681657924,4,-0.0891781996184121,5,-0.0891781996184121,6,-0.122727850769928,7,-0.0891781996184121,8,-0.0192291681657924,9,-0.0368841410684277,10,-0.0444814173896244,11,-0.0206985142742848,12,-0.0255316462069029,13,-0.0891781996184121,14,-0.103259113015024,15,-0.0260579509199205,16,-0.122727850769928,17,-0.0821644482846548,18,-0.130605688309641,19,-0.068437587648281,20,-0.0752201457402863,21,-0.068437587648281,22,-0.138485535959927,23,-0.0242184552049135,24,-0.0821644482846548,25,-0.068437587648281,26,-0.0610342038289432,27,-0.0368841410684277,28,-0.0312601672039635,29,-0.122727850769928,30
"PNO1",NA,0,1,0,2,0,3,0,4,0,5,0,6,0,7,0,8,0,9,0,10,0,11,0,12,0,13,0,14,0,15,0,16,0,17,0,18,0,19,0,20,0,21,0,22,0,23,0,24,0,25,0,26,0,27,0,28,0,29,0,30
"FAM50B",NA,0,1,0,2,0,3,0,4,0,5,0,6,0,7,0,8,0,9,0,10,0,11,0,12,0,13,0,14,0,15,0,16,0,17,0,18,0,19,0,20,0,21,0,22,0,23,0,24,0,25,0,26,0,27,0,28,0,29,0,30
"IKZF3",NA,0,1,0,2,0,3,0,4,0,5,0,6,0,7,0,8,0,9,0,10,0,11,0,12,0,13,0,14,0,15,0,16,0,17,0,18,0,19,0,20,0,21,0,22,0,23,0,24,0,25,0,26,0,27,0,28,0,29,0,30
"CDR2L",NA,0.302443377963847,1,0.269759118160931,2,0.224724767547758,3,0.0826371659901509,4,0.247855209210125,5,0.247855209210125,6,0.291891977416213,7,0.247855209210125,8,0.0826371659901509,9,0.170374765902777,10,0.179802915924067,11,0.091668888888537,12,0.126616590991757,13,0.247855209210125,14,0.269759118160931,15,0.135162815021186,16,0.291891977416213,17,0.236662120321065,18,0.302443377963847,19,0.212449494305043,20,0.224724767547758,21,0.212449494305043,22,0.313326451356462,23,0.117715741502857,24,0.236662120321065,25,0.212449494305043,26,0.201527770665498,27,0.170374765902777,28,0.159669029158262,29,0.291891977416213,30
"HSP90B1",NA,0,1,0,2,0,3,0,4,0,5,0,6,0,7,0,8,0,9,0,10,0,11,0,12,0,13,0,14,0,15,0,16,0,17,0,18,0,19,0,20,0,21,0,22,0,23,0,24,0,25,0,26,0,27,0,28,0,29,0,30
"SYT15",NA,0.0502001159132049,1,0.0624158427375731,2,0.0790302708179568,3,0.0882998732357,4,0.0705197106072814,5,0.0705197106072814,6,0.0543351393397502,7,0.0705197106072814,8,0.0882998732357,9,0.0943521774914776,10,0.0927554733965515,11,0.0915437722164736,12,0.0968146938987608,13,0.0705197106072814,14,0.0624158427375731,15,0.0965516653223234,16,0.0543351393397502,17,0.0748282434598881,18,0.0502001159132049,19,0.0830552735212965,20,0.0790302708179568,21,0.0830552735212965,22,0.0455943532966026,23,0.0968634729660349,24,0.0748282434598881,25,0.0830552735212965,26,0.0860259256726595,27,0.0943521774914776,28,0.0951336519067581,29,0.0543351393397502,30
"SIDT1",NA,0,1,0,2,0,3,0,4,0,5,0,6,0,7,0,8,0,9,0,10,0,11,0,12,0,13,0,14,0,15,0,16,0,17,0,18,0,19,0,20,0,21,0,22,0,23,0,24,0,25,0,26,0,27,0,28,0,29,0,30
"VEGFB",NA,0,1,0,2,0,3,0,4,0,5,0,6,0,7,0,8,0,9,0,10,0,11,0,12,0,13,0,14,0,15,0,16,0,17,0,18,0,19,0,20,0,21,0,22,0,23,0,24,0,25,0,26,0,27,0,28,0,29,0,30
"SPTBN1",NA,0,1,0,2,0,3,0,4,0,5,0,6,0,7,0,8,0,9,0,10,0,11,0,12,0,13,0,14,0,15,0,16,0,17,0,18,0,19,0,20,0,21,0,22,0,23,0,24,0,25,0,26,0,27,0,28,0,29,0,30
"NAA15",NA,0,1,0,2,0,3,0,4,0,5,0,6,0,7,0,8,0,9,0,10,0,11,0,12,0,13,0,14,0,15,0,16,0,17,0,18,0,19,0,20,0,21,0,22,0,23,0,24,0,25,0,26,0,27,0,28,0,29,0,30
"ALDH18A1",NA,0,1,0,2,0,3,0,4,0,5,0,6,0,7,0,8,0,9,0,10,0,11,0,12,0,13,0,14,0,15,0,16,0,17,0,18,0,19,0,20,0,21,0,22,0,23,0,24,0,25,0,26,0,27,0,28,0,29,0,30
"LINC02035",NA,0,1,0,2,0,3,0,4,0,5,0,6,0,7,0,8,0,9,0,10,0,11,0,12,0,13,0,14,0,15,0,16,0,17,0,18,0,19,0,20,0,21,0,22,0,23,0,24,0,25,0,26,0,27,0,28,0,29,0,30
"ZNF383",NA,0,1,0,2,0,3,0,4,0,5,0,6,0,7,0,8,0,9,0,10,0,11,0,12,0,13,0,14,0,15,0,16,0,17,0,18,0,19,0,20,0,21,0,22,0,23,0,24,0,25,0,26,0,27,0,28,0,29,0,30
"WDR3",NA,0,1,0,2,0,3,0,4,0,5,0,6,0,7,0,8,0,9,0,10,0,11,0,12,0,13,0,14,0,15,0,16,0,17,0,18,0,19,0,20,0,21,0,22,0,23,0,24,0,25,0,26,0,27,0,28,0,29,0,30
"CCDC43",NA,0,1,0,2,0,3,0,4,0,5,0,6,0,7,0,8,0,9,0,10,0,11,0,12,0,13,0,14,0,15,0,16,0,17,0,18,0,19,0,20,0,21,0,22,0,23,0,24,0,25,0,26,0,27,0,28,0,29,0,30
"PARP1",NA,0,1,0,2,0,3,0,4,0,5,0,6,0,7,0,8,0,9,0,10,0,11,0,12,0,13,0,14,0,15,0,16,0,17,0,18,0,19,0,20,0,21,0,22,0,23,0,24,0,25,0,26,0,27,0,28,0,29,0,30
"CWF19L2",NA,0,1,0,2,0,3,0,4,0,5,0,6,0,7,0,8,0,9,0,10,0,11,0,12,0,13,0,14,0,15,0,16,0,17,0,18,0,19,0,20,0,21,0,22,0,23,0,24,0,25,0,26,0,27,0,28,0,29,0,30
"NEAT1",NA,0,1,0,2,0,3,0,4,0,5,0,6,0,7,0,8,0,9,0,10,0,11,0,12,0,13,0,14,0,15,0,16,0,17,0,18,0,19,0,20,0,21,0,22,0,23,0,24,0,25,0,26,0,27,0,28,0,29,0,30
"POLR1B",NA,0,1,0,2,0,3,0,4,0,5,0,6,0,7,0,8,0,9,0,10,0,11,0,12,0,13,0,14,0,15,0,16,0,17,0,18,0,19,0,20,0,21,0,22,0,23,0,24,0,25,0,26,0,27,0,28,0,29,0,30
"LINC01310",NA,0,1,0,2,0,3,0,4,0,5,0,6,0,7,0,8,0,9,0,10,0,11,0,12,0,13,0,14,0,15,0,16,0,17,0,18,0,19,0,20,0,21,0,22,0,23,0,24,0,25,0,26,0,27,0,28,0,29,0,30
"WDR92",NA,0,1,0,2,0,3,0,4,0,5,0,6,0,7,0,8,0,9,0,10,0,11,0,12,0,13,0,14,0,15,0,16,0,17,0,18,0,19,0,20,0,21,0,22,0,23,0,24,0,25,0,26,0,27,0,28,0,29,0,30
"BCKDHB",NA,0,1,0,2,0,3,0,4,0,5,0,6,0,7,0,8,0,9,0,10,0,11,0,12,0,13,0,14,0,15,0,16,0,17,0,18,0,19,0,20,0,21,0,22,0,23,0,24,0,25,0,26,0,27,0,28,0,29,0,30
"TSEN54",NA,0,1,0,2,0,3,0,4,0,5,0,6,0,7,0,8,0,9,0,10,0,11,0,12,0,13,0,14,0,15,0,16,0,17,0,18,0,19,0,20,0,21,0,22,0,23,0,24,0,25,0,26,0,27,0,28,0,29,0,30
"TIMM21",NA,0,1,0,2,0,3,0,4,0,5,0,6,0,7,0,8,0,9,0,10,0,11,0,12,0,13,0,14,0,15,0,16,0,17,0,18,0,19,0,20,0,21,0,22,0,23,0,24,0,25,0,26,0,27,0,28,0,29,0,30
"MRPL51",NA,0,1,0,2,0,3,0,4,0,5,0,6,0,7,0,8,0,9,0,10,0,11,0,12,0,13,0,14,0,15,0,16,0,17,0,18,0,19,0,20,0,21,0,22,0,23,0,24,0,25,0,26,0,27,0,28,0,29,0,30
"EIF5B",NA,0,1,0,2,0,3,0,4,0,5,0,6,0,7,0,8,0,9,0,10,0,11,0,12,0,13,0,14,0,15,0,16,0,17,0,18,0,19,0,20,0,21,0,22,0,23,0,24,0,25,0,26,0,27,0,28,0,29,0,30
"PRG1",NA,0.20951172904963,1,0.187735708021942,2,0.155356285130247,3,0.00333950335683253,4,0.172320559390713,5,0.172320559390713,6,0.202570610184739,7,0.172320559390713,8,0.00333950335683253,9,0.112784617719901,10,0.122447776697462,11,0.0148233124702788,12,0.0601828204989482,13,0.172320559390713,14,0.187735708021942,15,0.0711821873928432,16,0.202570610184739,17,0.163985462496445,18,0.20951172904963,19,0.147106229591779,20,0.155356285130247,21,0.147106229591779,22,0.215780399620475,23,0.0485568024623361,24,0.163985462496445,25,0.147106229591779,26,0.139037957685165,27,0.112784617719901,28,0.102816420840524,29,0.202570610184739,30
"PLRG1",NA,0,1,0,2,0,3,0,4,0,5,0,6,0,7,0,8,0,9,0,10,0,11,0,12,0,13,0,14,0,15,0,16,0,17,0,18,0,19,0,20,0,21,0,22,0,23,0,24,0,25,0,26,0,27,0,28,0,29,0,30
"ZNF699",NA,0,1,0,2,0,3,0,4,0,5,0,6,0,7,0,8,0,9,0,10,0,11,0,12,0,13,0,14,0,15,0,16,0,17,0,18,0,19,0,20,0,21,0,22,0,23,0,24,0,25,0,26,0,27,0,28,0,29,0,30
"ZNF614",NA,0,1,0,2,0,3,0,4,0,5,0,6,0,7,0,8,0,9,0,10,0,11,0,12,0,13,0,14,0,15,0,16,0,17,0,18,0,19,0,20,0,21,0,22,0,23,0,24,0,25,0,26,0,27,0,28,0,29,0,30
"TARS",NA,-0.329546205324557,1,-0.305456327801068,2,-0.279538461358328,3,-0.190187061843125,4,-0.292631357438909,5,-0.292631357438909,6,-0.322393626210466,7,-0.292631357438909,8,-0.190187061843125,9,-0.256669103262989,10,-0.2616281719528,11,-0.198271850412783,12,-0.227117703398043,13,-0.292631357438909,14,-0.305456327801068,15,-0.234140938953434,16,-0.322393626210466,17,-0.285968253518551,18,-0.329546205324557,19,-0.273689645233598,20,-0.279538461358328,21,-0.273689645233598,22,-0.337021614672615,23,-0.220396631341228,24,-0.285968253518551,25,-0.273689645233598,26,-0.269261817646848,27,-0.256669103262989,28,-0.252514126650668,29,-0.322393626210466,30
"STK39",NA,0,1,0,2,0,3,0,4,0,5,0,6,0,7,0,8,0,9,0,10,0,11,0,12,0,13,0,14,0,15,0,16,0,17,0,18,0,19,0,20,0,21,0,22,0,23,0,24,0,25,0,26,0,27,0,28,0,29,0,30
"CCND2",NA,0,1,0,2,0,3,0,4,0,5,0,6,0,7,0,8,0,9,0,10,0,11,0,12,0,13,0,14,0,15,0,16,0,17,0,18,0,19,0,20,0,21,0,22,0,23,0,24,0,25,0,26,0,27,0,28,0,29,0,30
"LCMT2",NA,0,1,0,2,0,3,0,4,0,5,0,6,0,7,0,8,0,9,0,10,0,11,0,12,0,13,0,14,0,15,0,16,0,17,0,18,0,19,0,20,0,21,0,22,0,23,0,24,0,25,0,26,0,27,0,28,0,29,0,30
"EIF2AK3",NA,0,1,0,2,0,3,0,4,0,5,0,6,0,7,0,8,0,9,0,10,0,11,0,12,0,13,0,14,0,15,0,16,0,17,0,18,0,19,0,20,0,21,0,22,0,23,0,24,0,25,0,26,0,27,0,28,0,29,0,30
"CYB5R1",NA,0,1,0,2,0,3,0,4,0,5,0,6,0,7,0,8,0,9,0,10,0,11,0,12,0,13,0,14,0,15,0,16,0,17,0,18,0,19,0,20,0,21,0,22,0,23,0,24,0,25,0,26,0,27,0,28,0,29,0,30
"NDRG2",NA,0,1,0,2,0,3,0,4,0,5,0,6,0,7,0,8,0,9,0,10,0,11,0,12,0,13,0,14,0,15,0,16,0,17,0,18,0,19,0,20,0,21,0,22,0,23,0,24,0,25,0,26,0,27,0,28,0,29,0,30
"PPP1R16B",NA,0,1,0,2,0,3,0,4,0,5,0,6,0,7,0,8,0,9,0,10,0,11,0,12,0,13,0,14,0,15,0,16,0,17,0,18,0,19,0,20,0,21,0,22,0,23,0,24,0,25,0,26,0,27,0,28,0,29,0,30
"ZNF500",NA,-0.00800398883564636,1,0,2,0,3,0,4,0,5,0,6,-0.000266939917181905,7,0,8,0,9,0,10,0,11,0,12,0,13,0,14,0,15,0,16,-0.000266939917181905,17,0,18,-0.00800398883564636,19,0,20,0,21,0,22,-0.0163408544245076,23,0,24,0,25,0,26,0,27,0,28,0,29,-0.000266939917181905,30
"ZNF45",NA,0,1,0,2,0,3,0,4,0,5,0,6,0,7,0,8,0,9,0,10,0,11,0,12,0,13,0,14,0,15,0,16,0,17,0,18,0,19,0,20,0,21,0,22,0,23,0,24,0,25,0,26,0,27,0,28,0,29,0,30
"NOLC1",NA,0,1,0,2,0,3,0,4,0,5,0,6,0,7,0,8,0,9,0,10,0,11,0,12,0,13,0,14,0,15,0,16,0,17,0,18,0,19,0,20,0,21,0,22,0,23,0,24,0,25,0,26,0,27,0,28,0,29,0,30
"PXDNL",NA,-0.0233539484698089,1,-0.0246372335152893,2,-0.0262926828990996,3,0,4,-0.0257666796561909,5,-0.0257666796561909,6,-0.0239977833664127,7,-0.0257666796561909,8,0,9,-0.0197217522917802,10,-0.0243474001990065,11,0,12,0,13,-0.0257666796561909,14,-0.0246372335152893,15,0,16,-0.0239977833664127,17,-0.0262760275906733,18,-0.0233539484698089,19,-0.0263726508093632,20,-0.0262926828990996,21,-0.0263726508093632,22,-0.022801474991733,23,0,24,-0.0262760275906733,25,-0.0263726508093632,26,-0.0262518317952371,27,-0.0197217522917802,28,-0.0149276944450602,29,-0.0239977833664127,30
"CD63",NA,0,1,0,2,0,3,0,4,0,5,0,6,0,7,0,8,0,9,0,10,0,11,0,12,0,13,0,14,0,15,0,16,0,17,0,18,0,19,0,20,0,21,0,22,0,23,0,24,0,25,0,26,0,27,0,28,0,29,0,30
"MCM6",NA,0,1,0,2,0,3,0,4,0,5,0,6,0,7,0,8,0,9,0,10,0,11,0,12,0,13,0,14,0,15,0,16,0,17,0,18,0,19,0,20,0,21,0,22,0,23,0,24,0,25,0,26,0,27,0,28,0,29,0,30
"MCM2",NA,-0.167175257827696,1,-0.153382730017807,2,-0.131376280842957,3,-0.0233972751638169,4,-0.143273978479693,5,-0.143273978479693,6,-0.163110801379552,7,-0.143273978479693,8,-0.0233972751638169,9,-0.0918430720118492,10,-0.0983311633081472,11,-0.0283599461377539,12,-0.0552500364432627,13,-0.143273978479693,14,-0.153382730017807,15,-0.0627032299211626,16,-0.163110801379552,17,-0.137527216365646,18,-0.167175257827696,19,-0.125374020311614,20,-0.131376280842957,21,-0.125374020311614,22,-0.171497368280951,23,-0.0473352051194793,24,-0.137527216365646,25,-0.125374020311614,26,-0.117868500844826,27,-0.0918430720118492,28,-0.0858960899508603,29,-0.163110801379552,30
"MIR1243",NA,0,1,0,2,0,3,0,4,0,5,0,6,0,7,0,8,0,9,0,10,0,11,0,12,0,13,0,14,0,15,0,16,0,17,0,18,0,19,0,20,0,21,0,22,0,23,0,24,0,25,0,26,0,27,0,28,0,29,0,30
"PLEKHA8P1",NA,0,1,0,2,0,3,0,4,0,5,0,6,0,7,0,8,0,9,0,10,0,11,0,12,0,13,0,14,0,15,0,16,0,17,0,18,0,19,0,20,0,21,0,22,0,23,0,24,0,25,0,26,0,27,0,28,0,29,0,30
"CDKN2A.DT",NA,0.17915942180214,1,0.167814761770768,2,0.145440301506976,3,0.0562631654469298,4,0.15697480151935,5,0.15697480151935,6,0.175497066815802,7,0.15697480151935,8,0.0562631654469298,9,0.111562553940029,10,0.116204165339542,11,0.0615029781451524,12,0.0831824385641755,13,0.15697480151935,14,0.167814761770768,15,0.0887948487984028,16,0.175497066815802,17,0.15139360315712,18,0.17915942180214,19,0.138883261738187,20,0.145440301506976,21,0.138883261738187,22,0.18312377058938,23,0.0775866501457626,24,0.15139360315712,25,0.138883261738187,26,0.131349807567715,27,0.111562553940029,28,0.107166109081058,29,0.175497066815802,30
"HACD3",NA,0,1,0,2,0,3,0,4,0,5,0,6,0,7,0,8,0,9,0,10,0,11,0,12,0,13,0,14,0,15,0,16,0,17,0,18,0,19,0,20,0,21,0,22,0,23,0,24,0,25,0,26,0,27,0,28,0,29,0,30
"SSRP1",NA,0,1,0,2,0,3,0,4,0,5,0,6,0,7,0,8,0,9,0,10,0,11,0,12,0,13,0,14,0,15,0,16,0,17,0,18,0,19,0,20,0,21,0,22,0,23,0,24,0,25,0,26,0,27,0,28,0,29,0,30
"BCL9",NA,0,1,0,2,0,3,0,4,0,5,0,6,0,7,0,8,0,9,0,10,0,11,0,12,0,13,0,14,0,15,0,16,0,17,0,18,0,19,0,20,0,21,0,22,0,23,0,24,0,25,0,26,0,27,0,28,0,29,0,30
"ZNF136",NA,0,1,0,2,0,3,0,4,0,5,0,6,0,7,0,8,0,9,0,10,0,11,0,12,0,13,0,14,0,15,0,16,0,17,0,18,0,19,0,20,0,21,0,22,0,23,0,24,0,25,0,26,0,27,0,28,0,29,0,30
"METTL16",NA,0,1,0,2,0,3,0,4,0,5,0,6,0,7,0,8,0,9,0,10,0,11,0,12,0,13,0,14,0,15,0,16,0,17,0,18,0,19,0,20,0,21,0,22,0,23,0,24,0,25,0,26,0,27,0,28,0,29,0,30
"ANXA6",NA,0,1,0,2,0,3,0,4,0,5,0,6,0,7,0,8,0,9,0,10,0,11,0,12,0,13,0,14,0,15,0,16,0,17,0,18,0,19,0,20,0,21,0,22,0,23,0,24,0,25,0,26,0,27,0,28,0,29,0,30
"SEC14L1P1",NA,0,1,0,2,0,3,0,4,0,5,0,6,0,7,0,8,0,9,0,10,0,11,0,12,0,13,0,14,0,15,0,16,0,17,0,18,0,19,0,20,0,21,0,22,0,23,0,24,0,25,0,26,0,27,0,28,0,29,0,30
"SF3A3",NA,0.0818350070826191,1,0.0447920536201217,2,0,3,0,4,0.0199610626405118,5,0.0199610626405118,6,0.0681583594861855,7,0.0199610626405118,8,0,9,0,10,0,11,0,12,0,13,0.0199610626405118,14,0.0447920536201217,15,0,16,0.0681583594861855,17,0.0072888011579594,18,0.0818350070826191,19,0,20,0,21,0,22,0.0955688377044956,23,0,24,0.0072888011579594,25,0,26,0,27,0,28,0,29,0.0681583594861855,30
"MPP5",NA,0,1,0,2,0,3,0,4,0,5,0,6,0,7,0,8,0,9,0,10,0,11,0,12,0,13,0,14,0,15,0,16,0,17,0,18,0,19,0,20,0,21,0,22,0,23,0,24,0,25,0,26,0,27,0,28,0,29,0,30
"ZNF331",NA,0,1,0,2,0,3,0,4,0,5,0,6,0,7,0,8,0,9,0,10,0,11,0,12,0,13,0,14,0,15,0,16,0,17,0,18,0,19,0,20,0,21,0,22,0,23,0,24,0,25,0,26,0,27,0,28,0,29,0,30
"RSL1D1",NA,0,1,0,2,0,3,0,4,0,5,0,6,0,7,0,8,0,9,0,10,0,11,0,12,0,13,0,14,0,15,0,16,0,17,0,18,0,19,0,20,0,21,0,22,0,23,0,24,0,25,0,26,0,27,0,28,0,29,0,30
"MIR106B",NA,0.191738632996655,1,0.176237053341126,2,0.152347071903497,3,0.0230337969609457,4,0.164836245691378,5,0.164836245691378,6,0.187806606011224,7,0.164836245691378,8,0.0230337969609457,9,0.117779532931002,10,0.124342059811148,11,0.0321948924949238,12,0.072481145262254,13,0.164836245691378,14,0.176237053341126,15,0.0832971504681966,16,0.187806606011224,17,0.15874489241254,18,0.191738632996655,19,0.145544212967813,20,0.152347071903497,21,0.145544212967813,22,0.195614406483858,23,0.0620074223230571,24,0.15874489241254,25,0.145544212967813,26,0.138390550197264,27,0.117779532931002,28,0.111697718833898,29,0.187806606011224,30
"C1orf123",NA,0,1,0,2,0,3,0,4,0,5,0,6,0,7,0,8,0,9,0,10,0,11,0,12,0,13,0,14,0,15,0,16,0,17,0,18,0,19,0,20,0,21,0,22,0,23,0,24,0,25,0,26,0,27,0,28,0,29,0,30
"FBXO31",NA,0.0844615836741579,1,0.0506509635758536,2,0.017088404437411,3,0,4,0.0339515233136567,5,0.0339515233136567,6,0.0725748314149847,7,0.0339515233136567,8,0,9,0,10,0,11,0,12,0,13,0.0339515233136567,14,0.0506509635758536,15,0,16,0.0725748314149847,17,0.0257046164668545,18,0.0844615836741579,19,0.00872394859943306,20,0.017088404437411,21,0.00872394859943306,22,0.0955479157730879,23,0,24,0.0257046164668545,25,0.00872394859943306,26,0,27,0,28,0,29,0.0725748314149847,30
"BIN1",NA,0,1,0,2,0,3,0,4,0,5,0,6,0,7,0,8,0,9,0,10,0,11,0,12,0,13,0,14,0,15,0,16,0,17,0,18,0,19,0,20,0,21,0,22,0,23,0,24,0,25,0,26,0,27,0,28,0,29,0,30
"PCDHGB7",NA,0,1,0,2,0,3,0,4,0,5,0,6,0,7,0,8,0,9,0,10,0,11,0,12,0,13,0,14,0,15,0,16,0,17,0,18,0,19,0,20,0,21,0,22,0,23,0,24,0,25,0,26,0,27,0,28,0,29,0,30
"TTC3",NA,0,1,0,2,0,3,0,4,0,5,0,6,0,7,0,8,0,9,0,10,0,11,0,12,0,13,0,14,0,15,0,16,0,17,0,18,0,19,0,20,0,21,0,22,0,23,0,24,0,25,0,26,0,27,0,28,0,29,0,30
"CSTF3",NA,0,1,0,2,0,3,0,4,0,5,0,6,0,7,0,8,0,9,0,10,0,11,0,12,0,13,0,14,0,15,0,16,0,17,0,18,0,19,0,20,0,21,0,22,0,23,0,24,0,25,0,26,0,27,0,28,0,29,0,30
"MAP3K9",NA,0,1,0,2,0,3,0,4,0,5,0,6,0,7,0,8,0,9,0,10,0,11,0,12,0,13,0,14,0,15,0,16,0,17,0,18,0,19,0,20,0,21,0,22,0,23,0,24,0,25,0,26,0,27,0,28,0,29,0,30
"CFAP298",NA,0,1,0,2,0,3,0,4,0,5,0,6,0,7,0,8,0,9,0,10,0,11,0,12,0,13,0,14,0,15,0,16,0,17,0,18,0,19,0,20,0,21,0,22,0,23,0,24,0,25,0,26,0,27,0,28,0,29,0,30
"NLGN3",NA,0.163079528858443,1,0.144437464068063,2,0.1232933543849,3,0.0609527259370837,4,0.134877027183887,5,0.134877027183887,6,0.15527797566662,7,0.134877027183887,8,0.0609527259370837,9,0.0941231329877986,10,0.0992619185506775,11,0.0642524460947131,12,0.0762274579785601,13,0.134877027183887,14,0.144437464068063,15,0.0784865844094476,16,0.15527797566662,17,0.129203651974965,18,0.163079528858443,19,0.118205542444893,20,0.1232933543849,21,0.118205542444893,22,0.171482430072608,23,0.0731510270951883,24,0.129203651974965,25,0.118205542444893,26,0.112543167421508,27,0.0941231329877986,28,0.0878258962190603,29,0.15527797566662,30
"HTATSF1",NA,0,1,0,2,0,3,0,4,0,5,0,6,0,7,0,8,0,9,0,10,0,11,0,12,0,13,0,14,0,15,0,16,0,17,0,18,0,19,0,20,0,21,0,22,0,23,0,24,0,25,0,26,0,27,0,28,0,29,0,30
"DDX18",NA,0,1,0,2,0,3,0,4,0,5,0,6,0,7,0,8,0,9,0,10,0,11,0,12,0,13,0,14,0,15,0,16,0,17,0,18,0,19,0,20,0,21,0,22,0,23,0,24,0,25,0,26,0,27,0,28,0,29,0,30
"LAS1L",NA,0,1,0,2,0,3,0,4,0,5,0,6,0,7,0,8,0,9,0,10,0,11,0,12,0,13,0,14,0,15,0,16,0,17,0,18,0,19,0,20,0,21,0,22,0,23,0,24,0,25,0,26,0,27,0,28,0,29,0,30
"UTP20",NA,0,1,0,2,0,3,0,4,0,5,0,6,0,7,0,8,0,9,0,10,0,11,0,12,0,13,0,14,0,15,0,16,0,17,0,18,0,19,0,20,0,21,0,22,0,23,0,24,0,25,0,26,0,27,0,28,0,29,0,30
"IBTK",NA,0,1,0,2,0,3,0,4,0,5,0,6,0,7,0,8,0,9,0,10,0,11,0,12,0,13,0,14,0,15,0,16,0,17,0,18,0,19,0,20,0,21,0,22,0,23,0,24,0,25,0,26,0,27,0,28,0,29,0,30
"IPP",NA,0,1,0,2,0,3,0,4,0,5,0,6,0,7,0,8,0,9,0,10,0,11,0,12,0,13,0,14,0,15,0,16,0,17,0,18,0,19,0,20,0,21,0,22,0,23,0,24,0,25,0,26,0,27,0,28,0,29,0,30
"LINC00330",NA,0,1,0,2,0,3,0,4,0,5,0,6,0,7,0,8,0,9,0,10,0,11,0,12,0,13,0,14,0,15,0,16,0,17,0,18,0,19,0,20,0,21,0,22,0,23,0,24,0,25,0,26,0,27,0,28,0,29,0,30
"MIR4489",NA,0,1,0,2,0,3,0,4,0,5,0,6,0,7,0,8,0,9,0,10,0,11,0,12,0,13,0,14,0,15,0,16,0,17,0,18,0,19,0,20,0,21,0,22,0,23,0,24,0,25,0,26,0,27,0,28,0,29,0,30
"DNAJC21",NA,0,1,0,2,0,3,0,4,0,5,0,6,0,7,0,8,0,9,0,10,0,11,0,12,0,13,0,14,0,15,0,16,0,17,0,18,0,19,0,20,0,21,0,22,0,23,0,24,0,25,0,26,0,27,0,28,0,29,0,30
"SLFN5",NA,0,1,0,2,0,3,0,4,0,5,0,6,0,7,0,8,0,9,0,10,0,11,0,12,0,13,0,14,0,15,0,16,0,17,0,18,0,19,0,20,0,21,0,22,0,23,0,24,0,25,0,26,0,27,0,28,0,29,0,30
"TOMM70",NA,0,1,0,2,0,3,0,4,0,5,0,6,0,7,0,8,0,9,0,10,0,11,0,12,0,13,0,14,0,15,0,16,0,17,0,18,0,19,0,20,0,21,0,22,0,23,0,24,0,25,0,26,0,27,0,28,0,29,0,30
"MTREX",NA,0,1,0,2,0,3,0,4,0,5,0,6,0,7,0,8,0,9,0,10,0,11,0,12,0,13,0,14,0,15,0,16,0,17,0,18,0,19,0,20,0,21,0,22,0,23,0,24,0,25,0,26,0,27,0,28,0,29,0,30
"GTF2H3",NA,0,1,0,2,0,3,0,4,0,5,0,6,0,7,0,8,0,9,0,10,0,11,0,12,0,13,0,14,0,15,0,16,0,17,0,18,0,19,0,20,0,21,0,22,0,23,0,24,0,25,0,26,0,27,0,28,0,29,0,30
"ZBTB3",NA,0,1,0,2,0,3,0,4,0,5,0,6,0,7,0,8,0,9,0,10,0,11,0,12,0,13,0,14,0,15,0,16,0,17,0,18,0,19,0,20,0,21,0,22,0,23,0,24,0,25,0,26,0,27,0,28,0,29,0,30
"SCAMP3",NA,0,1,0,2,0,3,0,4,0,5,0,6,0,7,0,8,0,9,0,10,0,11,0,12,0,13,0,14,0,15,0,16,0,17,0,18,0,19,0,20,0,21,0,22,0,23,0,24,0,25,0,26,0,27,0,28,0,29,0,30
"MAGED1",NA,0,1,0,2,0,3,0,4,0,5,0,6,0,7,0,8,0,9,0,10,0,11,0,12,0,13,0,14,0,15,0,16,0,17,0,18,0,19,0,20,0,21,0,22,0,23,0,24,0,25,0,26,0,27,0,28,0,29,0,30
"NSRP1",NA,0,1,0,2,0,3,0,4,0,5,0,6,0,7,0,8,0,9,0,10,0,11,0,12,0,13,0,14,0,15,0,16,0,17,0,18,0,19,0,20,0,21,0,22,0,23,0,24,0,25,0,26,0,27,0,28,0,29,0,30
"EXOSC2",NA,0,1,0,2,0,3,0,4,0,5,0,6,0,7,0,8,0,9,0,10,0,11,0,12,0,13,0,14,0,15,0,16,0,17,0,18,0,19,0,20,0,21,0,22,0,23,0,24,0,25,0,26,0,27,0,28,0,29,0,30
"PEBP1",NA,0,1,0,2,0,3,0,4,0,5,0,6,0,7,0,8,0,9,0,10,0,11,0,12,0,13,0,14,0,15,0,16,0,17,0,18,0,19,0,20,0,21,0,22,0,23,0,24,0,25,0,26,0,27,0,28,0,29,0,30
"BCAS2",NA,0,1,0,2,0,3,0,4,0,5,0,6,0,7,0,8,0,9,0,10,0,11,0,12,0,13,0,14,0,15,0,16,0,17,0,18,0,19,0,20,0,21,0,22,0,23,0,24,0,25,0,26,0,27,0,28,0,29,0,30
"TULP4",NA,0,1,0,2,0,3,0,4,0,5,0,6,0,7,0,8,0,9,0,10,0,11,0,12,0,13,0,14,0,15,0,16,0,17,0,18,0,19,0,20,0,21,0,22,0,23,0,24,0,25,0,26,0,27,0,28,0,29,0,30
"ZNF649.AS1",NA,0.324648468844785,1,0.305468835187527,2,0.289646651205477,3,0.183533554691383,4,0.297161071822217,5,0.297161071822217,6,0.317787992268247,7,0.297161071822217,8,0.183533554691383,9,0.260528585654523,10,0.268537078151545,11,0.192251924448878,12,0.224155114352248,13,0.297161071822217,14,0.305468835187527,15,0.230730095686966,16,0.317787992268247,17,0.293325383510556,18,0.324648468844785,19,0.285966529405177,20,0.289646651205477,21,0.285966529405177,22,0.331378630367136,23,0.216579799599503,24,0.293325383510556,25,0.285966529405177,26,0.281718516173123,27,0.260528585654523,28,0.252226651345205,29,0.317787992268247,30
"HNRNPR",NA,0,1,0,2,0,3,0,4,0,5,0,6,0,7,0,8,0,9,0,10,0,11,0,12,0,13,0,14,0,15,0,16,0,17,0,18,0,19,0,20,0,21,0,22,0,23,0,24,0,25,0,26,0,27,0,28,0,29,0,30
"SRP72",NA,0,1,0,2,0,3,0,4,0,5,0,6,0,7,0,8,0,9,0,10,0,11,0,12,0,13,0,14,0,15,0,16,0,17,0,18,0,19,0,20,0,21,0,22,0,23,0,24,0,25,0,26,0,27,0,28,0,29,0,30
"KLHL11",NA,0,1,0,2,0,3,0,4,0,5,0,6,0,7,0,8,0,9,0,10,0,11,0,12,0,13,0,14,0,15,0,16,0,17,0,18,0,19,0,20,0,21,0,22,0,23,0,24,0,25,0,26,0,27,0,28,0,29,0,30
"EBAG9",NA,0,1,0,2,0,3,0,4,0,5,0,6,0,7,0,8,0,9,0,10,0,11,0,12,0,13,0,14,0,15,0,16,0,17,0,18,0,19,0,20,0,21,0,22,0,23,0,24,0,25,0,26,0,27,0,28,0,29,0,30
"NCL",NA,0,1,0,2,0,3,0,4,0,5,0,6,0,7,0,8,0,9,0,10,0,11,0,12,0,13,0,14,0,15,0,16,0,17,0,18,0,19,0,20,0,21,0,22,0,23,0,24,0,25,0,26,0,27,0,28,0,29,0,30
"AARS",NA,0,1,0,2,0,3,0,4,0,5,0,6,0,7,0,8,0,9,0,10,0,11,0,12,0,13,0,14,0,15,0,16,0,17,0,18,0,19,0,20,0,21,0,22,0,23,0,24,0,25,0,26,0,27,0,28,0,29,0,30
"PLEC",NA,0.648553252870028,1,0.611114664020086,2,0.554491232458951,3,0.36905081040468,4,0.582631124059389,5,0.582631124059389,6,0.635571564675475,7,0.582631124059389,8,0.36905081040468,9,0.48531165731094,10,0.498647722349015,11,0.380067122672137,12,0.426248028149637,13,0.582631124059389,14,0.611114664020086,15,0.437872641731701,16,0.635571564675475,17,0.56874265388335,18,0.648553252870028,19,0.540275566864259,20,0.554491232458951,21,0.540275566864259,22,0.661723733203968,23,0.414214040243855,24,0.56874265388335,25,0.540275566864259,26,0.526783405536715,27,0.48531165731094,28,0.472449361566841,29,0.635571564675475,30
"IMPDH2",NA,0,1,0,2,0,3,0,4,0,5,0,6,0,7,0,8,0,9,0,10,0,11,0,12,0,13,0,14,0,15,0,16,0,17,0,18,0,19,0,20,0,21,0,22,0,23,0,24,0,25,0,26,0,27,0,28,0,29,0,30
"SUPT16H",NA,0,1,0,2,0,3,0,4,0,5,0,6,0,7,0,8,0,9,0,10,0,11,0,12,0,13,0,14,0,15,0,16,0,17,0,18,0,19,0,20,0,21,0,22,0,23,0,24,0,25,0,26,0,27,0,28,0,29,0,30
"DDX47",NA,0,1,0,2,0,3,0,4,0,5,0,6,0,7,0,8,0,9,0,10,0,11,0,12,0,13,0,14,0,15,0,16,0,17,0,18,0,19,0,20,0,21,0,22,0,23,0,24,0,25,0,26,0,27,0,28,0,29,0,30
"RIOK1",NA,0.0183565140496563,1,0.020337545862427,2,0.00516180598664059,3,0,4,0.013048691919199,5,0.013048691919199,6,0.0193342204530442,7,0.013048691919199,8,0,9,0,10,0,11,0,12,0,13,0.013048691919199,14,0.020337545862427,15,0,16,0.0193342204530442,17,0.00955608967301864,18,0.0183565140496563,19,0,20,0.00516180598664059,21,0,22,0.0161344281313819,23,0,24,0.00955608967301864,25,0,26,0,27,0,28,0,29,0.0193342204530442,30
"NOP56",NA,0,1,0,2,0,3,0,4,0,5,0,6,0,7,0,8,0,9,0,10,0,11,0,12,0,13,0,14,0,15,0,16,0,17,0,18,0,19,0,20,0,21,0,22,0,23,0,24,0,25,0,26,0,27,0,28,0,29,0,30
"HTR2A",NA,0.162384660099177,1,0.143653858043203,2,0.117894373078112,3,0.00387821466239618,4,0.130367759739379,5,0.130367759739379,6,0.155656493669145,7,0.130367759739379,8,0.00387821466239618,9,0.0885528823745667,10,0.0944666692399586,11,0.0150890604236423,12,0.0528915975526087,13,0.130367759739379,14,0.143653858043203,15,0.0608664968822947,16,0.155656493669145,17,0.123945557248462,18,0.162384660099177,19,0.11247407120195,20,0.117894373078112,21,0.11247407120195,22,0.168528564988276,23,0.0442539477032042,24,0.123945557248462,25,0.11247407120195,26,0.107258161300027,27,0.0885528823745667,28,0.0837722371405261,29,0.155656493669145,30
"DLAT",NA,0,1,0,2,0,3,0,4,0,5,0,6,0,7,0,8,0,9,0,10,0,11,0,12,0,13,0,14,0,15,0,16,0,17,0,18,0,19,0,20,0,21,0,22,0,23,0,24,0,25,0,26,0,27,0,28,0,29,0,30
"TRMT6",NA,0,1,0,2,0,3,0,4,0,5,0,6,0,7,0,8,0,9,0,10,0,11,0,12,0,13,0,14,0,15,0,16,0,17,0,18,0,19,0,20,0,21,0,22,0,23,0,24,0,25,0,26,0,27,0,28,0,29,0,30
"GNPTAB",NA,0,1,0,2,0,3,0,4,0,5,0,6,0,7,0,8,0,9,0,10,0,11,0,12,0,13,0,14,0,15,0,16,0,17,0,18,0,19,0,20,0,21,0,22,0,23,0,24,0,25,0,26,0,27,0,28,0,29,0,30
"KRT20",NA,0,1,0,2,0,3,0,4,0,5,0,6,0,7,0,8,0,9,0,10,0,11,0,12,0,13,0,14,0,15,0,16,0,17,0,18,0,19,0,20,0,21,0,22,0,23,0,24,0,25,0,26,0,27,0,28,0,29,0,30
"ZNF841",NA,0,1,0,2,0,3,0,4,0,5,0,6,0,7,0,8,0,9,0,10,0,11,0,12,0,13,0,14,0,15,0,16,0,17,0,18,0,19,0,20,0,21,0,22,0,23,0,24,0,25,0,26,0,27,0,28,0,29,0,30
"SGSH",NA,0.185624758786418,1,0.168812266971531,2,0.155648126882305,3,0.0805360183707954,4,0.163261146153089,5,0.163261146153089,6,0.178803875579118,7,0.163261146153089,8,0.0805360183707954,9,0.133022491783023,10,0.138820931774437,11,0.084436164002737,12,0.103062025188586,13,0.163261146153089,14,0.168812266971531,15,0.107859817634824,16,0.178803875579118,17,0.159676366514233,18,0.185624758786418,19,0.152100810444507,20,0.155648126882305,21,0.152100810444507,22,0.19182792395271,23,0.0975326908929937,24,0.159676366514233,25,0.152100810444507,26,0.147837114616203,27,0.133022491783023,28,0.124784110381843,29,0.178803875579118,30
"HSPA9",NA,0,1,0,2,0,3,0,4,0,5,0,6,0,7,0,8,0,9,0,10,0,11,0,12,0,13,0,14,0,15,0,16,0,17,0,18,0,19,0,20,0,21,0,22,0,23,0,24,0,25,0,26,0,27,0,28,0,29,0,30
"CALB1",NA,0,1,0,2,0,3,0,4,0,5,0,6,0,7,0,8,0,9,0,10,0,11,0,12,0,13,0,14,0,15,0,16,0,17,0,18,0,19,0,20,0,21,0,22,0,23,0,24,0,25,0,26,0,27,0,28,0,29,0,30
"NDUFA9",NA,0,1,0,2,0,3,0,4,0,5,0,6,0,7,0,8,0,9,0,10,0,11,0,12,0,13,0,14,0,15,0,16,0,17,0,18,0,19,0,20,0,21,0,22,0,23,0,24,0,25,0,26,0,27,0,28,0,29,0,30
"GPN1",NA,0,1,0,2,0,3,0,4,0,5,0,6,0,7,0,8,0,9,0,10,0,11,0,12,0,13,0,14,0,15,0,16,0,17,0,18,0,19,0,20,0,21,0,22,0,23,0,24,0,25,0,26,0,27,0,28,0,29,0,30
"BLID",NA,0,1,0,2,0,3,0,4,0,5,0,6,0,7,0,8,0,9,0,10,0,11,0,12,0,13,0,14,0,15,0,16,0,17,0,18,0,19,0,20,0,21,0,22,0,23,0,24,0,25,0,26,0,27,0,28,0,29,0,30
"USP11",NA,0,1,0,2,0,3,0,4,0,5,0,6,0,7,0,8,0,9,0,10,0,11,0,12,0,13,0,14,0,15,0,16,0,17,0,18,0,19,0,20,0,21,0,22,0,23,0,24,0,25,0,26,0,27,0,28,0,29,0,30
"RFC1",NA,0,1,0,2,0,3,0,4,0,5,0,6,0,7,0,8,0,9,0,10,0,11,0,12,0,13,0,14,0,15,0,16,0,17,0,18,0,19,0,20,0,21,0,22,0,23,0,24,0,25,0,26,0,27,0,28,0,29,0,30
"SUOX",NA,0.172539052469833,1,0.141302553316943,2,0.0938750214961189,3,0,4,0.118797115053508,5,0.118797115053508,6,0.161560301227731,7,0.118797115053508,8,0,9,0.024562421107497,10,0.0384423276149501,11,0,12,0,13,0.118797115053508,14,0.141302553316943,15,0,16,0.161560301227731,17,0.106600374900403,18,0.172539052469833,19,0.0813247577682192,20,0.0938750214961189,21,0.0813247577682192,22,0.18409854037769,23,0,24,0.106600374900403,25,0.0813247577682192,26,0.0676407190058692,27,0.024562421107497,28,0.00891185601365923,29,0.161560301227731,30
"GRWD1",NA,0,1,0,2,0,3,0,4,0,5,0,6,0,7,0,8,0,9,0,10,0,11,0,12,0,13,0,14,0,15,0,16,0,17,0,18,0,19,0,20,0,21,0,22,0,23,0,24,0,25,0,26,0,27,0,28,0,29,0,30
"SERBP1",NA,0,1,0,2,0,3,0,4,0,5,0,6,0,7,0,8,0,9,0,10,0,11,0,12,0,13,0,14,0,15,0,16,0,17,0,18,0,19,0,20,0,21,0,22,0,23,0,24,0,25,0,26,0,27,0,28,0,29,0,30
"SPRTN",NA,-0.087634075253817,1,-0.0700380407068442,2,-0.0600990704242753,3,-0.024836469160618,4,-0.0635319628230361,5,-0.0635319628230361,6,-0.0819266830411515,7,-0.0635319628230361,8,-0.024836469160618,9,-0.0581799360448381,10,-0.0604686033971769,11,-0.0301690330392832,12,-0.0463940555234349,13,-0.0635319628230361,14,-0.0700380407068442,15,-0.0489571836539656,16,-0.0819266830411515,17,-0.0611839235721943,18,-0.087634075253817,19,-0.0596644450571763,20,-0.0600990704242753,21,-0.0596644450571763,22,-0.0929878782894449,23,-0.0435099384235356,24,-0.0611839235721943,25,-0.0596644450571763,26,-0.0601375930479353,27,-0.0581799360448381,28,-0.0552658969802947,29,-0.0819266830411515,30
"CDC23",NA,0,1,0,2,0,3,0,4,0,5,0,6,0,7,0,8,0,9,0,10,0,11,0,12,0,13,0,14,0,15,0,16,0,17,0,18,0,19,0,20,0,21,0,22,0,23,0,24,0,25,0,26,0,27,0,28,0,29,0,30
"PDCD4",NA,0,1,0,2,0,3,0,4,0,5,0,6,0,7,0,8,0,9,0,10,0,11,0,12,0,13,0,14,0,15,0,16,0,17,0,18,0,19,0,20,0,21,0,22,0,23,0,24,0,25,0,26,0,27,0,28,0,29,0,30
"TCEA1",NA,0,1,0,2,0,3,0,4,0,5,0,6,0,7,0,8,0,9,0,10,0,11,0,12,0,13,0,14,0,15,0,16,0,17,0,18,0,19,0,20,0,21,0,22,0,23,0,24,0,25,0,26,0,27,0,28,0,29,0,30
"RUVBL2",NA,0,1,0,2,0,3,0,4,0,5,0,6,0,7,0,8,0,9,0,10,0,11,0,12,0,13,0,14,0,15,0,16,0,17,0,18,0,19,0,20,0,21,0,22,0,23,0,24,0,25,0,26,0,27,0,28,0,29,0,30
"SRP68",NA,0,1,0,2,0,3,0,4,0,5,0,6,0,7,0,8,0,9,0,10,0,11,0,12,0,13,0,14,0,15,0,16,0,17,0,18,0,19,0,20,0,21,0,22,0,23,0,24,0,25,0,26,0,27,0,28,0,29,0,30
"NAA30",NA,0,1,0,2,0,3,0,4,0,5,0,6,0,7,0,8,0,9,0,10,0,11,0,12,0,13,0,14,0,15,0,16,0,17,0,18,0,19,0,20,0,21,0,22,0,23,0,24,0,25,0,26,0,27,0,28,0,29,0,30
"BRD3OS",NA,0,1,0,2,0,3,0,4,0,5,0,6,0,7,0,8,0,9,0,10,0,11,0,12,0,13,0,14,0,15,0,16,0,17,0,18,0,19,0,20,0,21,0,22,0,23,0,24,0,25,0,26,0,27,0,28,0,29,0,30
"EPRS",NA,0,1,0,2,0,3,0,4,0,5,0,6,0,7,0,8,0,9,0,10,0,11,0,12,0,13,0,14,0,15,0,16,0,17,0,18,0,19,0,20,0,21,0,22,0,23,0,24,0,25,0,26,0,27,0,28,0,29,0,30
"AES",NA,0,1,0,2,0,3,0,4,0,5,0,6,0,7,0,8,0,9,0,10,0,11,0,12,0,13,0,14,0,15,0,16,0,17,0,18,0,19,0,20,0,21,0,22,0,23,0,24,0,25,0,26,0,27,0,28,0,29,0,30
"RBBP7",NA,0,1,0,2,0,3,0,4,0,5,0,6,0,7,0,8,0,9,0,10,0,11,0,12,0,13,0,14,0,15,0,16,0,17,0,18,0,19,0,20,0,21,0,22,0,23,0,24,0,25,0,26,0,27,0,28,0,29,0,30
"PRPF19",NA,0,1,0,2,0,3,0,4,0,5,0,6,0,7,0,8,0,9,0,10,0,11,0,12,0,13,0,14,0,15,0,16,0,17,0,18,0,19,0,20,0,21,0,22,0,23,0,24,0,25,0,26,0,27,0,28,0,29,0,30
"DCAF1",NA,0,1,0,2,0,3,0,4,0,5,0,6,0,7,0,8,0,9,0,10,0,11,0,12,0,13,0,14,0,15,0,16,0,17,0,18,0,19,0,20,0,21,0,22,0,23,0,24,0,25,0,26,0,27,0,28,0,29,0,30
"ZNF275",NA,0,1,0,2,0,3,0,4,0,5,0,6,0,7,0,8,0,9,0,10,0,11,0,12,0,13,0,14,0,15,0,16,0,17,0,18,0,19,0,20,0,21,0,22,0,23,0,24,0,25,0,26,0,27,0,28,0,29,0,30
"LSG1",NA,0,1,0,2,0,3,0,4,0,5,0,6,0,7,0,8,0,9,0,10,0,11,0,12,0,13,0,14,0,15,0,16,0,17,0,18,0,19,0,20,0,21,0,22,0,23,0,24,0,25,0,26,0,27,0,28,0,29,0,30
"POLR3H",NA,0,1,0,2,0,3,0,4,0,5,0,6,0,7,0,8,0,9,0,10,0,11,0,12,0,13,0,14,0,15,0,16,0,17,0,18,0,19,0,20,0,21,0,22,0,23,0,24,0,25,0,26,0,27,0,28,0,29,0,30
"FASTKD5",NA,-0.00699378246550864,1,0,2,0,3,-0.0262339712534117,4,0,5,0,6,-0.00142078188186277,7,0,8,-0.0262339712534117,9,0,10,0,11,-0.0247850507951601,12,-0.0110819831722365,13,0,14,0,15,-0.00559489636618001,16,-0.00142078188186277,17,0,18,-0.00699378246550864,19,0,20,0,21,0,22,-0.0127344942080875,23,-0.0163846367520302,24,0,25,0,26,0,27,0,28,0,29,-0.00142078188186277,30
"SUV39H1",NA,0,1,0,2,0,3,0,4,0,5,0,6,0,7,0,8,0,9,0,10,0,11,0,12,0,13,0,14,0,15,0,16,0,17,0,18,0,19,0,20,0,21,0,22,0,23,0,24,0,25,0,26,0,27,0,28,0,29,0,30
"DDX20",NA,0,1,0,2,0,3,0,4,0,5,0,6,0,7,0,8,0,9,0,10,0,11,0,12,0,13,0,14,0,15,0,16,0,17,0,18,0,19,0,20,0,21,0,22,0,23,0,24,0,25,0,26,0,27,0,28,0,29,0,30
"DNAJB11",NA,0,1,0,2,0,3,0,4,0,5,0,6,0,7,0,8,0,9,0,10,0,11,0,12,0,13,0,14,0,15,0,16,0,17,0,18,0,19,0,20,0,21,0,22,0,23,0,24,0,25,0,26,0,27,0,28,0,29,0,30
"HSPA4",NA,0,1,0,2,0,3,0,4,0,5,0,6,0,7,0,8,0,9,0,10,0,11,0,12,0,13,0,14,0,15,0,16,0,17,0,18,0,19,0,20,0,21,0,22,0,23,0,24,0,25,0,26,0,27,0,28,0,29,0,30
"TMEM109",NA,0.260605976363993,1,0.210693394730511,2,0.115538309541606,3,0,4,0.16234275153167,5,0.16234275153167,6,0.244508118957967,7,0.16234275153167,8,0,9,0,10,0.00626521691805888,11,0,12,0,13,0.16234275153167,14,0.210693394730511,15,0,16,0.244508118957967,17,0.138581217267113,18,0.260605976363993,19,0.0921848117820272,20,0.115538309541606,21,0.0921848117820272,22,0.27651486367301,23,0,24,0.138581217267113,25,0.0921848117820272,26,0.0673831604588253,27,0,28,0,29,0.244508118957967,30
"DBR1",NA,0.1155499257747,1,0.0910668230246394,2,0.0403781229678973,3,0,4,0.0675972190809723,5,0.0675972190809723,6,0.107089150434316,7,0.0675972190809723,8,0,9,0,10,0,11,0,12,0,13,0.0675972190809723,14,0.0910668230246394,15,0,16,0.107089150434316,17,0.0547978896216938,18,0.1155499257747,19,0.0249048689382724,20,0.0403781229678973,21,0.0249048689382724,22,0.12444831232574,23,0,24,0.0547978896216938,25,0.0249048689382724,26,0.009075344311772,27,0,28,0,29,0.107089150434316,30
"CAMKK2",NA,0,1,0,2,0,3,0,4,0,5,0,6,0,7,0,8,0,9,0,10,0,11,0,12,0,13,0,14,0,15,0,16,0,17,0,18,0,19,0,20,0,21,0,22,0,23,0,24,0,25,0,26,0,27,0,28,0,29,0,30
"LMNB2",NA,-0.0207936381680614,1,0,2,0,3,0,4,0,5,0,6,-0.0140410994445581,7,0,8,0,9,0,10,0,11,0,12,0,13,0,14,0,15,0,16,-0.0140410994445581,17,0,18,-0.0207936381680614,19,0,20,0,21,0,22,-0.0268130521829286,23,0,24,0,25,0,26,0,27,0,28,0,29,-0.0140410994445581,30
"SMC3",NA,0,1,0,2,0,3,0,4,0,5,0,6,0,7,0,8,0,9,0,10,0,11,0,12,0,13,0,14,0,15,0,16,0,17,0,18,0,19,0,20,0,21,0,22,0,23,0,24,0,25,0,26,0,27,0,28,0,29,0,30
"RAP1GDS1",NA,0,1,0,2,0,3,0,4,0,5,0,6,0,7,0,8,0,9,0,10,0,11,0,12,0,13,0,14,0,15,0,16,0,17,0,18,0,19,0,20,0,21,0,22,0,23,0,24,0,25,0,26,0,27,0,28,0,29,0,30
"SEC22A",NA,0,1,0,2,0,3,0,4,0,5,0,6,0,7,0,8,0,9,0,10,0,11,0,12,0,13,0,14,0,15,0,16,0,17,0,18,0,19,0,20,0,21,0,22,0,23,0,24,0,25,0,26,0,27,0,28,0,29,0,30
"ATP1A1",NA,0,1,0,2,0,3,0,4,0,5,0,6,0,7,0,8,0,9,0,10,0,11,0,12,0,13,0,14,0,15,0,16,0,17,0,18,0,19,0,20,0,21,0,22,0,23,0,24,0,25,0,26,0,27,0,28,0,29,0,30
"PIH1D2",NA,0.0613358485101204,1,0.0696725690550966,2,0.0811251664825025,3,0.00776529076404177,4,0.075072890496297,5,0.075072890496297,6,0.0632268722182348,7,0.075072890496297,8,0.00776529076404177,9,0.0843072473412637,10,0.0861534262508588,11,0.0168732620943222,12,0.0522515101499809,13,0.075072890496297,14,0.0696725690550966,15,0.0599147824490773,16,0.0632268722182348,17,0.0782226944290233,18,0.0613358485101204,19,0.0836940645563997,20,0.0811251664825025,21,0.0836940645563997,22,0.0595052845719711,23,0.0437372173467576,24,0.0782226944290233,25,0.0836940645563997,26,0.0859629968997139,27,0.0843072473412637,28,0.0809835624297047,29,0.0632268722182348,30
"ZW10",NA,0,1,0,2,0,3,0,4,0,5,0,6,0,7,0,8,0,9,0,10,0,11,0,12,0,13,0,14,0,15,0,16,0,17,0,18,0,19,0,20,0,21,0,22,0,23,0,24,0,25,0,26,0,27,0,28,0,29,0,30
"KLHL20",NA,0,1,0,2,0,3,0,4,0,5,0,6,0,7,0,8,0,9,0,10,0,11,0,12,0,13,0,14,0,15,0,16,0,17,0,18,0,19,0,20,0,21,0,22,0,23,0,24,0,25,0,26,0,27,0,28,0,29,0,30
"SHQ1",NA,0,1,0,2,0,3,0,4,0,5,0,6,0,7,0,8,0,9,0,10,0,11,0,12,0,13,0,14,0,15,0,16,0,17,0,18,0,19,0,20,0,21,0,22,0,23,0,24,0,25,0,26,0,27,0,28,0,29,0,30
"ZNF280C",NA,0,1,0,2,0,3,0,4,0,5,0,6,0,7,0,8,0,9,0,10,0,11,0,12,0,13,0,14,0,15,0,16,0,17,0,18,0,19,0,20,0,21,0,22,0,23,0,24,0,25,0,26,0,27,0,28,0,29,0,30
"CPSF4",NA,0,1,0,2,0,3,0,4,0,5,0,6,0,7,0,8,0,9,0,10,0,11,0,12,0,13,0,14,0,15,0,16,0,17,0,18,0,19,0,20,0,21,0,22,0,23,0,24,0,25,0,26,0,27,0,28,0,29,0,30
"BAZ1B",NA,0,1,0,2,0,3,0,4,0,5,0,6,0,7,0,8,0,9,0,10,0,11,0,12,0,13,0,14,0,15,0,16,0,17,0,18,0,19,0,20,0,21,0,22,0,23,0,24,0,25,0,26,0,27,0,28,0,29,0,30
"TOE1",NA,0,1,0,2,0,3,0,4,0,5,0,6,0,7,0,8,0,9,0,10,0,11,0,12,0,13,0,14,0,15,0,16,0,17,0,18,0,19,0,20,0,21,0,22,0,23,0,24,0,25,0,26,0,27,0,28,0,29,0,30
"TMEM209",NA,0,1,0,2,0,3,0,4,0,5,0,6,0,7,0,8,0,9,0,10,0,11,0,12,0,13,0,14,0,15,0,16,0,17,0,18,0,19,0,20,0,21,0,22,0,23,0,24,0,25,0,26,0,27,0,28,0,29,0,30
"EIF4A3",NA,-0.0138193061620641,1,0,2,0,3,0,4,0,5,0,6,-0.0054221227414327,7,0,8,0,9,0,10,0,11,0,12,0,13,0,14,0,15,0,16,-0.0054221227414327,17,0,18,-0.0138193061620641,19,0,20,0,21,0,22,-0.022064531554494,23,0,24,0,25,0,26,0,27,0,28,0,29,-0.0054221227414327,30
"PRPS1",NA,0,1,0,2,0,3,0,4,0,5,0,6,0,7,0,8,0,9,0,10,0,11,0,12,0,13,0,14,0,15,0,16,0,17,0,18,0,19,0,20,0,21,0,22,0,23,0,24,0,25,0,26,0,27,0,28,0,29,0,30
"DKC1",NA,0,1,0,2,0,3,0,4,0,5,0,6,0,7,0,8,0,9,0,10,0,11,0,12,0,13,0,14,0,15,0,16,0,17,0,18,0,19,0,20,0,21,0,22,0,23,0,24,0,25,0,26,0,27,0,28,0,29,0,30
"ACADVL",NA,0.128877241644902,1,0.141924270621808,2,0.159081485995134,3,0.112856980958368,4,0.151315040123743,5,0.151315040123743,6,0.133454390005574,7,0.151315040123743,8,0.112856980958368,9,0.177504674674319,10,0.17360601218828,11,0.124432017295329,12,0.161139133659441,13,0.151315040123743,14,0.141924270621808,15,0.1672948318447,16,0.133454390005574,17,0.155623771515287,18,0.128877241644902,19,0.162257716154926,20,0.159081485995134,21,0.162257716154926,22,0.124408497271329,23,0.15412549810476,24,0.155623771515287,25,0.162257716154926,26,0.16612156215279,27,0.177504674674319,28,0.180915008257434,29,0.133454390005574,30
"ZNF574",NA,0,1,0,2,0,3,0,4,0,5,0,6,0,7,0,8,0,9,0,10,0,11,0,12,0,13,0,14,0,15,0,16,0,17,0,18,0,19,0,20,0,21,0,22,0,23,0,24,0,25,0,26,0,27,0,28,0,29,0,30
"ATP8A2",NA,0,1,0,2,0,3,0,4,0,5,0,6,0,7,0,8,0,9,0,10,0,11,0,12,0,13,0,14,0,15,0,16,0,17,0,18,0,19,0,20,0,21,0,22,0,23,0,24,0,25,0,26,0,27,0,28,0,29,0,30
"ATG16L2",NA,0,1,0,2,0,3,0,4,0,5,0,6,0,7,0,8,0,9,0,10,0,11,0,12,0,13,0,14,0,15,0,16,0,17,0,18,0,19,0,20,0,21,0,22,0,23,0,24,0,25,0,26,0,27,0,28,0,29,0,30
"MAP7D3",NA,0,1,0,2,0,3,0,4,0,5,0,6,0,7,0,8,0,9,0,10,0,11,0,12,0,13,0,14,0,15,0,16,0,17,0,18,0,19,0,20,0,21,0,22,0,23,0,24,0,25,0,26,0,27,0,28,0,29,0,30
"ZBTB4",NA,0,1,0,2,0,3,0,4,0,5,0,6,0,7,0,8,0,9,0,10,0,11,0,12,0,13,0,14,0,15,0,16,0,17,0,18,0,19,0,20,0,21,0,22,0,23,0,24,0,25,0,26,0,27,0,28,0,29,0,30
"TSN",NA,0,1,0,2,0,3,0,4,0,5,0,6,0,7,0,8,0,9,0,10,0,11,0,12,0,13,0,14,0,15,0,16,0,17,0,18,0,19,0,20,0,21,0,22,0,23,0,24,0,25,0,26,0,27,0,28,0,29,0,30
"RUFY2",NA,0,1,0,2,0,3,0,4,0,5,0,6,0,7,0,8,0,9,0,10,0,11,0,12,0,13,0,14,0,15,0,16,0,17,0,18,0,19,0,20,0,21,0,22,0,23,0,24,0,25,0,26,0,27,0,28,0,29,0,30
"TDP1",NA,0,1,0,2,0,3,0,4,0,5,0,6,0,7,0,8,0,9,0,10,0,11,0,12,0,13,0,14,0,15,0,16,0,17,0,18,0,19,0,20,0,21,0,22,0,23,0,24,0,25,0,26,0,27,0,28,0,29,0,30
"MCTP1",NA,0,1,0,2,0,3,0,4,0,5,0,6,0,7,0,8,0,9,0,10,0,11,0,12,0,13,0,14,0,15,0,16,0,17,0,18,0,19,0,20,0,21,0,22,0,23,0,24,0,25,0,26,0,27,0,28,0,29,0,30
"EHMT2",NA,0,1,0,2,0,3,0,4,0,5,0,6,0,7,0,8,0,9,0,10,0,11,0,12,0,13,0,14,0,15,0,16,0,17,0,18,0,19,0,20,0,21,0,22,0,23,0,24,0,25,0,26,0,27,0,28,0,29,0,30
"API5",NA,0,1,0,2,0,3,0,4,0,5,0,6,0,7,0,8,0,9,0,10,0,11,0,12,0,13,0,14,0,15,0,16,0,17,0,18,0,19,0,20,0,21,0,22,0,23,0,24,0,25,0,26,0,27,0,28,0,29,0,30
"POLR3K",NA,-0.259153364224719,1,-0.205185984599484,2,-0.13132780701959,3,0,4,-0.167186308674411,5,-0.167186308674411,6,-0.24236772391147,7,-0.167186308674411,8,0,9,-0.0569383307376033,10,-0.0681311875836157,11,0,12,-0.012587157877266,13,-0.167186308674411,14,-0.205185984599484,15,-0.020214975719726,16,-0.24236772391147,17,-0.148518669867194,18,-0.259153364224719,19,-0.115565018981883,20,-0.13132780701959,21,-0.115565018981883,22,-0.275648730118668,23,-0.00431716286079593,24,-0.148518669867194,25,-0.115565018981883,26,-0.0996377122642544,27,-0.0569383307376033,28,-0.0448007114920374,29,-0.24236772391147,30
"AIFM1",NA,0,1,0,2,0,3,0,4,0,5,0,6,0,7,0,8,0,9,0,10,0,11,0,12,0,13,0,14,0,15,0,16,0,17,0,18,0,19,0,20,0,21,0,22,0,23,0,24,0,25,0,26,0,27,0,28,0,29,0,30
"GORASP2",NA,0,1,0,2,0,3,0,4,0,5,0,6,0,7,0,8,0,9,0,10,0,11,0,12,0,13,0,14,0,15,0,16,0,17,0,18,0,19,0,20,0,21,0,22,0,23,0,24,0,25,0,26,0,27,0,28,0,29,0,30
"CCT4",NA,0,1,0,2,0,3,0,4,0,5,0,6,0,7,0,8,0,9,0,10,0,11,0,12,0,13,0,14,0,15,0,16,0,17,0,18,0,19,0,20,0,21,0,22,0,23,0,24,0,25,0,26,0,27,0,28,0,29,0,30
"MAP4",NA,0,1,0,2,0,3,0,4,0,5,0,6,0,7,0,8,0,9,0,10,0,11,0,12,0,13,0,14,0,15,0,16,0,17,0,18,0,19,0,20,0,21,0,22,0,23,0,24,0,25,0,26,0,27,0,28,0,29,0,30
"ASTE1",NA,0,1,0,2,0,3,0,4,0,5,0,6,0,7,0,8,0,9,0,10,0,11,0,12,0,13,0,14,0,15,0,16,0,17,0,18,0,19,0,20,0,21,0,22,0,23,0,24,0,25,0,26,0,27,0,28,0,29,0,30
"BRCC3",NA,0,1,0,2,0,3,0,4,0,5,0,6,0,7,0,8,0,9,0,10,0,11,0,12,0,13,0,14,0,15,0,16,0,17,0,18,0,19,0,20,0,21,0,22,0,23,0,24,0,25,0,26,0,27,0,28,0,29,0,30
"DGKI",NA,0,1,0,2,0,3,0.00510204961603315,4,0,5,0,6,0,7,0,8,0.00510204961603315,9,0,10,0,11,0.00562367684852769,12,0.00253885499457996,13,0,14,0,15,0.000153295120669592,16,0,17,0,18,0,19,0,20,0,21,0,22,0,23,0.00408734139431644,24,0,25,0,26,0,27,0,28,0,29,0,30
"NOB1",NA,0,1,0,2,0,3,0,4,0,5,0,6,0,7,0,8,0,9,0,10,0,11,0,12,0,13,0,14,0,15,0,16,0,17,0,18,0,19,0,20,0,21,0,22,0,23,0,24,0,25,0,26,0,27,0,28,0,29,0,30
"SLC35B4",NA,0,1,0,2,0,3,0,4,0,5,0,6,0,7,0,8,0,9,0,10,0,11,0,12,0,13,0,14,0,15,0,16,0,17,0,18,0,19,0,20,0,21,0,22,0,23,0,24,0,25,0,26,0,27,0,28,0,29,0,30
"CDK2AP2",NA,0,1,0,2,0,3,0,4,0,5,0,6,0,7,0,8,0,9,0,10,0,11,0,12,0,13,0,14,0,15,0,16,0,17,0,18,0,19,0,20,0,21,0,22,0,23,0,24,0,25,0,26,0,27,0,28,0,29,0,30
"UTP4",NA,0,1,0,2,0,3,0,4,0,5,0,6,0,7,0,8,0,9,0,10,0,11,0,12,0,13,0,14,0,15,0,16,0,17,0,18,0,19,0,20,0,21,0,22,0,23,0,24,0,25,0,26,0,27,0,28,0,29,0,30
"PHB",NA,0,1,0,2,0,3,0,4,0,5,0,6,0,7,0,8,0,9,0,10,0,11,0,12,0,13,0,14,0,15,0,16,0,17,0,18,0,19,0,20,0,21,0,22,0,23,0,24,0,25,0,26,0,27,0,28,0,29,0,30
"ZNF3",NA,0,1,0,2,0,3,0,4,0,5,0,6,0,7,0,8,0,9,0,10,0,11,0,12,0,13,0,14,0,15,0,16,0,17,0,18,0,19,0,20,0,21,0,22,0,23,0,24,0,25,0,26,0,27,0,28,0,29,0,30
"ATP5PB",NA,0,1,0,2,0,3,0,4,0,5,0,6,0,7,0,8,0,9,0,10,0,11,0,12,0,13,0,14,0,15,0,16,0,17,0,18,0,19,0,20,0,21,0,22,0,23,0,24,0,25,0,26,0,27,0,28,0,29,0,30
"EIF3G",NA,0,1,0,2,0,3,0,4,0,5,0,6,0,7,0,8,0,9,0,10,0,11,0,12,0,13,0,14,0,15,0,16,0,17,0,18,0,19,0,20,0,21,0,22,0,23,0,24,0,25,0,26,0,27,0,28,0,29,0,30
"MANBA",NA,0,1,0,2,0,3,0,4,0,5,0,6,0,7,0,8,0,9,0,10,0,11,0,12,0,13,0,14,0,15,0,16,0,17,0,18,0,19,0,20,0,21,0,22,0,23,0,24,0,25,0,26,0,27,0,28,0,29,0,30
"RNGTT",NA,0,1,0,2,0,3,0,4,0,5,0,6,0,7,0,8,0,9,0,10,0,11,0,12,0,13,0,14,0,15,0,16,0,17,0,18,0,19,0,20,0,21,0,22,0,23,0,24,0,25,0,26,0,27,0,28,0,29,0,30
"INTS9",NA,0,1,0,2,0,3,0,4,0,5,0,6,0,7,0,8,0,9,0,10,0,11,0,12,0,13,0,14,0,15,0,16,0,17,0,18,0,19,0,20,0,21,0,22,0,23,0,24,0,25,0,26,0,27,0,28,0,29,0,30
"TMSB10",NA,0,1,0,2,0,3,0,4,0,5,0,6,0,7,0,8,0,9,0,10,0,11,0,12,0,13,0,14,0,15,0,16,0,17,0,18,0,19,0,20,0,21,0,22,0,23,0,24,0,25,0,26,0,27,0,28,0,29,0,30
"USP14",NA,0,1,0,2,0,3,0,4,0,5,0,6,0,7,0,8,0,9,0,10,0,11,0,12,0,13,0,14,0,15,0,16,0,17,0,18,0,19,0,20,0,21,0,22,0,23,0,24,0,25,0,26,0,27,0,28,0,29,0,30
"ACACA",NA,0,1,0,2,0,3,0,4,0,5,0,6,0,7,0,8,0,9,0,10,0,11,0,12,0,13,0,14,0,15,0,16,0,17,0,18,0,19,0,20,0,21,0,22,0,23,0,24,0,25,0,26,0,27,0,28,0,29,0,30
"PRPF6",NA,0,1,0,2,0,3,0,4,0,5,0,6,0,7,0,8,0,9,0,10,0,11,0,12,0,13,0,14,0,15,0,16,0,17,0,18,0,19,0,20,0,21,0,22,0,23,0,24,0,25,0,26,0,27,0,28,0,29,0,30
"PRPF38A",NA,0,1,0,2,0,3,0,4,0,5,0,6,0,7,0,8,0,9,0,10,0,11,0,12,0,13,0,14,0,15,0,16,0,17,0,18,0,19,0,20,0,21,0,22,0,23,0,24,0,25,0,26,0,27,0,28,0,29,0,30
"PIK3R1",NA,0,1,0,2,0,3,0,4,0,5,0,6,0,7,0,8,0,9,0,10,0,11,0,12,0,13,0,14,0,15,0,16,0,17,0,18,0,19,0,20,0,21,0,22,0,23,0,24,0,25,0,26,0,27,0,28,0,29,0,30
"DRG1",NA,0,1,0,2,0,3,0,4,0,5,0,6,0,7,0,8,0,9,0,10,0,11,0,12,0,13,0,14,0,15,0,16,0,17,0,18,0,19,0,20,0,21,0,22,0,23,0,24,0,25,0,26,0,27,0,28,0,29,0,30
"DDX54",NA,0,1,0,2,0,3,0,4,0,5,0,6,0,7,0,8,0,9,0,10,0,11,0,12,0,13,0,14,0,15,0,16,0,17,0,18,0,19,0,20,0,21,0,22,0,23,0,24,0,25,0,26,0,27,0,28,0,29,0,30
"SAP30L",NA,0.0605126743408979,1,0.0266495051399801,2,0,3,0,4,0.00440758075059338,5,0.00440758075059338,6,0.0488358714299856,7,0.00440758075059338,8,0,9,0,10,0,11,0,12,0,13,0.00440758075059338,14,0.0266495051399801,15,0,16,0.0488358714299856,17,0,18,0.0605126743408979,19,0,20,0,21,0,22,0.0716370982368326,23,0,24,0,25,0,26,0,27,0,28,0,29,0.0488358714299856,30
"SCMH1",NA,0,1,0,2,0,3,0,4,0,5,0,6,0,7,0,8,0,9,0,10,0,11,0,12,0,13,0,14,0,15,0,16,0,17,0,18,0,19,0,20,0,21,0,22,0,23,0,24,0,25,0,26,0,27,0,28,0,29,0,30
"PRKCSH",NA,0,1,0,2,0,3,0,4,0,5,0,6,0,7,0,8,0,9,0,10,0,11,0,12,0,13,0,14,0,15,0,16,0,17,0,18,0,19,0,20,0,21,0,22,0,23,0,24,0,25,0,26,0,27,0,28,0,29,0,30
"CRLF3",NA,-0.203764049336575,1,-0.208863552828746,2,-0.201061938561138,3,-0.0827437365028176,4,-0.205941501296187,5,-0.205941501296187,6,-0.206781361032751,7,-0.205941501296187,8,-0.0827437365028176,9,-0.190784833097473,10,-0.193690931397051,11,-0.0937843210855486,12,-0.137490294654766,13,-0.205941501296187,14,-0.208863552828746,15,-0.151095564022176,16,-0.206781361032751,17,-0.203656984526122,18,-0.203764049336575,19,-0.198770696622828,20,-0.201061938561138,21,-0.198770696622828,22,-0.200673228543781,23,-0.125705744311524,24,-0.203656984526122,25,-0.198770696622828,26,-0.195969738679804,27,-0.190784833097473,28,-0.184688408004458,29,-0.206781361032751,30
"NARS",NA,0,1,0,2,0,3,0,4,0,5,0,6,0,7,0,8,0,9,0,10,0,11,0,12,0,13,0,14,0,15,0,16,0,17,0,18,0,19,0,20,0,21,0,22,0,23,0,24,0,25,0,26,0,27,0,28,0,29,0,30
"SLC12A4",NA,0,1,0,2,0,3,0,4,0,5,0,6,0,7,0,8,0,9,0,10,0,11,0,12,0,13,0,14,0,15,0,16,0,17,0,18,0,19,0,20,0,21,0,22,0,23,0,24,0,25,0,26,0,27,0,28,0,29,0,30
"EXOSC10",NA,0.131090777332129,1,0.0936088924307319,2,0.0519518862940039,3,0,4,0.0692588679542195,5,0.0692588679542195,6,0.117476390348051,7,0.0692588679542195,8,0,9,0,10,0.012756938368252,11,0,12,0,13,0.0692588679542195,14,0.0936088924307319,15,0,16,0.117476390348051,17,0.0598096665514483,18,0.131090777332129,19,0.0425616590172963,20,0.0519518862940039,21,0.0425616590172963,22,0.143968067475362,23,0,24,0.0598096665514483,25,0.0425616590172963,26,0.0322235277492359,27,0,28,0,29,0.117476390348051,30
"TECR",NA,0,1,0,2,0,3,0,4,0,5,0,6,0,7,0,8,0,9,0,10,0,11,0,12,0,13,0,14,0,15,0,16,0,17,0,18,0,19,0,20,0,21,0,22,0,23,0,24,0,25,0,26,0,27,0,28,0,29,0,30
"RPRD2",NA,0,1,0,2,0,3,0,4,0,5,0,6,0,7,0,8,0,9,0,10,0,11,0,12,0,13,0,14,0,15,0,16,0,17,0,18,0,19,0,20,0,21,0,22,0,23,0,24,0,25,0,26,0,27,0,28,0,29,0,30
"EIF3D",NA,0,1,0,2,0,3,0,4,0,5,0,6,0,7,0,8,0,9,0,10,0,11,0,12,0,13,0,14,0,15,0,16,0,17,0,18,0,19,0,20,0,21,0,22,0.00496602334284046,23,0,24,0,25,0,26,0,27,0,28,0,29,0,30
"PRPS2",NA,-0.125596067248085,1,-0.0829311575910452,2,-0.0278426797861324,3,-0.0247825195680325,4,-0.054131298014291,5,-0.054131298014291,6,-0.111273602794957,7,-0.054131298014291,8,-0.0247825195680325,9,0,10,0,11,-0.0217681204584354,12,0,13,-0.054131298014291,14,-0.0829311575910452,15,0,16,-0.111273602794957,17,-0.0406014436087839,18,-0.125596067248085,19,-0.0149857098737256,20,-0.0278426797861324,21,-0.0149857098737256,22,-0.139958159374191,23,-0.00659869680203723,24,-0.0406014436087839,25,-0.0149857098737256,26,-0.00223086185958261,27,0,28,0,29,-0.111273602794957,30
"ABT1",NA,0,1,0,2,0,3,0,4,0,5,0,6,0,7,0,8,0,9,0,10,0,11,0,12,0,13,0,14,0,15,0,16,0,17,0,18,0,19,0,20,0,21,0,22,0,23,0,24,0,25,0,26,0,27,0,28,0,29,0,30
"ASPSCR1",NA,-0.0945980728345786,1,-0.0723893469915694,2,-0.0399868595192855,3,0,4,-0.0562540168754742,5,-0.0562540168754742,6,-0.0881059616573961,7,-0.0562540168754742,8,0,9,-0.00464559944137101,10,-0.0113855885824212,11,0,12,0,13,-0.0562540168754742,14,-0.0723893469915694,15,0,16,-0.0881059616573961,17,-0.0478803645888172,18,-0.0945980728345786,19,-0.0327424337129943,20,-0.0399868595192855,21,-0.0327424337129943,22,-0.100620791180481,23,0,24,-0.0478803645888172,25,-0.0327424337129943,26,-0.0255293032561538,27,-0.00464559944137101,28,0,29,-0.0881059616573961,30
"LZIC",NA,0,1,0,2,0,3,0,4,0,5,0,6,0,7,0,8,0,9,0,10,0,11,0,12,0,13,0,14,0,15,0,16,0,17,0,18,0,19,0,20,0,21,0,22,0,23,0,24,0,25,0,26,0,27,0,28,0,29,0,30
"VAMP2",NA,-0.338193359770663,1,-0.300534623351874,2,-0.230030147873226,3,-0.0844994718402212,4,-0.264701271101901,5,-0.264701271101901,6,-0.325489671949227,7,-0.264701271101901,8,-0.0844994718402212,9,-0.157364407514221,10,-0.167995338030711,11,-0.0894463337453958,12,-0.116324196101236,13,-0.264701271101901,14,-0.300534623351874,15,-0.123694570448682,16,-0.325489671949227,17,-0.247016943848078,18,-0.338193359770663,19,-0.213499769565806,20,-0.230030147873226,21,-0.213499769565806,22,-0.351024802102552,23,-0.108536467364092,24,-0.247016943848078,25,-0.213499769565806,26,-0.197744169903184,27,-0.157364407514221,28,-0.146837944895466,29,-0.325489671949227,30
"CDC5L",NA,0,1,0,2,0,3,0,4,0,5,0,6,0,7,0,8,0,9,0,10,0,11,0,12,0,13,0,14,0,15,0,16,0,17,0,18,0,19,0,20,0,21,0,22,0,23,0,24,0,25,0,26,0,27,0,28,0,29,0,30
"MDH2",NA,0,1,0,2,0,3,0,4,0,5,0,6,0,7,0,8,0,9,0,10,0,11,0,12,0,13,0,14,0,15,0,16,0,17,0,18,0,19,0,20,0,21,0,22,0,23,0,24,0,25,0,26,0,27,0,28,0,29,0,30
"PRKAG1",NA,0.226977776985375,1,0.19984530085037,2,0.159449766946574,3,0.0587186710674536,4,0.180081583669347,5,0.180081583669347,6,0.219072358891031,7,0.180081583669347,8,0.0587186710674536,9,0.110340255800495,10,0.118566261800046,11,0.0645155879630396,12,0.083633240986881,13,0.180081583669347,14,0.19984530085037,15,0.0881688619669931,16,0.219072358891031,17,0.169902819708649,18,0.226977776985375,19,0.14921738186006,20,0.159449766946574,21,0.14921738186006,22,0.234504002197729,23,0.07942461170356,24,0.169902819708649,25,0.14921738186006,26,0.137929084712639,27,0.110340255800495,28,0.102156367719492,29,0.219072358891031,30
"CSTF1",NA,0,1,0,2,0,3,0,4,0,5,0,6,0,7,0,8,0,9,0,10,0,11,0,12,0,13,0,14,0,15,0,16,0,17,0,18,0,19,0,20,0,21,0,22,0,23,0,24,0,25,0,26,0,27,0,28,0,29,0,30
"METAP1",NA,0,1,0,2,0,3,0,4,0,5,0,6,0,7,0,8,0,9,0,10,0,11,0,12,0,13,0,14,0,15,0,16,0,17,0,18,0,19,0,20,0,21,0,22,0,23,0,24,0,25,0,26,0,27,0,28,0,29,0,30
"CLASRP",NA,0,1,0,2,0,3,0.0715943339592956,4,0,5,0,6,0,7,0,8,0.0715943339592956,9,0,10,0,11,0.0621629664726851,12,0.0274645852467575,13,0,14,0,15,0.0189241033060756,16,0,17,0,18,0,19,0,20,0,21,0,22,0,23,0.0359680623128486,24,0,25,0,26,0,27,0,28,0,29,0,30
"DHDDS",NA,0,1,0,2,0,3,0,4,0,5,0,6,0,7,0,8,0,9,0,10,0,11,0,12,0,13,0,14,0,15,0,16,0,17,0,18,0,19,0,20,0,21,0,22,0,23,0,24,0,25,0,26,0,27,0,28,0,29,0,30
"ELAVL1",NA,0,1,0,2,0,3,0,4,0,5,0,6,0,7,0,8,0,9,0,10,0,11,0,12,0,13,0,14,0,15,0,16,0,17,0,18,0,19,0,20,0,21,0,22,0,23,0,24,0,25,0,26,0,27,0,28,0,29,0,30
"MRPL49",NA,0,1,0,2,0,3,0,4,0,5,0,6,0,7,0,8,0,9,0,10,0,11,0,12,0,13,0,14,0,15,0,16,0,17,0,18,0,19,0,20,0,21,0,22,0,23,0,24,0,25,0,26,0,27,0,28,0,29,0,30
"FBXL12",NA,0,1,0,2,0,3,0,4,0,5,0,6,0,7,0,8,0,9,0,10,0,11,0,12,0,13,0,14,0,15,0,16,0,17,0,18,0,19,0,20,0,21,0,22,0,23,0,24,0,25,0,26,0,27,0,28,0,29,0,30
"PPP2R1A",NA,0,1,0,2,0,3,0,4,0,5,0,6,0,7,0,8,0,9,0,10,0,11,0,12,0,13,0,14,0,15,0,16,0,17,0,18,0,19,0,20,0,21,0,22,0,23,0,24,0,25,0,26,0,27,0,28,0,29,0,30
"HNRNPM",NA,0,1,0,2,0,3,0,4,0,5,0,6,0,7,0,8,0,9,0,10,0,11,0,12,0,13,0,14,0,15,0,16,0,17,0,18,0,19,0,20,0,21,0,22,0,23,0,24,0,25,0,26,0,27,0,28,0,29,0,30
"OR51A7",NA,0,1,0,2,0,3,0,4,0,5,0,6,0,7,0,8,0,9,0,10,0,11,0,12,0,13,0,14,0,15,0,16,0,17,0,18,0,19,0,20,0,21,0,22,0,23,0,24,0,25,0,26,0,27,0,28,0,29,0,30
"DLG1",NA,0,1,0,2,0,3,0,4,0,5,0,6,0,7,0,8,0,9,0,10,0,11,0,12,0,13,0,14,0,15,0,16,0,17,0,18,0,19,0,20,0,21,0,22,0,23,0,24,0,25,0,26,0,27,0,28,0,29,0,30
"YTHDF2",NA,-0.160354619576484,1,-0.151022047178421,2,-0.141497958804067,3,-0.123743707232571,4,-0.14459517220513,5,-0.14459517220513,6,-0.156519733499896,7,-0.14459517220513,8,-0.123743707232571,9,-0.143019681750051,10,-0.14146151122937,11,-0.128138780776644,12,-0.141843365069824,13,-0.14459517220513,14,-0.151022047178421,15,-0.143745231369946,16,-0.156519733499896,17,-0.142209289518441,18,-0.160354619576484,19,-0.141752197917794,20,-0.141497958804067,21,-0.141752197917794,22,-0.164578334143388,23,-0.139084940905656,24,-0.142209289518441,25,-0.141752197917794,26,-0.142352656471842,27,-0.143019681750051,28,-0.145547988177402,29,-0.156519733499896,30
"KHDRBS1",NA,0,1,0,2,0,3,0,4,0,5,0,6,0,7,0,8,0,9,0,10,0,11,0,12,0,13,0,14,0,15,0,16,0,17,0,18,0,19,0,20,0,21,0,22,0,23,0,24,0,25,0,26,0,27,0,28,0,29,0,30
"VPS11",NA,0,1,0,2,0,3,0,4,0,5,0,6,0,7,0,8,0,9,0,10,0,11,0,12,0,13,0,14,0,15,0,16,0,17,0,18,0,19,0,20,0,21,0,22,0,23,0,24,0,25,0,26,0,27,0,28,0,29,0,30
"PAICS",NA,-0.230212532767346,1,-0.194711197437662,2,-0.153384225144984,3,-0.0655478407454086,4,-0.174470334551996,5,-0.174470334551996,6,-0.218091590031508,7,-0.174470334551996,8,-0.0655478407454086,9,-0.101010814742906,10,-0.110073203018505,11,-0.0699209726775443,12,-0.085849941442075,13,-0.174470334551996,14,-0.194711197437662,15,-0.0874988579081694,16,-0.218091590031508,17,-0.164147088854148,18,-0.230212532767346,19,-0.142027576255081,20,-0.153384225144984,21,-0.142027576255081,22,-0.242615527677923,23,-0.0824637856737555,24,-0.164147088854148,25,-0.142027576255081,26,-0.131658344423216,27,-0.101010814742906,28,-0.0936098974909135,29,-0.218091590031508,30
"SARS",NA,0,1,0,2,0,3,0,4,0,5,0,6,0,7,0,8,0,9,0,10,0,11,0,12,0,13,0,14,0,15,0,16,0,17,0,18,0,19,0,20,0,21,0,22,0,23,0,24,0,25,0,26,0,27,0,28,0,29,0,30
"LRRC41",NA,-0.190707496925203,1,-0.180682803927374,2,-0.144170437117429,3,-0.00503970231031763,4,-0.163401073951182,5,-0.163401073951182,6,-0.188358686624227,7,-0.163401073951182,8,-0.00503970231031763,9,-0.0910111008499866,10,-0.0985120633318414,11,-0.0138935781072819,12,-0.0514699326188294,13,-0.163401073951182,14,-0.180682803927374,15,-0.0602913740942615,16,-0.188358686624227,17,-0.154167708055085,18,-0.190707496925203,19,-0.13317634476974,20,-0.144170437117429,21,-0.13317634476974,22,-0.193294383663449,23,-0.0418126904143343,24,-0.154167708055085,25,-0.13317634476974,26,-0.122478791998421,27,-0.0910111008499866,28,-0.0846379764530197,29,-0.188358686624227,30
"MED1",NA,0,1,0,2,0,3,0,4,0,5,0,6,0,7,0,8,0,9,0,10,0,11,0,12,0,13,0,14,0,15,0,16,0,17,0,18,0,19,0,20,0,21,0,22,0,23,0,24,0,25,0,26,0,27,0,28,0,29,0,30
"GGNBP2",NA,0,1,0,2,0,3,0,4,0,5,0,6,0,7,0,8,0,9,0,10,0,11,0,12,0,13,0,14,0,15,0,16,0,17,0,18,0,19,0,20,0,21,0,22,0,23,0,24,0,25,0,26,0,27,0,28,0,29,0,30
"COPS6",NA,0,1,0,2,0,3,0,4,0,5,0,6,0,7,0,8,0,9,0,10,0,11,0,12,0,13,0,14,0,15,0,16,0,17,0,18,0,19,0,20,0,21,0,22,0,23,0,24,0,25,0,26,0,27,0,28,0,29,0,30
"SMPX",NA,0,1,0,2,0,3,0,4,0,5,0,6,0,7,0,8,0,9,0,10,0,11,0,12,0,13,0,14,0,15,0,16,0,17,0,18,0,19,0,20,0,21,0,22,0,23,0,24,0,25,0,26,0,27,0,28,0,29,0,30
"ACBD3",NA,0,1,0,2,0,3,0,4,0,5,0,6,0,7,0,8,0,9,0,10,0,11,0,12,0,13,0,14,0,15,0,16,0,17,0,18,0,19,0,20,0,21,0,22,0,23,0,24,0,25,0,26,0,27,0,28,0,29,0,30
"AAR2",NA,0,1,0,2,0,3,0,4,0,5,0,6,0,7,0,8,0,9,0,10,0,11,0,12,0,13,0,14,0,15,0,16,0,17,0,18,0,19,0,20,0,21,0,22,0,23,0,24,0,25,0,26,0,27,0,28,0,29,0,30
"AQR",NA,0,1,0,2,0,3,0,4,0,5,0,6,0,7,0,8,0,9,0,10,0,11,0,12,0,13,0,14,0,15,0,16,0,17,0,18,0,19,0,20,0,21,0,22,0,23,0,24,0,25,0,26,0,27,0,28,0,29,0,30
"GMEB1",NA,0,1,0,2,0,3,0,4,0,5,0,6,0,7,0,8,0,9,0,10,0,11,0,12,0,13,0,14,0,15,0,16,0,17,0,18,0,19,0,20,0,21,0,22,0,23,0,24,0,25,0,26,0,27,0,28,0,29,0,30
"PPIB",NA,0,1,0,2,0,3,0,4,0,5,0,6,0,7,0,8,0,9,0,10,0,11,0,12,0,13,0,14,0,15,0,16,0,17,0,18,0,19,0,20,0,21,0,22,0,23,0,24,0,25,0,26,0,27,0,28,0,29,0,30
"GOLGA7",NA,0.462320269468557,1,0.42487798455497,2,0.37898031836935,3,0.195175299799365,4,0.402595402135952,5,0.402595402135952,6,0.450042240992341,7,0.402595402135952,8,0.195175299799365,9,0.313359988452399,10,0.326161327788092,11,0.207053584931465,12,0.25700932998475,13,0.402595402135952,14,0.42487798455497,15,0.269283732395312,16,0.450042240992341,17,0.391188384116232,18,0.462320269468557,19,0.366180326521719,20,0.37898031836935,21,0.366180326521719,22,0.474199391385027,23,0.244033223566623,24,0.391188384116232,25,0.366180326521719,26,0.35291951516514,27,0.313359988452399,28,0.30276994190871,29,0.450042240992341,30
"G3BP2",NA,0,1,0,2,0,3,0,4,0,5,0,6,0,7,0,8,0,9,0,10,0,11,0,12,0,13,0,14,0,15,0,16,0,17,0,18,0,19,0,20,0,21,0,22,0,23,0,24,0,25,0,26,0,27,0,28,0,29,0,30
"TERF2",NA,0,1,0,2,0,3,0,4,0,5,0,6,0,7,0,8,0,9,0,10,0,11,0,12,0,13,0,14,0,15,0,16,0,17,0,18,0,19,0,20,0,21,0,22,0,23,0,24,0,25,0,26,0,27,0,28,0,29,0,30
"MIR3117",NA,0.204584269948431,1,0.177097044701356,2,0.143055678720229,3,0.0869399377451495,4,0.160406334885795,5,0.160406334885795,6,0.196760140908237,7,0.160406334885795,8,0.0869399377451495,9,0.0991697175414133,10,0.106104897353152,11,0.0875366076131498,12,0.0896663086256567,13,0.160406334885795,14,0.177097044701356,15,0.0898818568791259,16,0.196760140908237,17,0.151848087423355,18,0.204584269948431,19,0.134587227874963,20,0.143055678720229,21,0.134587227874963,22,0.212421185811332,23,0.0894885572940803,24,0.151848087423355,25,0.134587227874963,26,0.1248068651398,27,0.0991697175414133,28,0.0920130307013842,29,0.196760140908237,30
"GLYR1",NA,-0.448336432605909,1,-0.412470730429921,2,-0.36191578747271,3,-0.231326599159301,4,-0.386138765251711,5,-0.386138765251711,6,-0.436987526923513,7,-0.386138765251711,8,-0.231326599159301,9,-0.317015582580834,10,-0.322193426674433,11,-0.240415915001377,12,-0.275753310028836,13,-0.386138765251711,14,-0.412470730429921,15,-0.285076350908583,16,-0.436987526923513,17,-0.37382375298305,18,-0.448336432605909,19,-0.350738267563488,20,-0.36191578747271,21,-0.350738267563488,22,-0.459232890814609,23,-0.26702022738517,24,-0.37382375298305,25,-0.350738267563488,26,-0.339336309382087,27,-0.317015582580834,28,-0.312999354898351,29,-0.436987526923513,30
"MED13",NA,0,1,0,2,0,3,0,4,0,5,0,6,0,7,0,8,0,9,0,10,0,11,0,12,0,13,0,14,0,15,0,16,0,17,0,18,0,19,0,20,0,21,0,22,0,23,0,24,0,25,0,26,0,27,0,28,0,29,0,30
