"","pred_lasso","y.test","s0","kcross","y.test","s0","kcross","y.test","s0","kcross","y.test","s0","kcross","y.test","s0","kcross","y.test","s0","kcross","y.test","s0","kcross","y.test","s0","kcross","y.test","s0","kcross","y.test","s0","kcross","y.test","s0","kcross","y.test","s0","kcross","y.test","s0","kcross","y.test","s0","kcross","y.test","s0","kcross","y.test","s0","kcross","y.test","s0","kcross","y.test","s0","kcross","y.test","s0","kcross","y.test","s0","kcross","y.test","s0","kcross","y.test","s0","kcross","y.test","s0","kcross","y.test","s0","kcross","y.test","s0","kcross","y.test","s0","kcross","y.test","s0","kcross","y.test","s0","kcross","y.test","s0","kcross","y.test","s0","kcross"
"GSM1437801",NA,0,0.364871346005277,1,0,0.330439441612694,2,0,0.277952704601099,3,0,0.235977882224058,4,0,0.302972012084515,5,0,0.302972012084515,6,0,0.353582258873799,7,0,0.302972012084515,8,0,0.235977882224058,9,0,0.227937669669508,10,0,0.230645212910566,11,0,0.232991650853794,12,0,0.228669850614585,13,0,0.302972012084515,14,0,0.330439441612694,15,0,0.230022332067977,16,0,0.353582258873799,17,0,0.290250959144551,18,0,0.364871346005277,19,0,0.264296657619895,20,0,0.277952704601099,21,0,0.264296657619895,22,0,0.37572670565638,23,0,0.228030775418237,24,0,0.290250959144551,25,0,0.264296657619895,26,0,0.250574578004476,27,0,0.227937669669508,28,0,0.22445841176115,29,0,0.353582258873799,30
"GSM1437802",NA,0,0.203977189242077,1,0,0.177687373260142,2,0,0.159142404248154,3,0,0.162820738591504,4,0,0.168076849881489,5,0,0.168076849881489,6,0,0.194954558527039,7,0,0.168076849881489,8,0,0.162820738591504,9,0,0.143924895136596,10,0,0.146277472286615,11,0,0.160237667940106,12,0,0.152541928954977,13,0,0.168076849881489,14,0,0.177687373260142,15,0,0.150694834694815,16,0,0.194954558527039,17,0,0.163222263999675,18,0,0.203977189242077,19,0,0.155549794583539,20,0,0.159142404248154,21,0,0.155549794583539,22,0,0.213497776863409,23,0,0.154633479479009,24,0,0.163222263999675,25,0,0.155549794583539,26,0,0.151462406726264,27,0,0.143924895136596,28,0,0.141868481751196,29,0,0.194954558527039,30
"GSM1437803",NA,0,0.00862261597567949,1,0,0.0119147480013047,2,0,0.0184038625316855,3,0,0.0621174090775884,4,0,0.0149358139371258,5,0,0.0149358139371258,6,0,0.00959508131139985,7,0,0.0149358139371258,8,0,0.0621174090775884,9,0,0.0267067533360597,10,0,0.0252683032258965,11,0,0.0569222455989682,12,0,0.0400664496908117,13,0,0.0149358139371258,14,0,0.0119147480013047,15,0,0.036527800591358,16,0,0.00959508131139985,17,0,0.016699772113265,18,0,0.00862261597567949,19,0,0.0199819398895939,20,0,0.0184038625316855,21,0,0.0199819398895939,22,0,0.00774182216723688,23,0,0.0440372549289386,24,0,0.016699772113265,25,0,0.0199819398895939,26,0,0.0216799906536589,27,0,0.0267067533360597,28,0,0.0283856576297729,29,0,0.00959508131139985,30
"GSM1437805",NA,0,0.674464886622445,1,0,0.640527307986859,2,0,0.61777421552518,3,0,0.435380072441078,4,0,0.628042959858002,5,0,0.628042959858002,6,0,0.664535295460249,7,0,0.628042959858002,8,0,0.435380072441078,9,0,0.58077581045518,10,0,0.586917008109143,11,0,0.453867541490977,12,0,0.519264171839595,13,0,0.628042959858002,14,0,0.640527307986859,15,0,0.536793435195444,16,0,0.664535295460249,17,0,0.623226201242836,18,0,0.674464886622445,19,0,0.610213645448045,20,0,0.61777421552518,21,0,0.610213645448045,22,0,0.683954855441617,23,0,0.502570225780101,24,0,0.623226201242836,25,0,0.610213645448045,26,0,0.602160900754232,27,0,0.58077581045518,28,0,0.575712584187426,29,0,0.664535295460249,30
"GSM1437806",NA,0,0.515748852950037,1,0,0.498742243308945,2,0,0.498946757512772,3,0,0.493794378516602,4,0,0.496293226550907,5,0,0.496293226550907,6,0,0.506692826138474,7,0,0.496293226550907,8,0,0.493794378516602,9,0,0.540673068283406,10,0,0.532766975911311,11,0,0.502009707339543,12,0,0.52631595831709,13,0,0.496293226550907,14,0,0.498742243308945,15,0,0.536777884609512,16,0,0.506692826138474,17,0,0.496600436223249,18,0,0.515748852950037,19,0,0.501878706850122,20,0,0.498946757512772,21,0,0.501878706850122,22,0,0.522787420230717,23,0,0.520746806621239,24,0,0.496600436223249,25,0,0.501878706850122,26,0,0.508013012956084,27,0,0.540673068283406,28,0,0.548652353622878,29,0,0.506692826138474,30
"GSM1437808",NA,0,0.0142997700124699,1,0,0.021639004415104,2,0,0.033403279454348,3,0,0.163034483212725,4,0,0.02704105418587,5,0,0.02704105418587,6,0,0.0165187255928386,7,0,0.02704105418587,8,0,0.163034483212725,9,0,0.0535494430189498,10,0,0.0495315238732471,11,0,0.146986695461791,12,0,0.0942504743355309,13,0,0.02704105418587,14,0,0.021639004415104,15,0,0.0832612918996976,16,0,0.0165187255928386,17,0,0.0301360115682322,18,0,0.0142997700124699,19,0,0.0367566722146711,20,0,0.033403279454348,21,0,0.0367566722146711,22,0,0.0123811852943323,23,0,0.106687413325076,24,0,0.0301360115682322,25,0,0.0367566722146711,26,0,0.0403457858698454,27,0,0.0535494430189498,28,0,0.0590288466785062,29,0,0.0165187255928386,30
"GSM1437810",NA,1,0.877116219595562,1,1,0.84948403776675,2,1,0.788860232373484,3,1,0.425323612585668,4,1,0.821812859438759,5,1,0.821812859438759,6,1,0.869341637426065,7,1,0.821812859438759,8,1,0.425323612585668,9,1,0.679075247326263,10,1,0.69856408829057,11,1,0.449894663899378,12,1,0.556168790493652,13,1,0.821812859438759,14,1,0.84948403776675,15,1,0.582456120031947,16,1,0.869341637426065,17,1,0.806276265305974,18,1,0.877116219595562,19,1,0.769317904932798,20,1,0.788860232373484,21,1,0.769317904932798,22,1,0.884159472048983,23,1,0.527600434263025,24,1,0.806276265305974,25,1,0.769317904932798,26,1,0.748371274913891,27,1,0.679075247326263,28,1,0.660041317488812,29,1,0.869341637426065,30
"GSM1437816",NA,0,0.0346467148286829,1,0,0.0437496172435937,2,0,0.0629914968507413,3,0,0.133286308443335,4,0,0.0526945515264862,5,0,0.0526945515264862,6,0,0.0375171073275138,7,0,0.0526945515264862,8,0,0.133286308443335,9,0,0.085098505365758,10,0,0.0827056894557883,11,0,0.127180995690687,12,0,0.104867402138141,13,0,0.0526945515264862,14,0,0.0437496172435937,15,0,0.0995655458270298,16,0,0.0375171073275138,17,0,0.0577926879283863,18,0,0.0346467148286829,19,0,0.0681157051935461,20,0,0.0629914968507413,21,0,0.0681157051935461,22,0,0.0317749962575137,23,0,0.110370630004138,24,0,0.0577926879283863,25,0,0.0681157051935461,26,0,0.0735230546060183,27,0,0.085098505365758,28,0,0.0867711276146946,29,0,0.0375171073275138,30
"GSM1437817",NA,0,0.411704532366889,1,0,0.389111058454447,2,0,0.34446841746388,3,0,0.311809191329216,4,0,0.366579371432372,5,0,0.366579371432372,6,0,0.4037990945289,7,0,0.366579371432372,8,0,0.311809191329216,9,0,0.308027877463661,10,0,0.302837149055276,11,0,0.310255374821728,12,0,0.309192512407316,13,0,0.366579371432372,14,0,0.389111058454447,15,0,0.310880598531462,16,0,0.4037990945289,17,0,0.355876186270271,18,0,0.411704532366889,19,0,0.332131085559765,20,0,0.34446841746388,21,0,0.332131085559765,22,0,0.420072050461754,23,0,0.308375074911762,24,0,0.355876186270271,25,0,0.332131085559765,26,0,0.317091000440052,27,0,0.308027877463661,28,0,0.310069802475757,29,0,0.4037990945289,30
"GSM1437819",NA,0,0.304877531827524,1,0,0.319215593585513,2,0,0.357855736417256,3,0,0.291883799305966,4,0,0.338567934321498,5,0,0.338567934321498,6,0,0.308650546951113,7,0,0.338567934321498,8,0,0.291883799305966,9,0,0.395835435750057,10,0,0.387081361854721,11,0,0.308010183940762,12,0,0.367898744664589,13,0,0.338567934321498,14,0,0.319215593585513,15,0,0.38273056952721,16,0,0.308650546951113,17,0,0.348922823552875,18,0,0.304877531827524,19,0,0.365179846188428,20,0,0.357855736417256,21,0,0.365179846188428,22,0,0.300305265024019,23,0,0.354728495126019,24,0,0.348922823552875,25,0,0.365179846188428,26,0,0.370965224844178,27,0,0.395835435750057,28,0,0.407531936071601,29,0,0.308650546951113,30
"GSM1437820",NA,0,0.105902913422732,1,0,0.114396736969188,2,0,0.131674718387635,3,0,0.152205461547403,4,0,0.122734884139097,5,0,0.122734884139097,6,0,0.107924665077254,7,0,0.122734884139097,8,0,0.152205461547403,9,0,0.158075288883226,10,0,0.152607315989908,11,0,0.15198638893551,12,0,0.159037009276451,13,0,0.122734884139097,14,0,0.114396736969188,15,0,0.161339582261221,16,0,0.107924665077254,17,0,0.127461172833801,18,0,0.105902913422732,19,0,0.134865059394504,20,0,0.131674718387635,21,0,0.134865059394504,22,0,0.103404819534983,23,0,0.156388992717215,24,0,0.127461172833801,25,0,0.134865059394504,26,0,0.139604400387636,27,0,0.158075288883226,28,0,0.162395750196839,29,0,0.107924665077254,30
"GSM1437824",NA,0,0.0588468572339267,1,0,0.0784226849316201,2,0,0.102302449560474,3,0,0.225703852436226,4,0,0.0896976945596459,5,0,0.0896976945596459,6,0,0.0655257901520322,7,0,0.0896976945596459,8,0,0.225703852436226,9,0,0.137856188041705,10,0,0.128569853540978,11,0,0.212751750763196,12,0,0.175940937910521,13,0,0.0896976945596459,14,0,0.0784226849316201,15,0,0.1690514457172,16,0,0.0655257901520322,17,0,0.0960358666111599,18,0,0.0588468572339267,19,0,0.1079986314503,20,0,0.102302449560474,21,0,0.1079986314503,22,0,0.0529596720953881,23,0,0.183655183797558,24,0,0.0960358666111599,25,0,0.1079986314503,26,0,0.113497392686982,27,0,0.137856188041705,28,0,0.147652872218928,29,0,0.0655257901520322,30
"GSM1437828",NA,0,0.00500487874123195,1,0,0.00716075822105053,2,0,0.0112980741056136,3,0,0.0712701985564185,4,0,0.00893281076198655,5,0,0.00893281076198655,6,0,0.00563886108477805,7,0,0.00893281076198655,8,0,0.0712701985564185,9,0,0.0213697512041096,10,0,0.01892330999601,11,0,0.0636580162108853,12,0,0.0400303966492274,13,0,0.00893281076198655,14,0,0.00716075822105053,15,0,0.0354190812717335,16,0,0.00563886108477805,17,0,0.0100051893594284,18,0,0.00500487874123195,19,0,0.0128176688254698,20,0,0.0112980741056136,21,0,0.0128176688254698,22,0,0.00444700563414688,23,0,0.0450367977346878,24,0,0.0100051893594284,25,0,0.0128176688254698,26,0,0.0146210069613228,27,0,0.0213697512041096,28,0,0.0244540241976598,29,0,0.00563886108477805,30
"GSM1437836",NA,0,0.00382099598764584,1,0,0.00639995107189702,2,0,0.011190047226556,3,0,0.0489280254144245,4,0,0.00851546416328102,5,0,0.00851546416328102,6,0,0.00458297140915035,7,0,0.00851546416328102,8,0,0.0489280254144245,9,0,0.0205717263956324,10,0,0.0184621329531506,11,0,0.044962801932377,12,0,0.03225598823599,13,0,0.00851546416328102,14,0,0.00639995107189702,15,0,0.0299205149535634,16,0,0.00458297140915035,17,0,0.00980306617129318,18,0,0.00382099598764584,19,0,0.0126445791332034,20,0,0.011190047226556,21,0,0.0126445791332034,22,0,0.00317494830238823,23,0,0.0350856625139991,24,0,0.00980306617129318,25,0,0.0126445791332034,26,0,0.014291992618221,27,0,0.0205717263956324,28,0,0.0230736198051907,29,0,0.00458297140915035,30
"GSM1437844",NA,1,0.267247749966425,1,1,0.254740548597448,2,1,0.220482075071352,3,1,0.191746348456278,4,1,0.239528753856917,5,1,0.239528753856917,6,1,0.26372131276226,7,1,0.239528753856917,8,1,0.191746348456278,9,1,0.182793888077732,10,1,0.18754525546716,11,1,0.188066011000106,12,1,0.176340704059469,13,1,0.239528753856917,14,1,0.254740548597448,15,1,0.176667269305665,16,1,0.26372131276226,17,1,0.230220948297886,18,1,0.267247749966425,19,1,0.211019797575086,20,1,0.220482075071352,21,1,0.211019797575086,22,1,0.270654934534245,23,1,0.1773016380271,24,1,0.230220948297886,25,1,0.211019797575086,26,1,0.201661337226152,27,1,0.182793888077732,28,1,0.178999816480936,29,1,0.26372131276226,30
"GSM1437854",NA,0,0.00357719391485849,1,0,0.00491679467683979,2,0,0.00746802994421538,3,0,0.0403653275940099,4,0,0.00604229932990913,5,0,0.00604229932990913,6,0,0.00397406431542005,7,0,0.00604229932990913,8,0,0.0403653275940099,9,0,0.0125097522153927,10,0,0.0112638930252956,11,0,0.036046815937421,12,0,0.0219994314363526,13,0,0.00604229932990913,14,0,0.00491679467683979,15,0,0.0193605455280814,16,0,0.00397406431542005,17,0,0.00671281584334319,18,0,0.00357719391485849,19,0,0.00831507958512145,20,0,0.00746802994421538,21,0,0.00831507958512145,22,0,0.00321504115879645,23,0,0.0250945235749521,24,0,0.00671281584334319,25,0,0.00831507958512145,26,0,0.00915522538421311,27,0,0.0125097522153927,28,0,0.0136379322665418,29,0,0.00397406431542005,30
"GSM1437855",NA,0,0.0166352488514912,1,0,0.0263027651529371,2,0,0.0489587127976932,3,0,0.179844269902894,4,0,0.0360584989390545,5,0,0.0360584989390545,6,0,0.0194555884273474,7,0,0.0360584989390545,8,0,0.179844269902894,9,0,0.0923509907596371,10,0,0.0833694158738514,11,0,0.169238724634101,12,0,0.131740904536557,13,0,0.0360584989390545,14,0,0.0263027651529371,15,0,0.123760912795503,16,0,0.0194555884273474,17,0,0.0420938340147192,18,0,0.0166352488514912,19,0,0.0567570675860362,20,0,0.0489587127976932,21,0,0.0567570675860362,22,0,0.0142029379916967,23,0,0.140922382791583,24,0,0.0420938340147192,25,0,0.0567570675860362,26,0,0.0646529225241999,27,0,0.0923509907596371,28,0,0.100976260729126,29,0,0.0194555884273474,30
"GSM1437856",NA,1,0.333073139410136,1,1,0.309965128973975,2,1,0.255686515126827,3,1,0.161095179154657,4,1,0.283607491770552,5,1,0.283607491770552,6,1,0.326063226543789,7,1,0.283607491770552,8,1,0.161095179154657,9,1,0.194269550959569,10,1,0.202898547860728,11,1,0.164983903269624,12,1,0.178476270575594,13,1,0.283607491770552,14,1,0.309965128973975,15,1,0.181055561406424,16,1,0.326063226543789,17,1,0.269315155034923,18,1,0.333073139410136,19,1,0.243701799666874,20,1,0.255686515126827,21,1,0.243701799666874,22,1,0.339987930029983,23,1,0.174966849215487,24,1,0.269315155034923,25,1,0.243701799666874,26,1,0.230833519832106,27,1,0.194269550959569,28,1,0.188036279840302,29,1,0.326063226543789,30
"GSM1437861",NA,1,0.962262411269779,1,1,0.95097208481922,2,1,0.939124725920437,3,1,0.788567898634696,4,1,0.945233915723221,5,1,0.945233915723221,6,1,0.958206961717627,7,1,0.945233915723221,8,1,0.788567898634696,9,1,0.926207316470024,10,1,0.930244367094841,11,1,0.811509467636578,12,1,0.880414364391624,13,1,0.945233915723221,14,1,0.95097208481922,15,1,0.892711072436644,16,1,0.958206961717627,17,1,0.942216599492338,18,1,0.962262411269779,19,1,0.936116638893618,20,1,0.939124725920437,21,1,0.936116638893618,22,1,0.965904594759517,23,1,0.866213013820492,24,1,0.942216599492338,25,1,0.936116638893618,26,1,0.934253888913974,27,1,0.926207316470024,28,1,0.921633013502677,29,1,0.958206961717627,30
"GSM1437862",NA,0,0.065623553613095,1,0,0.067728432839678,2,0,0.0682489402761874,3,0,0.104914570574261,4,0,0.0677481515882272,5,0,0.0677481515882272,6,0,0.0658666599906654,7,0,0.0677481515882272,8,0,0.104914570574261,9,0,0.0703101261760795,10,0,0.0693540872953154,11,0,0.102552540336482,12,0,0.0879799272542005,13,0,0.0677481515882272,14,0,0.067728432839678,15,0,0.0839330928844815,16,0,0.0658666599906654,17,0,0.0678196997404132,18,0,0.065623553613095,19,0,0.0687000432951107,20,0,0.0682489402761874,21,0,0.0687000432951107,22,0,0.065222338321923,23,0,0.0922756916241296,24,0,0.0678196997404132,25,0,0.0687000432951107,26,0,0.0689519782368451,27,0,0.0703101261760795,28,0,0.0724041021684944,29,0,0.0658666599906654,30
"GSM1437873",NA,0,0.33879448181223,1,0,0.326418148987415,2,0,0.324158098374538,3,0,0.303725256901992,4,0,0.324677960071508,5,0,0.324677960071508,6,0,0.334684941008706,7,0,0.324677960071508,8,0,0.303725256901992,9,0,0.31896765315407,10,0,0.318913147238262,11,0,0.309120964129579,12,0,0.321422913311571,13,0,0.324677960071508,14,0,0.326418148987415,15,0,0.322206152746839,16,0,0.334684941008706,17,0,0.324118086690002,18,0,0.33879448181223,19,0,0.323918865706678,20,0,0.324158098374538,21,0,0.323918865706678,22,0,0.342210462214436,23,0,0.320487857268228,24,0,0.324118086690002,25,0,0.323918865706678,26,0,0.320762382181219,27,0,0.31896765315407,28,0,0.321158616521867,29,0,0.334684941008706,30
"GSM1437874",NA,0,0.00461368695870569,1,0,0.00714256572359634,2,0,0.011882214344684,3,0,0.0687630628308361,4,0,0.00929173686242693,5,0,0.00929173686242693,6,0,0.00538988643606329,7,0,0.00929173686242693,8,0,0.0687630628308361,9,0,0.0204106344236467,10,0,0.0183713573653088,11,0,0.0595132979583513,12,0,0.0361031009734098,13,0,0.00929173686242693,14,0,0.00714256572359634,15,0,0.0321623178056242,16,0,0.00538988643606329,17,0,0.0105800292187453,18,0,0.00461368695870569,19,0,0.0132051107935092,20,0,0.011882214344684,21,0,0.0132051107935092,22,0,0.00393106528802992,23,0,0.0404892659914379,24,0,0.0105800292187453,25,0,0.0132051107935092,26,0,0.014716275864901,27,0,0.0204106344236467,28,0,0.0226370565879818,29,0,0.00538988643606329,30
"GSM1437876",NA,0,0.0368463003994933,1,0,0.0427784257268032,2,0,0.0513704682990767,3,0,0.124037366147194,4,0,0.0465124330519045,5,0,0.0465124330519045,6,0,0.0390883781512567,7,0,0.0465124330519045,8,0,0.124037366147194,9,0,0.072573618924575,10,0,0.0668125748409295,11,0,0.116888866461843,12,0,0.0950670680164933,13,0,0.0465124330519045,14,0,0.0427784257268032,15,0,0.091200488126203,16,0,0.0390883781512567,17,0,0.0488020308988425,18,0,0.0368463003994933,19,0,0.0541055177049217,20,0,0.0513704682990767,21,0,0.0541055177049217,22,0,0.0346390912538345,23,0,0.0994122570965905,24,0,0.0488020308988425,25,0,0.0541055177049217,26,0,0.0574956130825592,27,0,0.072573618924575,28,0,0.0782389686226445,29,0,0.0390883781512567,30
"GSM1437885",NA,1,0.875308676466429,1,1,0.853173878300774,2,1,0.858812858026493,3,1,0.688565388749878,4,1,0.853422187051884,5,1,0.853422187051884,6,1,0.868162250567247,7,1,0.853422187051884,8,1,0.688565388749878,9,1,0.857172411303711,10,1,0.866583741865676,11,1,0.709981754323469,12,1,0.793388375430962,13,1,0.853422187051884,14,1,0.853173878300774,15,1,0.809170171411841,16,1,0.868162250567247,17,1,0.855686109157988,18,1,0.875308676466429,19,1,0.862059748803107,20,1,0.858812858026493,21,1,0.862059748803107,22,1,0.882105223688507,23,1,0.77486044254512,24,1,0.855686109157988,25,1,0.862059748803107,26,1,0.863249941270793,27,1,0.857172411303711,28,1,0.846688111975782,29,1,0.868162250567247,30
"GSM1437898",NA,1,0.503609911306814,1,1,0.484902306605511,2,1,0.450338657271586,3,1,0.33997900503435,4,1,0.468402010377281,5,1,0.468402010377281,6,1,0.498779667409347,7,1,0.468402010377281,8,1,0.33997900503435,9,1,0.413519107087651,10,1,0.421795631575086,11,1,0.347956415575964,12,1,0.368872643758942,13,1,0.468402010377281,14,1,0.484902306605511,15,1,0.375561600841603,16,1,0.498779667409347,17,1,0.459962771397101,18,1,0.503609911306814,19,1,0.438979636928768,20,1,0.450338657271586,21,1,0.438979636928768,22,1,0.507379484087052,23,1,0.365982660506212,24,1,0.459962771397101,25,1,0.438979636928768,26,1,0.428158240594792,27,1,0.413519107087651,28,1,0.402441420612146,29,1,0.498779667409347,30
"GSM1437900",NA,0,0.00262854867862678,1,0,0.00377447854553218,2,0,0.00666714048207223,3,0,0.0462463932460951,4,0,0.00495223459484721,5,0,0.00495223459484721,6,0,0.00299027177407545,7,0,0.00495223459484721,8,0,0.0462463932460951,9,0,0.0146863650579731,10,0,0.0129533015907367,11,0,0.041020262639863,12,0,0.0259210035877171,13,0,0.00495223459484721,14,0,0.00377447854553218,15,0,0.0230464016774014,16,0,0.00299027177407545,17,0,0.00572101383013241,18,0,0.00262854867862678,19,0,0.00780549454060616,20,0,0.00666714048207223,21,0,0.00780549454060616,22,0,0.00230593340741696,23,0,0.0290664621410931,24,0,0.00572101383013241,25,0,0.00780549454060616,26,0,0.00913122841101821,27,0,0.0146863650579731,28,0,0.0163150962889218,29,0,0.00299027177407545,30
"GSM1437905",NA,0,0.0123722284005775,1,0,0.0173192302326222,2,0,0.0276711993107246,3,0,0.094628650819302,4,0,0.0221605984180927,5,0,0.0221605984180927,6,0,0.0138538793973698,7,0,0.0221605984180927,8,0,0.094628650819302,9,0,0.045422982438432,10,0,0.0418652513670075,11,0,0.0875420764893479,12,0,0.064288920308182,13,0,0.0221605984180927,14,0,0.0173192302326222,15,0,0.0594187318015914,16,0,0.0138538793973698,17,0,0.0249087252228799,18,0,0.0123722284005775,19,0,0.0305471927925801,20,0,0.0276711993107246,21,0,0.0305471927925801,22,0,0.010975988362796,23,0,0.0693424254946728,24,0,0.0249087252228799,25,0,0.0305471927925801,26,0,0.0339296683088906,27,0,0.045422982438432,28,0,0.0481197344568146,29,0,0.0138538793973698,30
"GSM1437906",NA,0,0.000966512127675215,1,0,0.00163908097612219,2,0,0.00304775580637473,3,0,0.0436172698348142,4,0,0.00220041553578743,5,0,0.00220041553578743,6,0,0.00114809045808268,7,0,0.00220041553578743,8,0,0.0436172698348142,9,0,0.00748898720035027,10,0,0.00634628697239482,11,0,0.0364913140292468,12,0,0.0180263181984243,13,0,0.00220041553578743,14,0,0.00163908097612219,15,0,0.0151304235629814,16,0,0.00114809045808268,17,0,0.00257130140800361,18,0,0.000966512127675215,19,0,0.00363526384549338,20,0,0.00304775580637473,21,0,0.00363526384549338,22,0,0.00080804004689003,23,0,0.0214439922492734,24,0,0.00257130140800361,25,0,0.00363526384549338,26,0,0.00440536981410228,27,0,0.00748898720035027,28,0,0.00883487703991732,29,0,0.00114809045808268,30
"GSM1437911",NA,0,0.227541001178663,1,0,0.213502602855248,2,0,0.212566731872443,3,0,0.276944204592505,4,0,0.21328857466908,5,0,0.21328857466908,6,0,0.22147785739856,7,0,0.21328857466908,8,0,0.276944204592505,9,0,0.223765901971045,10,0,0.219962511156744,11,0,0.272336230181318,12,0,0.255940417171714,13,0,0.21328857466908,14,0,0.213502602855248,15,0,0.250877346176756,16,0,0.22147785739856,17,0,0.212691601983194,18,0,0.227541001178663,19,0,0.2136848005313,20,0,0.212566731872443,21,0,0.2136848005313,22,0,0.232801667540966,23,0,0.26069494400504,24,0,0.212691601983194,25,0,0.2136848005313,26,0,0.216211749501945,27,0,0.223765901971045,28,0,0.229740591117615,29,0,0.22147785739856,30
"GSM1437912",NA,0,0.0761661423496784,1,0,0.0941983083451151,2,0,0.117476320174508,3,0,0.257352212191333,4,0,0.105639689474815,5,0,0.105639689474815,6,0,0.0814107868488282,7,0,0.105639689474815,8,0,0.257352212191333,9,0,0.172125492365479,10,0,0.160236908816803,11,0,0.251058888550181,12,0,0.220141231268435,13,0,0.105639689474815,14,0,0.0941983083451151,15,0,0.212193033578409,16,0,0.0814107868488282,17,0,0.111464173797886,18,0,0.0761661423496784,19,0,0.124385412281375,20,0,0.117476320174508,21,0,0.124385412281375,22,0,0.0713133301067181,23,0,0.22943117189793,24,0,0.111464173797886,25,0,0.124385412281375,26,0,0.133822599218781,27,0,0.172125492365479,28,0,0.183483160259547,29,0,0.0814107868488282,30
"GSM1437917",NA,0,0.00379347008499237,1,0,0.00475073512057697,2,0,0.00642087677483644,3,0,0.0354737101593134,4,0,0.00549058625986012,5,0,0.00549058625986012,6,0,0.00408460137239179,7,0,0.00549058625986012,8,0,0.0354737101593134,9,0,0.0102117153993434,10,0,0.00916286246906937,11,0,0.032005251792732,12,0,0.0194537760850048,13,0,0.00549058625986012,14,0,0.00475073512057697,15,0,0.0170467092623705,16,0,0.00408460137239179,17,0,0.00591504618412095,18,0,0.00379347008499237,19,0,0.0069916206422371,20,0,0.00642087677483644,21,0,0.0069916206422371,22,0,0.00353762968480667,23,0,0.0223166474077669,24,0,0.00591504618412095,25,0,0.0069916206422371,26,0,0.00762133693446437,27,0,0.0102117153993434,28,0,0.0116100625284316,29,0,0.00408460137239179,30
"GSM1437920",NA,0,0.10166934088476,1,0,0.106130984062794,2,0,0.1146476792393,3,0,0.180340637360623,4,0,0.110526184435844,5,0,0.110526184435844,6,0,0.103004560399718,7,0,0.110526184435844,8,0,0.180340637360623,9,0,0.128485592082488,10,0,0.125481151545945,11,0,0.172744373977786,12,0,0.149670387839699,13,0,0.110526184435844,14,0,0.106130984062794,15,0,0.14504194798035,16,0,0.103004560399718,17,0,0.112811627634959,18,0,0.10166934088476,19,0,0.116262109590036,20,0,0.1146476792393,21,0,0.116262109590036,22,0,0.0998962621639142,23,0,0.154630009397873,24,0,0.112811627634959,25,0,0.116262109590036,26,0,0.119070446461079,27,0,0.128485592082488,28,0,0.129928270273476,29,0,0.103004560399718,30
"GSM1437921",NA,1,0.851955769086608,1,1,0.839156216544624,2,1,0.826279332557084,3,1,0.603812786504219,4,1,0.832884120835648,5,1,0.832884120835648,6,1,0.846184821470783,7,1,0.832884120835648,8,1,0.603812786504219,9,1,0.798459224216782,10,1,0.802902093998035,11,1,0.637782783815885,12,1,0.733631606957967,13,1,0.832884120835648,14,1,0.839156216544624,15,1,0.751737328305556,16,1,0.846184821470783,17,1,0.829910338503525,18,1,0.851955769086608,19,1,0.82182678961368,20,1,0.826279332557084,21,1,0.82182678961368,22,1,0.857361879915738,23,1,0.714187962059784,24,1,0.829910338503525,25,1,0.82182678961368,26,1,0.815656718133523,27,1,0.798459224216782,28,1,0.79538827487288,29,1,0.846184821470783,30
"GSM1437922",NA,0,0.0634938885484693,1,0,0.0753867109504307,2,0,0.0926506628284506,3,0,0.13350567521321,4,0,0.0832597900082103,5,0,0.0832597900082103,6,0,0.0677160614530758,7,0,0.0832597900082103,8,0,0.13350567521321,9,0,0.117541020026108,10,0,0.112893161431637,11,0,0.13380281173294,12,0,0.128960213825944,13,0,0.0832597900082103,14,0,0.0753867109504307,15,0,0.126802209674629,16,0,0.0677160614530758,17,0,0.087845826843517,18,0,0.0634938885484693,19,0,0.0971055695189377,20,0,0.0926506628284506,21,0,0.0971055695189377,22,0,0.0594925781111601,23,0,0.131209072820386,24,0,0.087845826843517,25,0,0.0971055695189377,26,0,0.10196855917812,27,0,0.117541020026108,28,0,0.121459168719164,29,0,0.0677160614530758,30
"GSM1437923",NA,0,0.421680143331206,1,0,0.43204625329799,2,0,0.423682023429867,3,0,0.30500412712147,4,0,0.428510816835478,5,0,0.428510816835478,6,0,0.428980512760021,7,0,0.428510816835478,8,0,0.30500412712147,9,0,0.379700755405609,10,0,0.39007165723745,11,0,0.314129903908191,12,0,0.345840324130386,13,0,0.428510816835478,14,0,0.43204625329799,15,0,0.351952777807873,16,0,0.428980512760021,17,0,0.427085353483714,18,0,0.421680143331206,19,0,0.417875225024379,20,0,0.423682023429867,21,0,0.417875225024379,22,0,0.415255362927011,23,0,0.338513011478685,24,0,0.427085353483714,25,0,0.417875225024379,26,0,0.410595453602959,27,0,0.379700755405609,28,0,0.368775585479722,29,0,0.428980512760021,30
"GSM1437925",NA,0,0.40973309778257,1,0,0.38984448297781,2,0,0.371649008913985,3,0,0.436100755665138,4,0,0.379424074354486,5,0,0.379424074354486,6,0,0.406374808645781,7,0,0.379424074354486,8,0,0.436100755665138,9,0,0.394489470979857,10,0,0.383458950543499,11,0,0.435350536502941,12,0,0.429938431033332,13,0,0.379424074354486,14,0,0.38984448297781,15,0,0.429104103653336,16,0,0.406374808645781,17,0,0.375031604221634,18,0,0.40973309778257,19,0,0.369446745007185,20,0,0.371649008913985,21,0,0.369446745007185,22,0,0.411712591473078,23,0,0.432600851515442,24,0,0.375031604221634,25,0,0.369446745007185,26,0,0.369037574026358,27,0,0.394489470979857,28,0,0.41003723825517,29,0,0.406374808645781,30
"GSM1437930",NA,0,0.0254166980370353,1,0,0.0340599137316668,2,0,0.052852891310037,3,0,0.239721907054569,4,0,0.0413274816764261,5,0,0.0413274816764261,6,0,0.0276160187102477,7,0,0.0413274816764261,8,0,0.239721907054569,9,0,0.100887538174869,10,0,0.0889657293268745,11,0,0.225518323820505,12,0,0.164105038154195,13,0,0.0413274816764261,14,0,0.0340599137316668,15,0,0.151371734452439,16,0,0.0276160187102477,17,0,0.0463152341599235,18,0,0.0254166980370353,19,0,0.0606798934531182,20,0,0.052852891310037,21,0,0.0606798934531182,22,0,0.0234501151382508,23,0,0.180249059410632,24,0,0.0463152341599235,25,0,0.0606798934531182,26,0,0.0686958918772231,27,0,0.100887538174869,28,0,0.115991330959512,29,0,0.0276160187102477,30
"GSM1437935",NA,0,0.0321588421392203,1,0,0.0428544769151218,2,0,0.0655973762693928,3,0,0.180554382267067,4,0,0.0532696662394853,5,0,0.0532696662394853,6,0,0.0351113122517756,7,0,0.0532696662394853,8,0,0.180554382267067,9,0,0.0865528896190293,10,0,0.0834183922455096,11,0,0.16901046374819,12,0,0.127424634490515,13,0,0.0532696662394853,14,0,0.0428544769151218,15,0,0.117592197790721,16,0,0.0351113122517756,17,0,0.0592998108255829,18,0,0.0321588421392203,19,0,0.0718216478268609,20,0,0.0655973762693928,21,0,0.0718216478268609,22,0,0.029299788360055,23,0,0.137865399478565,24,0,0.0592998108255829,25,0,0.0718216478268609,26,0,0.0766578794635379,27,0,0.0865528896190293,28,0,0.0920313870504818,29,0,0.0351113122517756,30
"GSM1437939",NA,0,0.170755907150215,1,0,0.191952390906841,2,0,0.23727794713439,3,0,0.299872193004529,4,0,0.214252994625309,5,0,0.214252994625309,6,0,0.176662740749906,7,0,0.214252994625309,8,0,0.299872193004529,9,0,0.290706878360028,10,0,0.282019214396775,11,0,0.297191398373299,12,0,0.294336118733419,13,0,0.214252994625309,14,0,0.191952390906841,15,0,0.295721885925985,16,0,0.176662740749906,17,0,0.225864043368599,18,0,0.170755907150215,19,0,0.248773585105367,20,0,0.23727794713439,21,0,0.248773585105367,22,0,0.16532705686517,23,0,0.292572676096694,24,0,0.225864043368599,25,0,0.248773585105367,26,0,0.259679493784206,27,0,0.290706878360028,28,0,0.29792039425131,29,0,0.176662740749906,30
"GSM1437943",NA,1,0.402117051179767,1,1,0.387548560796451,2,1,0.36586273862003,3,1,0.291111857419811,4,1,0.376340501744431,5,1,0.376340501744431,6,1,0.396627553541005,7,1,0.376340501744431,8,1,0.291111857419811,9,1,0.336170741724279,10,1,0.34059620142013,11,1,0.296186679187221,12,1,0.322970104534453,13,1,0.376340501744431,14,1,0.387548560796451,15,1,0.327324784240433,16,1,0.396627553541005,17,1,0.371070431818265,18,1,0.402117051179767,19,1,0.359896162418704,20,1,0.36586273862003,21,1,0.359896162418704,22,1,0.406668767066097,23,1,0.31535226544322,24,1,0.371070431818265,25,1,0.359896162418704,26,1,0.356571588584946,27,1,0.336170741724279,28,1,0.337305072898035,29,1,0.396627553541005,30
"GSM1437951",NA,1,0.883604280458121,1,1,0.874581368238279,2,1,0.862885345077073,3,1,0.69519400932167,4,1,0.868191589287086,5,1,0.868191589287086,6,1,0.88038298600637,7,1,0.868191589287086,8,1,0.69519400932167,9,1,0.856585579808027,10,1,0.858688530268352,11,1,0.716629625937549,12,1,0.801929255657415,13,1,0.868191589287086,14,1,0.874581368238279,15,1,0.818660305196745,16,1,0.88038298600637,17,1,0.864964605797512,18,1,0.883604280458121,19,1,0.862749330634402,20,1,0.862885345077073,21,1,0.862749330634402,22,1,0.886965744362511,23,1,0.781454127357651,24,1,0.864964605797512,25,1,0.862749330634402,26,1,0.863254256744798,27,1,0.856585579808027,28,1,0.854766696081863,29,1,0.88038298600637,30
"GSM1437952",NA,1,0.987852613549284,1,1,0.982004607123405,2,1,0.972216138235312,3,1,0.878498192684541,4,1,0.97728339499237,5,1,0.97728339499237,6,1,0.986230105606925,7,1,0.97728339499237,8,1,0.878498192684541,9,1,0.958526538470165,10,1,0.960309558940018,11,1,0.889166325457432,12,1,0.931836145282165,13,1,0.97728339499237,14,1,0.982004607123405,15,1,0.940155722337564,16,1,0.986230105606925,17,1,0.974652457157213,18,1,0.987852613549284,19,1,0.970122704590108,20,1,0.972216138235312,21,1,0.970122704590108,22,1,0.989211666933591,23,1,0.921660287882736,24,1,0.974652457157213,25,1,0.970122704590108,26,1,0.96778562360375,27,1,0.958526538470165,28,1,0.957275627668829,29,1,0.986230105606925,30
"GSM1437956",NA,0,0.268466690595412,1,0,0.308123817770713,2,0,0.357828011464734,3,0,0.423167533374718,4,0,0.335354613924486,5,0,0.335354613924486,6,0,0.282768189572929,7,0,0.335354613924486,8,0,0.423167533374718,9,0,0.411118481546022,10,0,0.403692066055725,11,0,0.422696887071503,12,0,0.417535332196251,13,0,0.335354613924486,14,0,0.308123817770713,15,0,0.417290029501043,16,0,0.282768189572929,17,0,0.347282922914538,18,0,0.268466690595412,19,0,0.368301947594346,20,0,0.357828011464734,21,0,0.368301947594346,22,0,0.254259082536934,23,0,0.418807628521025,24,0,0.347282922914538,25,0,0.368301947594346,26,0,0.377539856682082,27,0,0.411118481546022,28,0,0.415575692875984,29,0,0.282768189572929,30
"GSM1437960",NA,1,0.932664249405035,1,1,0.928730055506577,2,1,0.9222126049589,3,1,0.834704318348128,4,1,0.925210011400065,5,1,0.925210011400065,6,1,0.930826838803824,7,1,0.925210011400065,8,1,0.834704318348128,9,1,0.909817106965822,10,1,0.913840217824182,11,1,0.844408964465238,12,1,0.878375952030206,13,1,0.925210011400065,14,1,0.928730055506577,15,1,0.886422431506319,16,1,0.930826838803824,17,1,0.923852369576685,18,1,0.932664249405035,19,1,0.920216862222719,20,1,0.9222126049589,21,1,0.920216862222719,22,1,0.934212142381077,23,1,0.870628058795063,24,1,0.923852369576685,25,1,0.920216862222719,26,1,0.918044850434568,27,1,0.909817106965822,28,1,0.906356666681937,29,1,0.930826838803824,30
"GSM1437961",NA,0,0.0796636874505504,1,0,0.0890799871897198,2,0,0.0960975865116459,3,0,0.198961701981987,4,0,0.0920774932149723,5,0,0.0920774932149723,6,0,0.0824193376947124,7,0,0.0920774932149723,8,0,0.198961701981987,9,0,0.116984815544451,10,0,0.108735438508034,11,0,0.18767601722734,12,0,0.156119884648626,13,0,0.0920774932149723,14,0,0.0890799871897198,15,0,0.150228930122408,16,0,0.0824193376947124,17,0,0.0937589811623304,18,0,0.0796636874505504,19,0,0.0990292285967006,20,0,0.0960975865116459,21,0,0.0990292285967006,22,0,0.0772719411756898,23,0,0.161553659374588,24,0,0.0937589811623304,25,0,0.0990292285967006,26,0,0.102223979174783,27,0,0.116984815544451,28,0,0.125733798311622,29,0,0.0824193376947124,30
"GSM1437965",NA,0,0.000506279540338059,1,0,0.000893915993983189,2,0,0.00173073654838538,3,0,0.0234861916450823,4,0,0.00123662375468382,5,0,0.00123662375468382,6,0,0.000610250140378608,7,0,0.00123662375468382,8,0,0.0234861916450823,9,0,0.00416624711133216,10,0,0.00350809250808161,11,0,0.0201618959479618,12,0,0.0105054588382371,13,0,0.00123662375468382,14,0,0.000893915993983189,15,0,0.0087792213047355,16,0,0.000610250140378608,17,0,0.00145850148564707,18,0,0.000506279540338059,19,0,0.00205658880238522,20,0,0.00173073654838538,21,0,0.00205658880238522,22,0,0.000418235346001255,23,0,0.0125136928455912,24,0,0.00145850148564707,25,0,0.00205658880238522,26,0,0.00247977113836328,27,0,0.00416624711133216,28,0,0.00501599763510931,29,0,0.000610250140378608,30
"GSM1437967",NA,1,0.645359520932218,1,1,0.663033881647863,2,1,0.673110338159644,3,1,0.532783473825953,4,1,0.669806100009594,5,1,0.669806100009594,6,1,0.653073250638168,7,1,0.669806100009594,8,1,0.532783473825953,9,1,0.644441408658286,10,1,0.654976413598085,11,1,0.542507992787257,12,1,0.585782710643681,13,1,0.669806100009594,14,1,0.663033881647863,15,1,0.595025200071868,16,1,0.653073250638168,17,1,0.672835630982001,18,1,0.645359520932218,19,1,0.670360528878051,20,1,0.673110338159644,21,1,0.670360528878051,22,1,0.6381541617634,23,1,0.575569353936903,24,1,0.672835630982001,25,1,0.670360528878051,26,1,0.668485008417514,27,1,0.644441408658286,28,1,0.628484192690095,29,1,0.653073250638168,30
"GSM1437974",NA,0,0.0204411804434528,1,0,0.0249288468771286,2,0,0.0342532438018,3,0,0.0856523941208899,4,0,0.0292655568639774,5,0,0.0292655568639774,6,0,0.0218774745275027,7,0,0.0292655568639774,8,0,0.0856523941208899,9,0,0.0461548560947949,10,0,0.0436722913547681,11,0,0.0794061357612579,12,0,0.0619612308923807,13,0,0.0292655568639774,14,0,0.0249288468771286,15,0,0.058391926482654,16,0,0.0218774745275027,17,0,0.0316802664765072,18,0,0.0204411804434528,19,0,0.0370076907285647,20,0,0.0342532438018,21,0,0.0370076907285647,22,0,0.0190191847549568,23,0,0.0653898903148601,24,0,0.0316802664765072,25,0,0.0370076907285647,26,0,0.0396269096567712,27,0,0.0461548560947949,28,0,0.0490030876584674,29,0,0.0218774745275027,30
"GSM1437981",NA,0,0.0604176338796485,1,0,0.0732111913827184,2,0,0.0999137440016149,3,0,0.210449918087489,4,0,0.0852996250642615,5,0,0.0852996250642615,6,0,0.0643572062093906,7,0,0.0852996250642615,8,0,0.210449918087489,9,0,0.137474968290813,10,0,0.130167822962307,11,0,0.203130636590061,12,0,0.172177449828461,13,0,0.0852996250642615,14,0,0.0732111913827184,15,0,0.163788294429457,16,0,0.0643572062093906,17,0,0.0923122497267365,18,0,0.0604176338796485,19,0,0.107936279969397,20,0,0.0999137440016149,21,0,0.107936279969397,22,0,0.0567010074184525,23,0,0.181150546328134,24,0,0.0923122497267365,25,0,0.107936279969397,26,0,0.115319065303013,27,0,0.137474968290813,28,0,0.143894882870336,29,0,0.0643572062093906,30
"GSM1437984",NA,0,0.00281851686281955,1,0,0.00437966325856074,2,0,0.0080047156580044,3,0,0.0509909874741975,4,0,0.00593927755140746,5,0,0.00593927755140746,6,0,0.00322822017507649,7,0,0.00593927755140746,8,0,0.0509909874741975,9,0,0.0161766732118606,10,0,0.014386558724641,11,0,0.0461075166934666,12,0,0.0297514920035788,13,0,0.00593927755140746,14,0,0.00437966325856074,15,0,0.02617787002176,16,0,0.00322822017507649,17,0,0.00688951524073281,18,0,0.00281851686281955,19,0,0.00932879222533345,20,0,0.0080047156580044,21,0,0.00932879222533345,22,0,0.00244837193605015,23,0,0.0336541041290312,24,0,0.00688951524073281,25,0,0.00932879222533345,26,0,0.0109218487214939,27,0,0.0161766732118606,28,0,0.0181086736090978,29,0,0.00322822017507649,30
"GSM1437986",NA,1,0.682303579282589,1,1,0.672060437695826,2,1,0.648617685208668,3,1,0.480167832869462,4,1,0.660632801655085,5,1,0.660632801655085,6,1,0.679596345334628,7,1,0.660632801655085,8,1,0.480167832869462,9,1,0.603808992125632,10,1,0.616429651202713,11,1,0.493732142953637,12,1,0.541665388791356,13,1,0.660632801655085,14,1,0.672060437695826,15,1,0.551532825997657,16,1,0.679596345334628,17,1,0.655020272578113,18,1,0.682303579282589,19,1,0.640736155307461,20,1,0.648617685208668,21,1,0.640736155307461,22,1,0.684591251522375,23,1,0.532231480588323,24,1,0.655020272578113,25,1,0.640736155307461,26,1,0.63406093749484,27,1,0.603808992125632,28,1,0.589473228089787,29,1,0.679596345334628,30
"GSM1437991",NA,1,0.915614140709487,1,1,0.898547332327169,2,1,0.851622722576277,3,1,0.593551131305415,4,1,0.876941905837063,5,1,0.876941905837063,6,1,0.910874867840133,7,1,0.876941905837063,8,1,0.593551131305415,9,1,0.773840511646778,10,1,0.790616582675218,11,1,0.609782951369365,12,1,0.679171057043198,13,1,0.876941905837063,14,1,0.898547332327169,15,1,0.697790381542879,16,1,0.910874867840133,17,1,0.864401624881267,18,1,0.915614140709487,19,1,0.838954919934416,20,1,0.851622722576277,21,1,0.838954919934416,22,1,0.920455973142872,23,1,0.66052675448072,24,1,0.864401624881267,25,1,0.838954919934416,26,1,0.82468794316527,27,1,0.773840511646778,28,1,0.753006871503135,29,1,0.910874867840133,30
"GSM1437995",NA,0,0.018555375183944,1,0,0.0222307606318575,2,0,0.0255680723379532,3,0,0.0525137634122663,4,0,0.0240084399670393,5,0,0.0240084399670393,6,0,0.0196999040150638,7,0,0.0240084399670393,8,0,0.0525137634122663,9,0,0.0296861862575124,10,0,0.0285017516254234,11,0,0.0499237396729943,12,0,0.0398693193049493,13,0,0.0240084399670393,14,0,0.0222307606318575,15,0,0.0373641074356894,16,0,0.0196999040150638,17,0,0.0247544203331653,18,0,0.018555375183944,19,0,0.0265988546657647,20,0,0.0255680723379532,21,0,0.0265988546657647,22,0,0.0172845232238896,23,0,0.0422138688500572,24,0,0.0247544203331653,25,0,0.0265988546657647,26,0,0.0276074430003181,27,0,0.0296861862575124,28,0,0.0309728708362509,29,0,0.0196999040150638,30
"GSM1437996",NA,0,0.0336961655976096,1,0,0.044095956097581,2,0,0.065142680294685,3,0,0.18074015331001,4,0,0.0535964477392245,5,0,0.0535964477392245,6,0,0.0365773514718163,7,0,0.0535964477392245,8,0,0.18074015331001,9,0,0.102769066988205,10,0,0.0945877131708515,11,0,0.174684321633006,12,0,0.145502389800432,13,0,0.0535964477392245,14,0,0.044095956097581,15,0,0.137311616267552,16,0,0.0365773514718163,17,0,0.0590519551060512,18,0,0.0336961655976096,19,0,0.0721254202200221,20,0,0.065142680294685,21,0,0.0721254202200221,22,0,0.0308744066131783,23,0,0.153742661857628,24,0,0.0590519551060512,25,0,0.0721254202200221,26,0,0.0799433223557429,27,0,0.102769066988205,28,0,0.111859683115433,29,0,0.0365773514718163,30
"GSM1438001",NA,0,0.2202452773731,1,0,0.231318242290984,2,0,0.232494327256526,3,0,0.206941044144662,4,0,0.233631598341379,5,0,0.233631598341379,6,0,0.223567029599847,7,0,0.233631598341379,8,0,0.206941044144662,9,0,0.213490003251,10,0,0.213961880612968,11,0,0.202872056524731,12,0,0.203815485250398,13,0,0.233631598341379,14,0,0.231318242290984,15,0,0.205920983290365,16,0,0.223567029599847,17,0,0.23407576138298,18,0,0.2202452773731,19,0,0.228809588496617,20,0,0.232494327256526,21,0,0.228809588496617,22,0,0.216834652233107,23,0,0.201049719619145,24,0,0.23407576138298,25,0,0.228809588496617,26,0,0.225219262930652,27,0,0.213490003251,28,0,0.213454092151077,29,0,0.223567029599847,30
"GSM1438007",NA,0,0.108557046356946,1,0,0.105007460715968,2,0,0.113298163744483,3,0,0.164571282631183,4,0,0.109039166882165,5,0,0.109039166882165,6,0,0.107273712559289,7,0,0.109039166882165,8,0,0.164571282631183,9,0,0.117188222810221,10,0,0.116338342441635,11,0,0.158588896050284,12,0,0.134654783321761,13,0,0.109039166882165,14,0,0.105007460715968,15,0,0.129678756885449,16,0,0.107273712559289,17,0,0.111245993641749,18,0,0.108557046356946,19,0,0.115040962750938,20,0,0.113298163744483,21,0,0.115040962750938,22,0,0.10921689933608,23,0,0.140275003229608,24,0,0.111245993641749,25,0,0.115040962750938,26,0,0.115199327212333,27,0,0.117188222810221,28,0,0.118495457696302,29,0,0.107273712559289,30
"GSM1438008",NA,0,0.0780682086612308,1,0,0.0840378949991201,2,0,0.0901810618256842,3,0,0.129110416659018,4,0,0.0861888211470679,5,0,0.0861888211470679,6,0,0.0801775787374597,7,0,0.0861888211470679,8,0,0.129110416659018,9,0,0.101260254085464,10,0,0.0991542752314537,11,0,0.126702955626774,12,0,0.114663152139977,13,0,0.0861888211470679,14,0,0.0840378949991201,15,0,0.112026343385599,16,0,0.0801775787374597,17,0,0.0879043877879714,18,0,0.0780682086612308,19,0,0.0923976648053267,20,0,0.0901810618256842,21,0,0.0923976648053267,22,0,0.0758166550158147,23,0,0.117990446264411,24,0,0.0879043877879714,25,0,0.0923976648053267,26,0,0.0945753035903346,27,0,0.101260254085464,28,0,0.103265358400397,29,0,0.0801775787374597,30
"GSM1438009",NA,0,0.116347913550859,1,0,0.13105764562814,2,0,0.152207348337438,3,0,0.241010563819412,4,0,0.144084397518765,5,0,0.144084397518765,6,0,0.121955004427757,7,0,0.144084397518765,8,0,0.241010563819412,9,0,0.165332394995246,10,0,0.162390768442058,11,0,0.234817643397298,12,0,0.202285570360893,13,0,0.144084397518765,14,0,0.13105764562814,15,0,0.193586601288037,16,0,0.121955004427757,17,0,0.149190785902036,18,0,0.116347913550859,19,0,0.154169859850116,20,0,0.152207348337438,21,0,0.154169859850116,22,0,0.111782462921647,23,0,0.211387302795998,24,0,0.149190785902036,25,0,0.154169859850116,26,0,0.156050870743974,27,0,0.165332394995246,28,0,0.169797669376495,29,0,0.121955004427757,30
"GSM1438010",NA,0,0.0855168682633303,1,0,0.100944056166343,2,0,0.120758788413806,3,0,0.206229488031168,4,0,0.111555840860183,5,0,0.111555840860183,6,0,0.0914056119251183,7,0,0.111555840860183,8,0,0.206229488031168,9,0,0.131691265831043,10,0,0.128933655834336,11,0,0.198347978199651,12,0,0.166472301074193,13,0,0.111555840860183,14,0,0.100944056166343,15,0,0.15818501180426,16,0,0.0914056119251183,17,0,0.116728307596397,18,0,0.0855168682633303,19,0,0.123812350741206,20,0,0.120758788413806,21,0,0.123812350741206,22,0,0.0802438777096203,23,0,0.174705061133042,24,0,0.116728307596397,25,0,0.123812350741206,26,0,0.126379582571309,27,0,0.131691265831043,28,0,0.136096381993398,29,0,0.0914056119251183,30
"GSM1438014",NA,1,0.540582948581993,1,1,0.496015027748678,2,1,0.457528114699039,3,1,0.310573728449661,4,1,0.476552438719751,5,1,0.476552438719751,6,1,0.522271322843231,7,1,0.476552438719751,8,1,0.310573728449661,9,1,0.410066565334198,10,1,0.418476508884369,11,1,0.322893783406039,12,1,0.364905450444697,13,1,0.476552438719751,14,1,0.496015027748678,15,1,0.372827182579259,16,1,0.522271322843231,17,1,0.467813798789651,18,1,0.540582948581993,19,1,0.445215058007408,20,1,0.457528114699039,21,1,0.445215058007408,22,1,0.556388054571447,23,1,0.355805919045395,24,1,0.467813798789651,25,1,0.445215058007408,26,1,0.435699959014094,27,1,0.410066565334198,28,1,0.398923971947692,29,1,0.522271322843231,30
"GSM1438019",NA,0,0.668642135462154,1,0,0.690756101994473,2,0,0.714541306663657,3,0,0.475961316611304,4,0,0.706044939801107,5,0,0.706044939801107,6,0,0.67805649016574,7,0,0.706044939801107,8,0,0.475961316611304,9,0,0.685430237593741,10,0,0.695380126512051,11,0,0.504259735824569,12,0,0.604023312348507,13,0,0.706044939801107,14,0,0.690756101994473,15,0,0.624625772315717,16,0,0.67805649016574,17,0,0.711805366824545,18,0,0.668642135462154,19,0,0.715596549205752,20,0,0.714541306663657,21,0,0.715596549205752,22,0,0.659169100176843,23,0,0.582216828784495,24,0,0.711805366824545,25,0,0.715596549205752,26,0,0.714695489464369,27,0,0.685430237593741,28,0,0.67539367559277,29,0,0.67805649016574,30
"GSM1438023",NA,0,0.0653190026871896,1,0,0.0756092081749801,2,0,0.0893325672704887,3,0,0.180106193900109,4,0,0.081826753290697,5,0,0.081826753290697,6,0,0.0681055471885649,7,0,0.081826753290697,8,0,0.180106193900109,9,0,0.120987261976222,10,0,0.113618753263455,11,0,0.17052826751527,12,0,0.144966037751146,13,0,0.081826753290697,14,0,0.0756092081749801,15,0,0.140704906053778,16,0,0.0681055471885649,17,0,0.0852311329110832,18,0,0.0653190026871896,19,0,0.0940845823214431,20,0,0.0893325672704887,21,0,0.0940845823214431,22,0,0.0623997108016074,23,0,0.14962262916572,24,0,0.0852311329110832,25,0,0.0940845823214431,26,0,0.100603903570754,27,0,0.120987261976222,28,0,0.128777317150691,29,0,0.0681055471885649,30
"GSM1438025",NA,1,0.886917060541388,1,1,0.88524752896358,2,1,0.873280059211901,3,1,0.683218728459766,4,1,0.881939874521403,5,1,0.881939874521403,6,1,0.885906404497083,7,1,0.881939874521403,8,1,0.683218728459766,9,1,0.836468931023959,10,1,0.845686957258479,11,1,0.703221732269238,12,1,0.773292932914943,13,1,0.881939874521403,14,1,0.88524752896358,15,1,0.788671849441089,16,1,0.885906404497083,17,1,0.878320943589377,18,1,0.886917060541388,19,1,0.86742334239489,20,1,0.873280059211901,21,1,0.86742334239489,22,1,0.887836647548689,23,1,0.75710445005855,24,1,0.878320943589377,25,1,0.86742334239489,26,1,0.861402559747295,27,1,0.836468931023959,28,1,0.825617272467633,29,1,0.885906404497083,30
"GSM1438029",NA,0,0.144415319596308,1,0,0.152394585983244,2,0,0.159572890237979,3,0,0.197986456025711,4,0,0.155852725210314,5,0,0.155852725210314,6,0,0.145674830949645,7,0,0.155852725210314,8,0,0.197986456025711,9,0,0.172941187058544,10,0,0.168520056685313,11,0,0.196809140913421,12,0,0.185250048562713,13,0,0.155852725210314,14,0,0.152394585983244,15,0,0.184681073410146,16,0,0.145674830949645,17,0,0.157953914803524,18,0,0.144415319596308,19,0,0.160443753460278,20,0,0.159572890237979,21,0,0.160443753460278,22,0,0.142995122438315,23,0,0.188180155011252,24,0,0.157953914803524,25,0,0.160443753460278,26,0,0.160073776711451,27,0,0.172941187058544,28,0,0.177251574962395,29,0,0.145674830949645,30
"GSM1438033",NA,0,0.254346149163577,1,0,0.290446397384116,2,0,0.310907934345704,3,0,0.398197503126689,4,0,0.299255396053193,5,0,0.299255396053193,6,0,0.264659148178819,7,0,0.299255396053193,8,0,0.398197503126689,9,0,0.332505166550663,10,0,0.329316420930583,11,0,0.388747849475484,12,0,0.361648795366731,13,0,0.299255396053193,14,0,0.290446397384116,15,0,0.3582435621995,16,0,0.264659148178819,17,0,0.304459617249581,18,0,0.254346149163577,19,0,0.317875747469403,20,0,0.310907934345704,21,0,0.317875747469403,22,0,0.244472276389946,23,0,0.36549269202174,24,0,0.304459617249581,25,0,0.317875747469403,26,0,0.323028648423365,27,0,0.332505166550663,28,0,0.341405469702935,29,0,0.264659148178819,30
"GSM1438034",NA,0,0.183190930077656,1,0,0.197329212255766,2,0,0.200031660887397,3,0,0.296475238858925,4,0,0.199391427226758,5,0,0.199391427226758,6,0,0.186149838245638,7,0,0.199391427226758,8,0,0.296475238858925,9,0,0.21341990925659,10,0,0.208409432824629,11,0,0.281918734116046,12,0,0.243921422599008,13,0,0.199391427226758,14,0,0.197329212255766,15,0,0.238831077256659,16,0,0.186149838245638,17,0,0.199752587188311,18,0,0.183190930077656,19,0,0.201018068799241,20,0,0.200031660887397,21,0,0.201018068799241,22,0,0.180856840939825,23,0,0.249198193949225,24,0,0.199752587188311,25,0,0.201018068799241,26,0,0.201861046862775,27,0,0.21341990925659,28,0,0.220462020692188,29,0,0.186149838245638,30
"GSM1438035",NA,0,0.746735157391685,1,0,0.74795924279564,2,0,0.732824633101815,3,0,0.624689160012419,4,0,0.741063611189394,5,0,0.741063611189394,6,0,0.747421692089972,7,0,0.741063611189394,8,0,0.624689160012419,9,0,0.718694299076883,10,0,0.719496037475526,11,0,0.630132450016433,12,0,0.67679288474002,13,0,0.741063611189394,14,0,0.74795924279564,15,0,0.690376245948475,16,0,0.747421692089972,17,0,0.737045963671562,18,0,0.746735157391685,19,0,0.728863854294437,20,0,0.732824633101815,21,0,0.728863854294437,22,0,0.746459073040344,23,0,0.661859759139237,24,0,0.737045963671562,25,0,0.728863854294437,26,0,0.725470112434113,27,0,0.718694299076883,28,0,0.716378449448176,29,0,0.747421692089972,30
"GSM1438038",NA,0,0.00152714744004198,1,0,0.00295429509288551,2,0,0.00680834147457905,3,0,0.0723722803180159,4,0,0.00451804297764497,5,0,0.00451804297764497,6,0,0.00190896220912275,7,0,0.00451804297764497,8,0,0.0723722803180159,9,0,0.0168870636959567,10,0,0.0145490602399145,11,0,0.0627644607251414,12,0,0.0353862761839666,13,0,0.00451804297764497,14,0,0.00295429509288551,15,0,0.0303596480993479,16,0,0.00190896220912275,17,0,0.00556583033354847,18,0,0.00152714744004198,19,0,0.00827141377931856,20,0,0.00680834147457905,21,0,0.00827141377931856,22,0,0.00121822457213461,23,0,0.0409365123021736,24,0,0.00556583033354847,25,0,0.00827141377931856,26,0,0.0101088758462792,27,0,0.0168870636959567,28,0,0.019641159576927,29,0,0.00190896220912275,30
"GSM1438039",NA,0,0.0111769012058815,1,0,0.0172373153983736,2,0,0.0312579472391107,3,0,0.137157404494036,4,0,0.0237461882852448,5,0,0.0237461882852448,6,0,0.0128363701727124,7,0,0.0237461882852448,8,0,0.137157404494036,9,0,0.0638887511659888,10,0,0.055527384486461,11,0,0.128498028780832,12,0,0.0971466179900476,13,0,0.0237461882852448,14,0,0.0172373153983736,15,0,0.0913878340269132,16,0,0.0128363701727124,17,0,0.027429847766365,18,0,0.0111769012058815,19,0,0.0353683779599089,20,0,0.0312579472391107,21,0,0.0353683779599089,22,0,0.00969366613591732,23,0,0.104312661764285,24,0,0.027429847766365,25,0,0.0353683779599089,26,0,0.0403197029545859,27,0,0.0638887511659888,28,0,0.0723562646329275,29,0,0.0128363701727124,30
"GSM1438041",NA,1,0.452844936122586,1,1,0.438308486711267,2,1,0.419965365730158,3,1,0.385644308794073,4,1,0.429849274143308,5,1,0.429849274143308,6,1,0.446145277410966,7,1,0.429849274143308,8,1,0.385644308794073,9,1,0.420717225798941,10,1,0.412641406562762,11,1,0.388653849580429,12,1,0.407064856502859,13,1,0.429849274143308,14,1,0.438308486711267,15,1,0.414658832231609,16,1,0.446145277410966,17,1,0.425147247993513,18,1,0.452844936122586,19,1,0.41442787977205,20,1,0.419965365730158,21,1,0.41442787977205,22,1,0.458787180606823,23,1,0.401563838682084,24,1,0.425147247993513,25,1,0.41442787977205,26,1,0.412728921923968,27,1,0.420717225798941,28,1,0.428277442357208,29,1,0.446145277410966,30
"GSM1438042",NA,1,0.368989446071033,1,1,0.36047451330142,2,1,0.351131957248396,3,1,0.296908063781901,4,1,0.351882656107656,5,1,0.351882656107656,6,1,0.36490867893433,7,1,0.351882656107656,8,1,0.296908063781901,9,1,0.339870494877727,10,1,0.345096436651418,11,1,0.300443117047361,12,1,0.317231970552616,13,1,0.351882656107656,14,1,0.36047451330142,15,1,0.320964802634994,16,1,0.36490867893433,17,1,0.350763002148468,18,1,0.368989446071033,19,1,0.35108286792191,20,1,0.351131957248396,21,1,0.35108286792191,22,1,0.371963010644041,23,1,0.313492573477724,24,1,0.350763002148468,25,1,0.35108286792191,26,1,0.350836597409798,27,1,0.339870494877727,28,1,0.33533509794993,29,1,0.36490867893433,30
"GSM1438043",NA,0,0.0505539602313468,1,0,0.0663464767570624,2,0,0.0969991720990958,3,0,0.219746689290743,4,0,0.0802782197129886,5,0,0.0802782197129886,6,0,0.0553760370722762,7,0,0.0802782197129886,8,0,0.219746689290743,9,0,0.148120428368121,10,0,0.136014071699493,11,0,0.215946791060861,12,0,0.194457789862882,13,0,0.0802782197129886,14,0,0.0663464767570624,15,0,0.187538619062528,16,0,0.0553760370722762,17,0,0.0882329398627086,18,0,0.0505539602313468,19,0,0.10641906423366,20,0,0.0969991720990958,21,0,0.10641906423366,22,0,0.046678585707475,23,0,0.200632063315671,24,0,0.0882329398627086,25,0,0.10641906423366,26,0,0.117163046449002,27,0,0.148120428368121,28,0,0.162103480021025,29,0,0.0553760370722762,30
"GSM1438050",NA,1,0.518023572440746,1,1,0.53919192467122,2,1,0.584208990893409,3,1,0.622476374382552,4,1,0.561544714131867,5,1,0.561544714131867,6,1,0.523822815168196,7,1,0.561544714131867,8,1,0.622476374382552,9,1,0.652973258463875,10,1,0.645349735313898,11,1,0.628313318733586,12,1,0.649234214349205,13,1,0.561544714131867,14,1,0.53919192467122,15,1,0.653398456002558,16,1,0.523822815168196,17,1,0.57225094153931,18,1,0.518023572440746,19,1,0.598298134759219,20,1,0.584208990893409,21,1,0.598298134759219,22,1,0.512333276383925,23,1,0.644610943035598,24,1,0.57225094153931,25,1,0.598298134759219,26,1,0.613195829029142,27,1,0.652973258463875,28,1,0.657747451124359,29,1,0.523822815168196,30
"GSM1438051",NA,1,0.621886591141419,1,1,0.588961425963026,2,1,0.545144937993324,3,1,0.347376175224502,4,1,0.568265800593131,5,1,0.568265800593131,6,1,0.609333443382501,7,1,0.568265800593131,8,1,0.347376175224502,9,1,0.488706095043322,10,1,0.495115453852213,11,1,0.362155759519577,12,1,0.41959663482931,13,1,0.568265800593131,14,1,0.588961425963026,15,1,0.433678137242059,16,1,0.609333443382501,17,1,0.557374717541439,18,1,0.621886591141419,19,1,0.532664345328214,20,1,0.545144937993324,21,1,0.532664345328214,22,1,0.632985325935546,23,1,0.404346799494595,24,1,0.557374717541439,25,1,0.532664345328214,26,1,0.520250331306804,27,1,0.488706095043322,28,1,0.478120170061523,29,1,0.609333443382501,30
"GSM1438052",NA,1,0.240424073784077,1,1,0.25385491692147,2,1,0.260016151471248,3,1,0.201922738503648,4,1,0.256142787880525,5,1,0.256142787880525,6,1,0.24402977122232,7,1,0.256142787880525,8,1,0.201922738503648,9,1,0.269368591788397,10,1,0.268914553962076,11,1,0.210265510837346,12,1,0.244126421503844,13,1,0.256142787880525,14,1,0.25385491692147,15,1,0.251697405462808,16,1,0.24402977122232,17,1,0.257723195305351,18,1,0.240424073784077,19,1,0.262925986225288,20,1,0.260016151471248,21,1,0.262925986225288,22,1,0.236041028480332,23,1,0.235424084910762,24,1,0.257723195305351,25,1,0.262925986225288,26,1,0.266765631879529,27,1,0.269368591788397,28,1,0.270418521327659,29,1,0.24402977122232,30
"GSM1438057",NA,1,0.022350796235762,1,1,0.0261072811542369,2,1,0.0340111988554633,3,1,0.0944350995784463,4,1,0.0295816545233265,5,1,0.0295816545233265,6,1,0.0234853224737023,7,1,0.0295816545233265,8,1,0.0944350995784463,9,1,0.0500182215015444,10,1,0.0465886265721059,11,1,0.0876502076123884,12,1,0.0665130041435783,13,1,0.0295816545233265,14,1,0.0261072811542369,15,1,0.0628224877512575,16,1,0.0234853224737023,17,1,0.0316410923748545,18,1,0.022350796235762,19,1,0.0366791673775492,20,1,0.0340111988554633,21,1,0.0366791673775492,22,1,0.0211885559407828,23,1,0.0709538669566252,24,1,0.0316410923748545,25,1,0.0366791673775492,26,1,0.0392659631204194,27,1,0.0500182215015444,28,1,0.0528457707092985,29,1,0.0234853224737023,30
"GSM1438059",NA,1,0.267063233616582,1,1,0.235303955412606,2,1,0.205858545295916,3,1,0.225508191912628,4,1,0.217141399699827,5,1,0.217141399699827,6,1,0.256160198946581,7,1,0.217141399699827,8,1,0.225508191912628,9,1,0.193981536780519,10,1,0.19590086214433,11,1,0.219116389524729,12,1,0.202448099294188,13,1,0.217141399699827,14,1,0.235303955412606,15,1,0.199963414299629,16,1,0.256160198946581,17,1,0.210232794380917,18,1,0.267063233616582,19,1,0.202243488361156,20,1,0.205858545295916,21,1,0.202243488361156,22,1,0.277211196166948,23,1,0.205093720325688,24,1,0.210232794380917,25,1,0.202243488361156,26,1,0.200346670555309,27,1,0.193981536780519,28,1,0.194831364755001,29,1,0.256160198946581,30
"GSM1438071",NA,1,0.954366200427943,1,1,0.943766521951708,2,1,0.923351128766342,3,1,0.822267414236804,4,1,0.934209291069718,5,1,0.934209291069718,6,1,0.951016662631321,7,1,0.934209291069718,8,1,0.822267414236804,9,1,0.890359530862156,10,1,0.894602536671667,11,1,0.835016645447844,12,1,0.867389103547001,13,1,0.934209291069718,14,1,0.943766521951708,15,1,0.872435833526001,16,1,0.951016662631321,17,1,0.929032909618003,18,1,0.954366200427943,19,1,0.916990773468998,20,1,0.923351128766342,21,1,0.916990773468998,22,1,0.957745238392141,23,1,0.861516936772672,24,1,0.929032909618003,25,1,0.916990773468998,26,1,0.910141659798172,27,1,0.890359530862156,28,1,0.885868049734253,29,1,0.951016662631321,30
"GSM1438072",NA,1,0.820686535894997,1,1,0.815815015299617,2,1,0.792510891706279,3,1,0.573272690913202,4,1,0.804233278553487,5,1,0.804233278553487,6,1,0.819778032129242,7,1,0.804233278553487,8,1,0.573272690913202,9,1,0.754518035284033,10,1,0.762265743334984,11,1,0.599598578607388,12,1,0.685111282882648,13,1,0.804233278553487,14,1,0.815815015299617,15,1,0.701339621128217,16,1,0.819778032129242,17,1,0.798468325273196,18,1,0.820686535894997,19,1,0.786109153296892,20,1,0.792510891706279,21,1,0.786109153296892,22,1,0.82099539274217,23,1,0.666380791877723,24,1,0.798468325273196,25,1,0.786109153296892,26,1,0.779882528146956,27,1,0.754518035284033,28,1,0.7439051979869,29,1,0.819778032129242,30
"GSM1438073",NA,1,0.886627348365471,1,1,0.859689463932062,2,1,0.832210372044961,3,1,0.685228553326361,4,1,0.845653224967321,5,1,0.845653224967321,6,1,0.877771836445599,7,1,0.845653224967321,8,1,0.685228553326361,9,1,0.788996008761594,10,1,0.802897792967863,11,1,0.697816162616292,12,1,0.738674263678468,13,1,0.845653224967321,14,1,0.859689463932062,15,1,0.746092306091549,16,1,0.877771836445599,17,1,0.838903155357684,18,1,0.886627348365471,19,1,0.8248984872911,20,1,0.832210372044961,21,1,0.8248984872911,22,1,0.894779297418584,23,1,0.731188997311512,24,1,0.838903155357684,25,1,0.8248984872911,26,1,0.81869544919156,27,1,0.788996008761594,28,1,0.774017625640263,29,1,0.877771836445599,30
"GSM1438076",NA,0,0.212338891107185,1,0,0.2576098005428,2,0,0.308808964062267,3,0,0.395806869759967,4,0,0.282159307935999,5,0,0.282159307935999,6,0,0.226469406949577,7,0,0.282159307935999,8,0,0.395806869759967,9,0,0.367324536093403,10,0,0.361615539012452,11,0,0.388864177709622,12,0,0.379670719095697,13,0,0.282159307935999,14,0,0.2576098005428,15,0,0.377645651481426,16,0,0.226469406949577,17,0,0.295026847997946,18,0,0.212338891107185,19,0,0.323297301876011,20,0,0.308808964062267,21,0,0.323297301876011,22,0,0.199316690094659,23,0,0.379897921323782,24,0,0.295026847997946,25,0,0.323297301876011,26,0,0.338193668109556,27,0,0.367324536093403,28,0,0.370777021159344,29,0,0.226469406949577,30
"GSM1438081",NA,1,0.791305785283007,1,1,0.793226340168155,2,1,0.799084956481411,3,1,0.675968428025081,4,1,0.796593484949685,5,1,0.796593484949685,6,1,0.793958175468479,7,1,0.796593484949685,8,1,0.675968428025081,9,1,0.798514275022779,10,1,0.799219021144788,11,1,0.691043730836148,12,1,0.748404262602231,13,1,0.796593484949685,14,1,0.793226340168155,15,1,0.762612272424671,16,1,0.793958175468479,17,1,0.797801398339654,18,1,0.791305785283007,19,1,0.801042949837818,20,1,0.799084956481411,21,1,0.801042949837818,22,1,0.788160070994825,23,1,0.733978260428129,24,1,0.797801398339654,25,1,0.801042949837818,26,1,0.802224965568926,27,1,0.798514275022779,28,1,0.79365932137278,29,1,0.793958175468479,30
"GSM1438088",NA,0,0.0795462276886724,1,0,0.0953573469324456,2,0,0.117342122791401,3,0,0.176786417875514,4,0,0.106719052368575,5,0,0.106719052368575,6,0,0.0849326974945968,7,0,0.106719052368575,8,0,0.176786417875514,9,0,0.140172622890811,10,0,0.134757384555287,11,0,0.171219706044237,12,0,0.151447458771053,13,0,0.106719052368575,14,0,0.0953573469324456,15,0,0.148512946784985,16,0,0.0849326974945968,17,0,0.112167950158364,18,0,0.0795462276886724,19,0,0.121971475177695,20,0,0.117342122791401,21,0,0.121971475177695,22,0,0.0745570428712254,23,0,0.155766835460466,24,0,0.112167950158364,25,0,0.121971475177695,26,0,0.125888802467555,27,0,0.140172622890811,28,0,0.142247351151393,29,0,0.0849326974945968,30
"GSM1438091",NA,0,0.00438842177565817,1,0,0.00580528027793005,2,0,0.0080830078841646,3,0,0.0393091810085819,4,0,0.00684749400042957,5,0,0.00684749400042957,6,0,0.00479482449801811,7,0,0.00684749400042957,8,0,0.0393091810085819,9,0,0.0124921949338603,10,0,0.0113133669491849,11,0,0.0346972211295259,12,0,0.0216407205126346,13,0,0.00684749400042957,14,0,0.00580528027793005,15,0,0.019375922340653,16,0,0.00479482449801811,17,0,0.00742448300845773,18,0,0.00438842177565817,19,0,0.0088385223211818,20,0,0.0080830078841646,21,0,0.0088385223211818,22,0,0.00402232723000305,23,0,0.0242107438659901,24,0,0.00742448300845773,25,0,0.0088385223211818,26,0,0.00952596988063834,27,0,0.0124921949338603,28,0,0.0138404317818939,29,0,0.00479482449801811,30
"GSM1438095",NA,1,0.207700662282742,1,1,0.201589170305778,2,1,0.206315718956876,3,1,0.150922349802795,4,1,0.201884171254699,5,1,0.201884171254699,6,1,0.205938068857865,7,1,0.201884171254699,8,1,0.150922349802795,9,1,0.20189333357452,10,1,0.206655607546439,11,1,0.156796453376785,12,1,0.177497905064963,13,1,0.201884171254699,14,1,0.201589170305778,15,1,0.18149540965403,16,1,0.205938068857865,17,1,0.203566517088944,18,1,0.207700662282742,19,1,0.208885490483482,20,1,0.206315718956876,21,1,0.208885490483482,22,1,0.209117155030723,23,1,0.173096595562218,24,1,0.203566517088944,25,1,0.208885490483482,26,1,0.209962724688624,27,1,0.20189333357452,28,1,0.195679077932972,29,1,0.205938068857865,30
"GSM1438098",NA,0,0.323698850456513,1,0,0.296908563310411,2,0,0.272277903249492,3,0,0.2567240353605,4,0,0.282438487603454,5,0,0.282438487603454,6,0,0.314270989196945,7,0,0.282438487603454,8,0,0.2567240353605,9,0,0.261234819962749,10,0,0.260514090440646,11,0,0.255722471049099,12,0,0.261267533600718,13,0,0.282438487603454,14,0,0.296908563310411,15,0,0.263868139542565,16,0,0.314270989196945,17,0,0.276566712227694,18,0,0.323698850456513,19,0,0.269269521029229,20,0,0.272277903249492,21,0,0.269269521029229,22,0,0.333316428116286,23,0,0.258169891789745,24,0,0.276566712227694,25,0,0.269269521029229,26,0,0.267092353033655,27,0,0.261234819962749,28,0,0.265553221016355,29,0,0.314270989196945,30
"GSM1438099",NA,0,0.0439321026413366,1,0,0.0509569786158833,2,0,0.0625142835804366,3,0,0.135721802502537,4,0,0.0563799069748018,5,0,0.0563799069748018,6,0,0.046539188195867,7,0,0.0563799069748018,8,0,0.135721802502537,9,0,0.0783174155917191,10,0,0.0746219846608302,11,0,0.126834588579308,12,0,0.0995422587623163,13,0,0.0563799069748018,14,0,0.0509569786158833,15,0,0.0943785299556345,16,0,0.046539188195867,17,0,0.059338547970307,18,0,0.0439321026413366,19,0,0.0657495391995602,20,0,0.0625142835804366,21,0,0.0657495391995602,22,0,0.0414868490455258,23,0,0.105442836536797,24,0,0.059338547970307,25,0,0.0657495391995602,26,0,0.0690283896329394,27,0,0.0783174155917191,28,0,0.0813023792820861,29,0,0.046539188195867,30
"GSM1438100",NA,0,0.0438043361355513,1,0,0.0553490070523964,2,0,0.0709792630842539,3,0,0.136681606582579,4,0,0.0632443271611367,5,0,0.0632443271611367,6,0,0.0474878939400262,7,0,0.0632443271611367,8,0,0.136681606582579,9,0,0.089141090137436,10,0,0.0846840536542677,11,0,0.130311018828616,12,0,0.110371018642164,13,0,0.0632443271611367,14,0,0.0553490070523964,15,0,0.106441690750528,16,0,0.0474878939400262,17,0,0.0670548512816548,18,0,0.0438043361355513,19,0,0.0752110022818762,20,0,0.0709792630842539,21,0,0.0752110022818762,22,0,0.040569175218364,23,0,0.114853049552828,24,0,0.0670548512816548,25,0,0.0752110022818762,26,0,0.0791648600116516,27,0,0.089141090137436,28,0,0.0934706272544779,29,0,0.0474878939400262,30
"GSM1438103",NA,0,0.0275491323724613,1,0,0.031102999092223,2,0,0.0361232229719883,3,0,0.0956039862461439,4,0,0.033528789049329,5,0,0.033528789049329,6,0,0.0287639164485146,7,0,0.033528789049329,8,0,0.0956039862461439,9,0,0.0461492016241491,10,0,0.0430445795097995,11,0,0.089042893389821,12,0,0.0663847048626151,13,0,0.033528789049329,14,0,0.031102999092223,15,0,0.0618043719617997,16,0,0.0287639164485146,17,0,0.0347011486377544,18,0,0.0275491323724613,19,0,0.0378411966207848,20,0,0.0361232229719883,21,0,0.0378411966207848,22,0,0.0263117184642904,23,0,0.0713474617908112,24,0,0.0347011486377544,25,0,0.0378411966207848,26,0,0.0394743642611686,27,0,0.0461492016241491,28,0,0.0494285303168941,29,0,0.0287639164485146,30
"GSM1438108",NA,1,0.385933220100746,1,1,0.380041909232384,2,1,0.366813436600909,3,1,0.298520359840626,4,1,0.373336210522199,5,1,0.373336210522199,6,1,0.381896739130453,7,1,0.373336210522199,8,1,0.298520359840626,9,1,0.338537949319141,10,1,0.346162720873194,11,1,0.301733208394594,12,1,0.311561036268316,13,1,0.373336210522199,14,1,0.380041909232384,15,1,0.314969292160979,16,1,0.381896739130453,17,1,0.369496868394732,18,1,0.385933220100746,19,1,0.365461482901299,20,1,0.366813436600909,21,1,0.365461482901299,22,1,0.390516615782199,23,1,0.310296173886449,24,1,0.369496868394732,25,1,0.365461482901299,26,1,0.359972473285525,27,1,0.338537949319141,28,1,0.330239550109234,29,1,0.381896739130453,30
"GSM1438109",NA,0,0.135538197186198,1,0,0.149572569866426,2,0,0.173824039711202,3,0,0.312294573710449,4,0,0.16447425239289,5,0,0.16447425239289,6,0,0.139520517802335,7,0,0.16447425239289,8,0,0.312294573710449,9,0,0.210070947729586,10,0,0.201607267118702,11,0,0.30361875500659,12,0,0.260166670724421,13,0,0.16447425239289,14,0,0.149572569866426,15,0,0.248965133399702,16,0,0.139520517802335,17,0,0.16995044663719,18,0,0.135538197186198,19,0,0.177466056196046,20,0,0.173824039711202,21,0,0.177466056196046,22,0,0.131500567477603,23,0,0.272518091465924,24,0,0.16995044663719,25,0,0.177466056196046,26,0,0.182317604191196,27,0,0.210070947729586,28,0,0.218607473621015,29,0,0.139520517802335,30
"GSM1438112",NA,0,0.107157690714983,1,0,0.1299637624254,2,0,0.159329457401512,3,0,0.162979639515443,4,0,0.14491035466728,5,0,0.14491035466728,6,0,0.114061654232214,7,0,0.14491035466728,8,0,0.162979639515443,9,0,0.193546754496576,10,0,0.183920360695054,11,0,0.169495528465123,12,0,0.191366629528103,13,0,0.14491035466728,14,0,0.1299637624254,15,0,0.196656100558823,16,0,0.114061654232214,17,0,0.152320588084091,18,0,0.107157690714983,19,0,0.166258702678227,20,0,0.159329457401512,21,0,0.166258702678227,22,0,0.101410144467071,23,0,0.186446339680772,24,0,0.152320588084091,25,0,0.166258702678227,26,0,0.172122810928134,27,0,0.193546754496576,28,0,0.203635107553838,29,0,0.114061654232214,30
"GSM1438115",NA,0,0.0822736037597467,1,0,0.087267923469001,2,0,0.0929543218549189,3,0,0.279000539771537,4,0,0.089581963587811,5,0,0.089581963587811,6,0,0.0839883013277209,7,0,0.089581963587811,8,0,0.279000539771537,9,0,0.113523241421694,10,0,0.107138366582314,11,0,0.250148524447298,12,0,0.173495874794865,13,0,0.089581963587811,14,0,0.087267923469001,15,0,0.15956798658959,16,0,0.0839883013277209,17,0,0.0912095113976751,18,0,0.0822736037597467,19,0,0.0940948192972554,20,0,0.0929543218549189,21,0,0.0940948192972554,22,0,0.080185510912503,23,0,0.187961356251287,24,0,0.0912095113976751,25,0,0.0940948192972554,26,0,0.0975164879848043,27,0,0.113523241421694,28,0,0.120258066173667,29,0,0.0839883013277209,30
"GSM1438121",NA,1,0.536175194294061,1,1,0.481230104932631,2,1,0.42138021337568,3,1,0.287468517487993,4,1,0.453436585753164,5,1,0.453436585753164,6,1,0.51501382515305,7,1,0.453436585753164,8,1,0.287468517487993,9,1,0.347386217555684,10,1,0.359308661514296,11,1,0.292984500558288,12,1,0.310838930133917,13,1,0.453436585753164,14,1,0.481230104932631,15,1,0.31569245277029,16,1,0.51501382515305,17,1,0.437150091144545,18,1,0.536175194294061,19,1,0.407212325512227,20,1,0.42138021337568,21,1,0.407212325512227,22,1,0.55616742989135,23,1,0.30621230067675,24,1,0.437150091144545,25,1,0.407212325512227,26,1,0.390728194563161,27,1,0.347386217555684,28,1,0.337082843220816,29,1,0.51501382515305,30
"GSM1438122",NA,1,0.60629377354217,1,1,0.543176177274688,2,1,0.486718174136931,3,1,0.300924163916817,4,1,0.514617562028539,5,1,0.514617562028539,6,1,0.58611525632559,7,1,0.514617562028539,8,1,0.300924163916817,9,1,0.429949974218904,10,1,0.44477808041459,11,1,0.313340717971371,12,1,0.360624065054651,13,1,0.514617562028539,14,1,0.543176177274688,15,1,0.374050841822377,16,1,0.58611525632559,17,1,0.499869851173062,18,1,0.60629377354217,19,1,0.475592347329519,20,1,0.486718174136931,21,1,0.475592347329519,22,1,0.624419730491659,23,1,0.349148857898907,24,1,0.499869851173062,25,1,0.475592347329519,26,1,0.463095759331816,27,1,0.429949974218904,28,1,0.416476213470873,29,1,0.58611525632559,30
"GSM1438124",NA,1,0.951163309620422,1,1,0.929924251779378,2,1,0.882101498463449,3,1,0.562224207218768,4,1,0.909658431060452,5,1,0.909658431060452,6,1,0.945095114923931,7,1,0.909658431060452,8,1,0.562224207218768,9,1,0.788431665958542,10,1,0.805310790019883,11,1,0.593414880002846,12,1,0.69627284484154,13,1,0.909658431060452,14,1,0.929924251779378,15,1,0.716206021238877,16,1,0.945095114923931,17,1,0.897068631454231,18,1,0.951163309620422,19,1,0.865177816966458,20,1,0.882101498463449,21,1,0.865177816966458,22,1,0.95680943990545,23,1,0.673547339062185,24,1,0.897068631454231,25,1,0.865177816966458,26,1,0.846520673420778,27,1,0.788431665958542,28,1,0.771044273621667,29,1,0.945095114923931,30
"GSM1438126",NA,1,0.226479327798807,1,1,0.22435987367917,2,1,0.207868049776968,3,1,0.187080348965575,4,1,0.213804490017822,5,1,0.213804490017822,6,1,0.227335512945895,7,1,0.213804490017822,8,1,0.187080348965575,9,1,0.203495111975975,10,1,0.205782960913849,11,1,0.187299614956746,12,1,0.190260202468217,13,1,0.213804490017822,14,1,0.22435987367917,15,1,0.191823185188559,16,1,0.227335512945895,17,1,0.210149015749703,18,1,0.226479327798807,19,1,0.205627595835316,20,1,0.207868049776968,21,1,0.205627595835316,22,1,0.226116528910265,23,1,0.189150539430508,24,1,0.210149015749703,25,1,0.205627595835316,26,1,0.205573567377533,27,1,0.203495111975975,28,1,0.199825781207252,29,1,0.227335512945895,30
