"","ID","Description","GeneRatio","BgRatio","pvalue","p.adjust","qvalue","geneID","Count"
"GO:0043001","GO:0043001","Golgi to plasma membrane protein transport","2/17","32/17913",0.000413489897673365,0.091957306348841,0.0748869955685796,"VAMP2/GOLGA7",2
"GO:0006893","GO:0006893","Golgi to plasma membrane transport","2/17","43/17913",0.000748179257515064,0.091957306348841,0.0748869955685796,"VAMP2/GOLGA7",2
"GO:0061951","GO:0061951","establishment of protein localization to plasma membrane","2/17","48/17913",0.000931999726508523,0.091957306348841,0.0748869955685796,"VAMP2/GOLGA7",2
"GO:0098876","GO:0098876","vesicle-mediated transport to the plasma membrane","2/17","70/17913",0.00197104481148107,0.140825418562357,0.11468357343805,"VAMP2/GOLGA7",2
"GO:0006892","GO:0006892","post-Golgi vesicle-mediated transport","2/17","77/17913",0.00237880774598576,0.140825418562357,0.11468357343805,"VAMP2/GOLGA7",2
"GO:0006633","GO:0006633","fatty acid biosynthetic process","2/17","144/17913",0.00806406730621207,0.195643537633659,0.159325640533812,"FADS2/PRKAG1",2
"GO:0006188","GO:0006188","IMP biosynthetic process","1/17","10/17913",0.00945225161713636,0.195643537633659,0.159325640533812,"PAICS",1
"GO:0046040","GO:0046040","IMP metabolic process","1/17","10/17913",0.00945225161713636,0.195643537633659,0.159325640533812,"PAICS",1
"GO:0006558","GO:0006558","L-phenylalanine metabolic process","1/17","11/17913",0.0103928376486679,0.195643537633659,0.159325640533812,"ASRGL1",1
"GO:0006559","GO:0006559","L-phenylalanine catabolic process","1/17","11/17913",0.0103928376486679,0.195643537633659,0.159325640533812,"ASRGL1",1
"GO:0031581","GO:0031581","hemidesmosome assembly","1/17","11/17913",0.0103928376486679,0.195643537633659,0.159325640533812,"PLEC",1
"GO:1902221","GO:1902221","erythrose 4-phosphate/phosphoenolpyruvate family amino acid metabolic process","1/17","11/17913",0.0103928376486679,0.195643537633659,0.159325640533812,"ASRGL1",1
"GO:1902222","GO:1902222","erythrose 4-phosphate/phosphoenolpyruvate family amino acid catabolic process","1/17","11/17913",0.0103928376486679,0.195643537633659,0.159325640533812,"ASRGL1",1
"GO:0046112","GO:0046112","nucleobase biosynthetic process","1/17","12/17913",0.0113325830268368,0.195643537633659,0.159325640533812,"PAICS",1
"GO:0051095","GO:0051095","regulation of helicase activity","1/17","12/17913",0.0113325830268368,0.195643537633659,0.159325640533812,"MCM2",1
"GO:0009127","GO:0009127","purine nucleoside monophosphate biosynthetic process","2/17","174/17913",0.0115933300262864,0.195643537633659,0.159325640533812,"PRKAG1/PAICS",2
"GO:0009168","GO:0009168","purine ribonucleoside monophosphate biosynthetic process","2/17","174/17913",0.0115933300262864,0.195643537633659,0.159325640533812,"PRKAG1/PAICS",2
"GO:0036109","GO:0036109","alpha-linolenic acid metabolic process","1/17","13/17913",0.0122714884560605,0.195643537633659,0.159325640533812,"FADS2",1
"GO:2001224","GO:2001224","positive regulation of neuron migration","1/17","14/17913",0.0132095546402088,0.195643537633659,0.159325640533812,"FBXO31",1
"GO:0009156","GO:0009156","ribonucleoside monophosphate biosynthetic process","2/17","188/17913",0.0134349069256887,0.195643537633659,0.159325640533812,"PRKAG1/PAICS",2
"GO:0006144","GO:0006144","purine nucleobase metabolic process","1/17","15/17913",0.0141467822825974,0.195643537633659,0.159325640533812,"PAICS",1
"GO:0009124","GO:0009124","nucleoside monophosphate biosynthetic process","2/17","196/17913",0.0145410737430422,0.195643537633659,0.159325640533812,"PRKAG1/PAICS",2
"GO:0043651","GO:0043651","linoleic acid metabolic process","1/17","17/17913",0.0160187247526161,0.206154022903234,0.167885032876389,"FADS2",1
"GO:0070987","GO:0070987","error-free translesion synthesis","1/17","19/17913",0.0178873214816606,0.208217579939753,0.169565525626613,"SPRTN",1
"GO:1902259","GO:1902259","regulation of delayed rectifier potassium channel activity","1/17","20/17913",0.0188203669457722,0.208217579939753,0.169565525626613,"VAMP2",1
"GO:0009068","GO:0009068","aspartate family amino acid catabolic process","1/17","22/17913",0.0206839555732866,0.208217579939753,0.169565525626613,"ASRGL1",1
"GO:0072659","GO:0072659","protein localization to plasma membrane","2/17","237/17913",0.02080106804348,0.208217579939753,0.169565525626613,"VAMP2/GOLGA7",2
"GO:0009065","GO:0009065","glutamine family amino acid catabolic process","1/17","25/17913",0.0234730932466999,0.208217579939753,0.169565525626613,"ASRGL1",1
"GO:0009112","GO:0009112","nucleobase metabolic process","1/17","27/17913",0.0253283629917995,0.208217579939753,0.169565525626613,"PAICS",1
"GO:0009152","GO:0009152","purine ribonucleotide biosynthetic process","2/17","266/17913",0.0257971704154354,0.208217579939753,0.169565525626613,"PRKAG1/PAICS",2
"GO:0009074","GO:0009074","aromatic amino acid family catabolic process","1/17","28/17913",0.026254753343423,0.208217579939753,0.169565525626613,"ASRGL1",1
"GO:0018345","GO:0018345","protein palmitoylation","1/17","28/17913",0.026254753343423,0.208217579939753,0.169565525626613,"GOLGA7",1
"GO:0000082","GO:0000082","G1/S transition of mitotic cell cycle","2/17","269/17913",0.0263396422816612,0.208217579939753,0.169565525626613,"MCM2/FBXO31",2
"GO:1990778","GO:1990778","protein localization to cell periphery","2/17","276/17913",0.027623629392888,0.208217579939753,0.169565525626613,"VAMP2/GOLGA7",2
"GO:0006270","GO:0006270","DNA replication initiation","1/17","30/17913",0.0281050484830758,0.208217579939753,0.169565525626613,"MCM2",1
"GO:0009260","GO:0009260","ribonucleotide biosynthetic process","2/17","279/17913",0.0281816513829476,0.208217579939753,0.169565525626613,"PRKAG1/PAICS",2
"GO:0006164","GO:0006164","purine nucleotide biosynthetic process","2/17","280/17913",0.0283686834802252,0.208217579939753,0.169565525626613,"PRKAG1/PAICS",2
"GO:0018198","GO:0018198","peptidyl-cysteine modification","1/17","31/17913",0.0290289546607746,0.208217579939753,0.169565525626613,"GOLGA7",1
"GO:0046390","GO:0046390","ribose phosphate biosynthetic process","2/17","284/17913",0.0291219086590987,0.208217579939753,0.169565525626613,"PRKAG1/PAICS",2
"GO:0090150","GO:0090150","establishment of protein localization to membrane","2/17","287/17913",0.0296921508709812,0.208217579939753,0.169565525626613,"VAMP2/GOLGA7",2
"GO:0044843","GO:0044843","cell cycle G1/S phase transition","2/17","288/17913",0.0298832401998262,0.208217579939753,0.169565525626613,"MCM2/FBXO31",2
"GO:0072522","GO:0072522","purine-containing compound biosynthetic process","2/17","291/17913",0.0304595198984007,0.208217579939753,0.169565525626613,"PRKAG1/PAICS",2
"GO:0071353","GO:0071353","cellular response to interleukin-4","1/17","33/17913",0.0308742877020128,0.208217579939753,0.169565525626613,"MCM2",1
"GO:0050775","GO:0050775","positive regulation of dendrite morphogenesis","1/17","35/17913",0.0327163196114951,0.208217579939753,0.169565525626613,"FBXO31",1
"GO:0048193","GO:0048193","Golgi vesicle transport","2/17","304/17913",0.0330083466539153,0.208217579939753,0.169565525626613,"VAMP2/GOLGA7",2
"GO:0070670","GO:0070670","response to interleukin-4","1/17","36/17913",0.0336360993724641,0.208217579939753,0.169565525626613,"MCM2",1
"GO:2001222","GO:2001222","regulation of neuron migration","1/17","38/17913",0.0354731899633884,0.208217579939753,0.169565525626613,"FBXO31",1
"GO:0009167","GO:0009167","purine ribonucleoside monophosphate metabolic process","2/17","317/17913",0.0356394318318787,0.208217579939753,0.169565525626613,"PRKAG1/PAICS",2
"GO:0009126","GO:0009126","purine nucleoside monophosphate metabolic process","2/17","318/17913",0.0358451684370611,0.208217579939753,0.169565525626613,"PRKAG1/PAICS",2
"GO:0072330","GO:0072330","monocarboxylic acid biosynthetic process","2/17","318/17913",0.0358451684370611,0.208217579939753,0.169565525626613,"FADS2/PRKAG1",2
"GO:0009072","GO:0009072","aromatic amino acid family metabolic process","1/17","39/17913",0.0363905021743323,0.208217579939753,0.169565525626613,"ASRGL1",1
"GO:0019985","GO:0019985","translesion synthesis","1/17","40/17913",0.0373069932486885,0.208217579939753,0.169565525626613,"SPRTN",1
"GO:0009161","GO:0009161","ribonucleoside monophosphate metabolic process","2/17","331/17913",0.0385624427201989,0.208217579939753,0.169565525626613,"PRKAG1/PAICS",2
"GO:0006418","GO:0006418","tRNA aminoacylation for protein translation","1/17","42/17913",0.0391375147436674,0.208217579939753,0.169565525626613,"TARS",1
"GO:0014047","GO:0014047","glutamate secretion","1/17","42/17913",0.0391375147436674,0.208217579939753,0.169565525626613,"VAMP2",1
"GO:0006631","GO:0006631","fatty acid metabolic process","2/17","339/17913",0.0402734360734814,0.208217579939753,0.169565525626613,"FADS2/PRKAG1",2
"GO:0043039","GO:0043039","tRNA aminoacylation","1/17","45/17913",0.0418771556727576,0.208217579939753,0.169565525626613,"TARS",1
"GO:0006520","GO:0006520","cellular amino acid metabolic process","2/17","347/17913",0.042013423717546,0.208217579939753,0.169565525626613,"ASRGL1/TARS",2
"GO:0009123","GO:0009123","nucleoside monophosphate metabolic process","2/17","349/17913",0.0424528946783421,0.208217579939753,0.169565525626613,"PRKAG1/PAICS",2
"GO:0043038","GO:0043038","amino acid activation","1/17","46/17913",0.0427887343807025,0.208217579939753,0.169565525626613,"TARS",1
"GO:0006301","GO:0006301","postreplication repair","1/17","47/17913",0.0436994967647365,0.208217579939753,0.169565525626613,"SPRTN",1
"GO:0009066","GO:0009066","aspartate family amino acid metabolic process","1/17","47/17913",0.0436994967647365,0.208217579939753,0.169565525626613,"ASRGL1",1
"GO:0009165","GO:0009165","nucleotide biosynthetic process","2/17","360/17913",0.0449015090140957,0.208217579939753,0.169565525626613,"PRKAG1/PAICS",2
"GO:0090102","GO:0090102","cochlea development","1/17","49/17913",0.0455185753020204,0.208217579939753,0.169565525626613,"MCM2",1
"GO:1901293","GO:1901293","nucleoside phosphate biosynthetic process","2/17","365/17913",0.0460319300278813,0.208217579939753,0.169565525626613,"PRKAG1/PAICS",2
"GO:0000731","GO:0000731","DNA synthesis involved in DNA repair","1/17","50/17913",0.0464268928244045,0.208217579939753,0.169565525626613,"SPRTN",1
"GO:0046148","GO:0046148","pigment biosynthetic process","1/17","52/17913",0.0482410877954663,0.213124805782956,0.173561808407884,"PAICS",1
"GO:0006636","GO:0006636","unsaturated fatty acid biosynthetic process","1/17","54/17913",0.0500520338870837,0.217873559273188,0.177429036534708,"FADS2",1
"GO:0015800","GO:0015800","acidic amino acid transport","1/17","62/17913",0.0572634384330419,0.237208341505726,0.193174645109571,"VAMP2",1
"GO:1901016","GO:1901016","regulation of potassium ion transmembrane transporter activity","1/17","62/17913",0.0572634384330419,0.237208341505726,0.193174645109571,"VAMP2",1
"GO:0031571","GO:0031571","mitotic G1 DNA damage checkpoint","1/17","63/17913",0.058161232480806,0.237208341505726,0.193174645109571,"FBXO31",1
"GO:0044819","GO:0044819","mitotic G1/S transition checkpoint","1/17","63/17913",0.058161232480806,0.237208341505726,0.193174645109571,"FBXO31",1
"GO:0044783","GO:0044783","G1 DNA damage checkpoint","1/17","64/17913",0.0590582217832056,0.237208341505726,0.193174645109571,"FBXO31",1
"GO:0046394","GO:0046394","carboxylic acid biosynthetic process","2/17","426/17913",0.0606529817810764,0.237208341505726,0.193174645109571,"FADS2/PRKAG1",2
"GO:0042440","GO:0042440","pigment metabolic process","1/17","66/17913",0.0608497888565567,0.237208341505726,0.193174645109571,"PAICS",1
"GO:0016053","GO:0016053","organic acid biosynthetic process","2/17","427/17913",0.0609048444406594,0.237208341505726,0.193174645109571,"FADS2/PRKAG1",2
"GO:0009064","GO:0009064","glutamine family amino acid metabolic process","1/17","68/17913",0.0626381450570876,0.238040655023758,0.193852453771126,"ASRGL1",1
"GO:0031146","GO:0031146","SCF-dependent proteasomal ubiquitin-dependent protein catabolic process","1/17","69/17913",0.0635311207664759,0.238040655023758,0.193852453771126,"FBXO31",1
"GO:1900006","GO:1900006","positive regulation of dendrite development","1/17","69/17913",0.0635311207664759,0.238040655023758,0.193852453771126,"FBXO31",1
"GO:0060291","GO:0060291","long-term synaptic potentiation","1/17","74/17913",0.06798400233463,0.245002952754715,0.199522319277488,"VAMP2",1
"GO:0006110","GO:0006110","regulation of glycolytic process","1/17","75/17913",0.068872183956936,0.245002952754715,0.199522319277488,"PRKAG1",1
"GO:0032508","GO:0032508","DNA duplex unwinding","1/17","76/17913",0.0697595689144831,0.245002952754715,0.199522319277488,"MCM2",1
"GO:0006497","GO:0006497","protein lipidation","1/17","77/17913",0.0706461578772267,0.245002952754715,0.199522319277488,"GOLGA7",1
"GO:0030811","GO:0030811","regulation of nucleotide catabolic process","1/17","77/17913",0.0706461578772267,0.245002952754715,0.199522319277488,"PRKAG1",1
"GO:0031145","GO:0031145","anaphase-promoting complex-dependent catabolic process","1/17","81/17913",0.0741845671608443,0.245002952754715,0.199522319277488,"FBXO31",1
"GO:0042158","GO:0042158","lipoprotein biosynthetic process","1/17","82/17913",0.0750671861804864,0.245002952754715,0.199522319277488,"GOLGA7",1
"GO:0048814","GO:0048814","regulation of dendrite morphogenesis","1/17","82/17913",0.0750671861804864,0.245002952754715,0.199522319277488,"FBXO31",1
"GO:0043470","GO:0043470","regulation of carbohydrate catabolic process","1/17","84/17913",0.0768300489277248,0.245002952754715,0.199522319277488,"PRKAG1",1
"GO:1901379","GO:1901379","regulation of potassium ion transmembrane transport","1/17","84/17913",0.0768300489277248,0.245002952754715,0.199522319277488,"VAMP2",1
"GO:0032392","GO:0032392","DNA geometric change","1/17","86/17913",0.0785897490581593,0.245002952754715,0.199522319277488,"MCM2",1
"GO:0044773","GO:0044773","mitotic DNA damage checkpoint","1/17","86/17913",0.0785897490581593,0.245002952754715,0.199522319277488,"FBXO31",1
"GO:0009150","GO:0009150","purine ribonucleotide metabolic process","2/17","500/17913",0.0802495354787391,0.245002952754715,0.199522319277488,"PRKAG1/PAICS",2
"GO:0044774","GO:0044774","mitotic DNA integrity checkpoint","1/17","90/17913",0.08209968273943,0.245002952754715,0.199522319277488,"FBXO31",1
"GO:0051196","GO:0051196","regulation of coenzyme metabolic process","1/17","90/17913",0.08209968273943,0.245002952754715,0.199522319277488,"PRKAG1",1
"GO:2001169","GO:2001169","regulation of ATP biosynthetic process","1/17","90/17913",0.08209968273943,0.245002952754715,0.199522319277488,"PRKAG1",1
"GO:0006835","GO:0006835","dicarboxylic acid transport","1/17","93/17913",0.0847238706365034,0.245002952754715,0.199522319277488,"VAMP2",1
"GO:0001676","GO:0001676","long-chain fatty acid metabolic process","1/17","94/17913",0.0855970296824735,0.245002952754715,0.199522319277488,"FADS2",1
"GO:0007044","GO:0007044","cell-substrate junction assembly","1/17","96/17913",0.0873409963588917,0.245002952754715,0.199522319277488,"PLEC",1
"GO:0033559","GO:0033559","unsaturated fatty acid metabolic process","1/17","98/17913",0.0890818322122087,0.245002952754715,0.199522319277488,"FADS2",1
"GO:0043266","GO:0043266","regulation of potassium ion transport","1/17","98/17913",0.0890818322122087,0.245002952754715,0.199522319277488,"VAMP2",1
"GO:1901606","GO:1901606","alpha-amino acid catabolic process","1/17","98/17913",0.0890818322122087,0.245002952754715,0.199522319277488,"ASRGL1",1
"GO:0016079","GO:0016079","synaptic vesicle exocytosis","1/17","100/17913",0.0908195425122826,0.245002952754715,0.199522319277488,"VAMP2",1
"GO:1904659","GO:1904659","glucose transmembrane transport","1/17","107/17913",0.0968769907202065,0.245002952754715,0.199522319277488,"MFSD4A",1
"GO:0042737","GO:0042737","drug catabolic process","1/17","109/17913",0.0986007010234531,0.245002952754715,0.199522319277488,"ASRGL1",1
"GO:1900371","GO:1900371","regulation of purine nucleotide biosynthetic process","1/17","109/17913",0.0986007010234531,0.245002952754715,0.199522319277488,"PRKAG1",1
"GO:0006096","GO:0006096","glycolytic process","1/17","110/17913",0.0994613945801032,0.245002952754715,0.199522319277488,"PRKAG1",1
"GO:0030808","GO:0030808","regulation of nucleotide biosynthetic process","1/17","110/17913",0.0994613945801032,0.245002952754715,0.199522319277488,"PRKAG1",1
"GO:0031398","GO:0031398","positive regulation of protein ubiquitination","1/17","110/17913",0.0994613945801032,0.245002952754715,0.199522319277488,"SPRTN",1
"GO:1903578","GO:1903578","regulation of ATP metabolic process","1/17","110/17913",0.0994613945801032,0.245002952754715,0.199522319277488,"PRKAG1",1
"GO:0006757","GO:0006757","ATP generation from ADP","1/17","111/17913",0.100321314609993,0.245002952754715,0.199522319277488,"PRKAG1",1
"GO:0008645","GO:0008645","hexose transmembrane transport","1/17","112/17913",0.101180461764899,0.245002952754715,0.199522319277488,"MFSD4A",1
"GO:0042157","GO:0042157","lipoprotein metabolic process","1/17","112/17913",0.101180461764899,0.245002952754715,0.199522319277488,"GOLGA7",1
"GO:0046717","GO:0046717","acid secretion","1/17","113/17913",0.102038836696083,0.245002952754715,0.199522319277488,"VAMP2",1
"GO:0015749","GO:0015749","monosaccharide transmembrane transport","1/17","114/17913",0.102896440054294,0.245002952754715,0.199522319277488,"MFSD4A",1
"GO:0042866","GO:0042866","pyruvate biosynthetic process","1/17","114/17913",0.102896440054294,0.245002952754715,0.199522319277488,"PRKAG1",1
"GO:0051193","GO:0051193","regulation of cofactor metabolic process","1/17","114/17913",0.102896440054294,0.245002952754715,0.199522319277488,"PRKAG1",1
"GO:0009063","GO:0009063","cellular amino acid catabolic process","1/17","115/17913",0.103753272489772,0.245002952754715,0.199522319277488,"ASRGL1",1
"GO:0072329","GO:0072329","monocarboxylic acid catabolic process","1/17","115/17913",0.103753272489772,0.245002952754715,0.199522319277488,"ASRGL1",1
"GO:0034219","GO:0034219","carbohydrate transmembrane transport","1/17","116/17913",0.104609334652244,0.245002952754715,0.199522319277488,"MFSD4A",1
"GO:0061025","GO:0061025","membrane fusion","1/17","117/17913",0.105464627190926,0.245002952754715,0.199522319277488,"VAMP2",1
"GO:0046031","GO:0046031","ADP metabolic process","1/17","121/17913",0.108878114074196,0.245002952754715,0.199522319277488,"PRKAG1",1
"GO:2000134","GO:2000134","negative regulation of G1/S transition of mitotic cell cycle","1/17","124/17913",0.111430179922535,0.245002952754715,0.199522319277488,"FBXO31",1
"GO:0051170","GO:0051170","import into nucleus","1/17","125/17913",0.112279338781454,0.245002952754715,0.199522319277488,"PRKAG1",1
"GO:2001251","GO:2001251","negative regulation of chromosome organization","1/17","125/17913",0.112279338781454,0.245002952754715,0.199522319277488,"MCM2",1
"GO:0048489","GO:0048489","synaptic vesicle transport","1/17","126/17913",0.113127733836588,0.245002952754715,0.199522319277488,"VAMP2",1
"GO:0097480","GO:0097480","establishment of synaptic vesicle localization","1/17","126/17913",0.113127733836588,0.245002952754715,0.199522319277488,"VAMP2",1
"GO:0017156","GO:0017156","calcium ion regulated exocytosis","1/17","127/17913",0.113975365732061,0.245002952754715,0.199522319277488,"VAMP2",1
"GO:1900542","GO:1900542","regulation of purine nucleotide metabolic process","1/17","128/17913",0.114822235111492,0.245002952754715,0.199522319277488,"PRKAG1",1
"GO:1903322","GO:1903322","positive regulation of protein modification by small protein conjugation or removal","1/17","128/17913",0.114822235111492,0.245002952754715,0.199522319277488,"SPRTN",1
"GO:0006165","GO:0006165","nucleoside diphosphate phosphorylation","1/17","129/17913",0.115668342617992,0.245002952754715,0.199522319277488,"PRKAG1",1
"GO:0006261","GO:0006261","DNA-dependent DNA replication","1/17","130/17913",0.116513688894167,0.245002952754715,0.199522319277488,"MCM2",1
"GO:0007156","GO:0007156","homophilic cell adhesion via plasma membrane adhesion molecules","1/17","130/17913",0.116513688894167,0.245002952754715,0.199522319277488,"PCDHGB5",1
"GO:1902807","GO:1902807","negative regulation of cell cycle G1/S phase transition","1/17","130/17913",0.116513688894167,0.245002952754715,0.199522319277488,"FBXO31",1
"GO:0046939","GO:0046939","nucleotide phosphorylation","1/17","131/17913",0.117358274582116,0.245002952754715,0.199522319277488,"PRKAG1",1
"GO:0048813","GO:0048813","dendrite morphogenesis","1/17","131/17913",0.117358274582116,0.245002952754715,0.199522319277488,"FBXO31",1
"GO:0006140","GO:0006140","regulation of nucleotide metabolic process","1/17","132/17913",0.118202100323433,0.245002952754715,0.199522319277488,"PRKAG1",1
"GO:0000077","GO:0000077","DNA damage checkpoint","1/17","133/17913",0.119045166759208,0.245002952754715,0.199522319277488,"FBXO31",1
"GO:0009135","GO:0009135","purine nucleoside diphosphate metabolic process","1/17","133/17913",0.119045166759208,0.245002952754715,0.199522319277488,"PRKAG1",1
"GO:0009179","GO:0009179","purine ribonucleoside diphosphate metabolic process","1/17","133/17913",0.119045166759208,0.245002952754715,0.199522319277488,"PRKAG1",1
"GO:0006865","GO:0006865","amino acid transport","1/17","134/17913",0.119887474530022,0.245002952754715,0.199522319277488,"VAMP2",1
"GO:0006334","GO:0006334","nucleosome assembly","1/17","135/17913",0.120729024275958,0.245002952754715,0.199522319277488,"MCM2",1
"GO:0009185","GO:0009185","ribonucleoside diphosphate metabolic process","1/17","135/17913",0.120729024275958,0.245002952754715,0.199522319277488,"PRKAG1",1
"GO:0009411","GO:0009411","response to UV","1/17","137/17913",0.122409852250989,0.245002952754715,0.199522319277488,"SPRTN",1
"GO:0097479","GO:0097479","synaptic vesicle localization","1/17","137/17913",0.122409852250989,0.245002952754715,0.199522319277488,"VAMP2",1
"GO:0010770","GO:0010770","positive regulation of cell morphogenesis involved in differentiation","1/17","138/17913",0.123249131757725,0.245002952754715,0.199522319277488,"FBXO31",1
"GO:0050773","GO:0050773","regulation of dendrite development","1/17","139/17913",0.124087655794862,0.245002952754715,0.199522319277488,"FBXO31",1
"GO:0071804","GO:0071804","cellular potassium ion transport","1/17","140/17913",0.124925424999965,0.245002952754715,0.199522319277488,"VAMP2",1
"GO:0071805","GO:0071805","potassium ion transmembrane transport","1/17","140/17913",0.124925424999965,0.245002952754715,0.199522319277488,"VAMP2",1
"GO:0031570","GO:0031570","DNA integrity checkpoint","1/17","141/17913",0.125762440010092,0.245002952754715,0.199522319277488,"FBXO31",1
"GO:0019359","GO:0019359","nicotinamide nucleotide biosynthetic process","1/17","142/17913",0.126598701461804,0.245002952754715,0.199522319277488,"PRKAG1",1
"GO:0019363","GO:0019363","pyridine nucleotide biosynthetic process","1/17","142/17913",0.126598701461804,0.245002952754715,0.199522319277488,"PRKAG1",1
"GO:0043467","GO:0043467","regulation of generation of precursor metabolites and energy","1/17","144/17913",0.128268966233711,0.245002952754715,0.199522319277488,"PRKAG1",1
"GO:0050806","GO:0050806","positive regulation of synaptic transmission","1/17","145/17913",0.129102970824516,0.245002952754715,0.199522319277488,"VAMP2",1
"GO:0072525","GO:0072525","pyridine-containing compound biosynthetic process","1/17","145/17913",0.129102970824516,0.245002952754715,0.199522319277488,"PRKAG1",1
"GO:0006090","GO:0006090","pyruvate metabolic process","1/17","147/17913",0.130768727588609,0.245002952754715,0.199522319277488,"PRKAG1",1
"GO:0007093","GO:0007093","mitotic cell cycle checkpoint","1/17","147/17913",0.130768727588609,0.245002952754715,0.199522319277488,"FBXO31",1
"GO:0008643","GO:0008643","carbohydrate transport","1/17","148/17913",0.131600481029507,0.245002952754715,0.199522319277488,"MFSD4A",1
"GO:0007269","GO:0007269","neurotransmitter secretion","1/17","149/17913",0.132431485353881,0.245002952754715,0.199522319277488,"VAMP2",1
"GO:0006754","GO:0006754","ATP biosynthetic process","1/17","150/17913",0.133261741194288,0.245002952754715,0.199522319277488,"PRKAG1",1
"GO:0090316","GO:0090316","positive regulation of intracellular protein transport","1/17","150/17913",0.133261741194288,0.245002952754715,0.199522319277488,"VAMP2",1
"GO:0099643","GO:0099643","signal release from synapse","1/17","150/17913",0.133261741194288,0.245002952754715,0.199522319277488,"VAMP2",1
"GO:0001764","GO:0001764","neuron migration","1/17","152/17913",0.134920009950936,0.245008628917204,0.199526941756898,"FBXO31",1
"GO:0009132","GO:0009132","nucleoside diphosphate metabolic process","1/17","153/17913",0.135748024129802,0.245008628917204,0.199526941756898,"PRKAG1",1
"GO:0031497","GO:0031497","chromatin assembly","1/17","153/17913",0.135748024129802,0.245008628917204,0.199526941756898,"MCM2",1
"GO:0009206","GO:0009206","purine ribonucleoside triphosphate biosynthetic process","1/17","159/17913",0.140700466104891,0.250843643406505,0.204278784993207,"PRKAG1",1
"GO:0006399","GO:0006399","tRNA metabolic process","1/17","160/17913",0.141523271786778,0.250843643406505,0.204278784993207,"TARS",1
"GO:0009145","GO:0009145","purine nucleoside triphosphate biosynthetic process","1/17","160/17913",0.141523271786778,0.250843643406505,0.204278784993207,"PRKAG1",1
"GO:0099504","GO:0099504","synaptic vesicle cycle","1/17","162/17913",0.143166659101167,0.252020862196074,0.205237473125537,"VAMP2",1
"GO:0009201","GO:0009201","ribonucleoside triphosphate biosynthetic process","1/17","164/17913",0.14480708519123,0.252020862196074,0.205237473125537,"PRKAG1",1
"GO:0034728","GO:0034728","nucleosome organization","1/17","165/17913",0.145626189340858,0.252020862196074,0.205237473125537,"MCM2",1
"GO:0016241","GO:0016241","regulation of macroautophagy","1/17","166/17913",0.146444555059881,0.252020862196074,0.205237473125537,"PRKAG1",1
"GO:2001257","GO:2001257","regulation of cation channel activity","1/17","166/17913",0.146444555059881,0.252020862196074,0.205237473125537,"VAMP2",1
"GO:0009166","GO:0009166","nucleotide catabolic process","1/17","169/17913",0.148895227872164,0.253293031322761,0.20627348567892,"PRKAG1",1
"GO:0048167","GO:0048167","regulation of synaptic plasticity","1/17","169/17913",0.148895227872164,0.253293031322761,0.20627348567892,"VAMP2",1
"GO:0050821","GO:0050821","protein stabilization","1/17","171/17913",0.150525329023274,0.253971874738299,0.206826313353736,"GOLGA7",1
"GO:0099003","GO:0099003","vesicle-mediated transport in synapse","1/17","174/17913",0.152964972102697,0.253971874738299,0.206826313353736,"VAMP2",1
"GO:0009142","GO:0009142","nucleoside triphosphate biosynthetic process","1/17","175/17913",0.153776719973166,0.253971874738299,0.206826313353736,"PRKAG1",1
"GO:1901292","GO:1901292","nucleoside phosphate catabolic process","1/17","175/17913",0.153776719973166,0.253971874738299,0.206826313353736,"PRKAG1",1
"GO:2000045","GO:2000045","regulation of G1/S transition of mitotic cell cycle","1/17","177/17913",0.155398019699109,0.253971874738299,0.206826313353736,"FBXO31",1
"GO:0006333","GO:0006333","chromatin assembly or disassembly","1/17","178/17913",0.156207572792541,0.253971874738299,0.206826313353736,"MCM2",1
"GO:0019362","GO:0019362","pyridine nucleotide metabolic process","1/17","179/17913",0.157016395530773,0.253971874738299,0.206826313353736,"PRKAG1",1
"GO:0046496","GO:0046496","nicotinamide nucleotide metabolic process","1/17","179/17913",0.157016395530773,0.253971874738299,0.206826313353736,"PRKAG1",1
"GO:1901796","GO:1901796","regulation of signal transduction by p53 class mediator","1/17","179/17913",0.157016395530773,0.253971874738299,0.206826313353736,"PRKAG1",1
"GO:0072524","GO:0072524","pyridine-containing compound metabolic process","1/17","184/17913",0.161049575498391,0.257274395073908,0.209515776927187,"PRKAG1",1
"GO:0016052","GO:0016052","carbohydrate catabolic process","1/17","185/17913",0.161854029061284,0.257274395073908,0.209515776927187,"PRKAG1",1
"GO:0048839","GO:0048839","inner ear development","1/17","185/17913",0.161854029061284,0.257274395073908,0.209515776927187,"MCM2",1
"GO:0017157","GO:0017157","regulation of exocytosis","1/17","187/17913",0.163460758678056,0.257274395073908,0.209515776927187,"VAMP2",1
"GO:0009749","GO:0009749","response to glucose","1/17","190/17913",0.165865418538685,0.257274395073908,0.209515776927187,"VAMP2",1
"GO:0006733","GO:0006733","oxidoreduction coenzyme metabolic process","1/17","192/17913",0.167464909219888,0.257274395073908,0.209515776927187,"PRKAG1",1
"GO:0071897","GO:0071897","DNA biosynthetic process","1/17","192/17913",0.167464909219888,0.257274395073908,0.209515776927187,"SPRTN",1
"GO:0006323","GO:0006323","DNA packaging","1/17","194/17913",0.169061512897268,0.257274395073908,0.209515776927187,"MCM2",1
"GO:0006813","GO:0006813","potassium ion transport","1/17","194/17913",0.169061512897268,0.257274395073908,0.209515776927187,"VAMP2",1
"GO:0009746","GO:0009746","response to hexose","1/17","195/17913",0.16985873363663,0.257274395073908,0.209515776927187,"VAMP2",1
"GO:1902806","GO:1902806","regulation of cell cycle G1/S phase transition","1/17","195/17913",0.16985873363663,0.257274395073908,0.209515776927187,"FBXO31",1
"GO:0031396","GO:0031396","regulation of protein ubiquitination","1/17","196/17913",0.170655234456596,0.257274395073908,0.209515776927187,"SPRTN",1
"GO:0000075","GO:0000075","cell cycle checkpoint","1/17","197/17913",0.171451015966685,0.257274395073908,0.209515776927187,"FBXO31",1
"GO:0032869","GO:0032869","cellular response to insulin stimulus","1/17","197/17913",0.171451015966685,0.257274395073908,0.209515776927187,"VAMP2",1
"GO:0006109","GO:0006109","regulation of carbohydrate metabolic process","1/17","198/17913",0.172246078775929,0.257274395073908,0.209515776927187,"PRKAG1",1
"GO:0034284","GO:0034284","response to monosaccharide","1/17","200/17913",0.173834050725614,0.257274395073908,0.209515776927187,"VAMP2",1
"GO:1901605","GO:1901605","alpha-amino acid metabolic process","1/17","200/17913",0.173834050725614,0.257274395073908,0.209515776927187,"ASRGL1",1
"GO:0032388","GO:0032388","positive regulation of intracellular transport","1/17","203/17913",0.176210633592003,0.259494266384243,0.211323566863412,"VAMP2",1
"GO:0065004","GO:0065004","protein-DNA complex assembly","1/17","210/17913",0.181730994853465,0.265967367607831,0.216595046878355,"MCM2",1
"GO:0034404","GO:0034404","nucleobase-containing small molecule biosynthetic process","1/17","211/17913",0.182516769755316,0.265967367607831,0.216595046878355,"PRKAG1",1
"GO:0043583","GO:0043583","ear development","1/17","212/17913",0.183301834432424,0.265967367607831,0.216595046878355,"MCM2",1
"GO:0034329","GO:0034329","cell junction assembly","1/17","214/17913",0.184869835519335,0.266934006408405,0.217382245617087,"PLEC",1
"GO:0016358","GO:0016358","dendrite development","1/17","216/17913",0.186435002923297,0.267887188666485,0.218158485791697,"FBXO31",1
"GO:0033157","GO:0033157","regulation of intracellular protein transport","1/17","220/17913",0.189556855880763,0.271057146573458,0.220739994898015,"VAMP2",1
"GO:1903320","GO:1903320","regulation of protein modification by small protein conjugation or removal","1/17","223/17913",0.191890842837036,0.271569332196249,0.221157101966362,"SPRTN",1
"GO:0009743","GO:0009743","response to carbohydrate","1/17","224/17913",0.192667431625717,0.271569332196249,0.221157101966362,"VAMP2",1
"GO:0046434","GO:0046434","organophosphate catabolic process","1/17","224/17913",0.192667431625717,0.271569332196249,0.221157101966362,"PRKAG1",1
"GO:0007050","GO:0007050","cell cycle arrest","1/17","231/17913",0.198083918216314,0.276950924448481,0.225539693096381,"PRKAG1",1
"GO:0043543","GO:0043543","protein acylation","1/17","233/17913",0.199625192410858,0.276950924448481,0.225539693096381,"GOLGA7",1
"GO:0098742","GO:0098742","cell-cell adhesion via plasma-membrane adhesion molecules","1/17","233/17913",0.199625192410858,0.276950924448481,0.225539693096381,"PCDHGB5",1
"GO:0032412","GO:0032412","regulation of ion transmembrane transporter activity","1/17","234/17913",0.200394783572001,0.276950924448481,0.225539693096381,"VAMP2",1
"GO:1901991","GO:1901991","negative regulation of mitotic cell cycle phase transition","1/17","235/17913",0.20116367823116,0.276950924448481,0.225539693096381,"FBXO31",1
"GO:0071824","GO:0071824","protein-DNA complex subunit organization","1/17","240/17913",0.204997724665486,0.280421286966514,0.228365841804167,"MCM2",1
"GO:0006836","GO:0006836","neurotransmitter transport","1/17","241/17913",0.20576245270717,0.280421286966514,0.228365841804167,"VAMP2",1
"GO:0022898","GO:0022898","regulation of transmembrane transporter activity","1/17","242/17913",0.206526488373987,0.280421286966514,0.228365841804167,"VAMP2",1
"GO:0009108","GO:0009108","coenzyme biosynthetic process","1/17","245/17913",0.208814447000113,0.282233225169102,0.229841424479816,"PRKAG1",1
"GO:0016054","GO:0016054","organic acid catabolic process","1/17","250/17913",0.212613918642125,0.284767963430176,0.231905631669667,"ASRGL1",1
"GO:0046395","GO:0046395","carboxylic acid catabolic process","1/17","250/17913",0.212613918642125,0.284767963430176,0.231905631669667,"ASRGL1",1
"GO:0032868","GO:0032868","response to insulin","1/17","252/17913",0.214128893492869,0.284954343223011,0.232057413222154,"VAMP2",1
"GO:0051650","GO:0051650","establishment of vesicle localization","1/17","253/17913",0.214885351723468,0.284954343223011,0.232057413222154,"VAMP2",1
"GO:1901988","GO:1901988","negative regulation of cell cycle phase transition","1/17","254/17913",0.215641124601198,0.284954343223011,0.232057413222154,"FBXO31",1
"GO:0032409","GO:0032409","regulation of transporter activity","1/17","257/17913",0.217904336936417,0.286665261036353,0.233450728226617,"VAMP2",1
"GO:0006260","GO:0006260","DNA replication","1/17","260/17913",0.220161402025744,0.287082709249429,0.233790684274962,"MCM2",1
"GO:0010769","GO:0010769","regulation of cell morphogenesis involved in differentiation","1/17","260/17913",0.220161402025744,0.287082709249429,0.233790684274962,"FBXO31",1
"GO:0072331","GO:0072331","signal transduction by p53 class mediator","1/17","264/17913",0.223161286816746,0.289420216172978,0.235694272772447,"PRKAG1",1
"GO:0010976","GO:0010976","positive regulation of neuron projection development","1/17","265/17913",0.223909559133824,0.289420216172978,0.235694272772447,"FBXO31",1
"GO:0051648","GO:0051648","vesicle localization","1/17","270/17913",0.227640756284355,0.292336365241236,0.238069088336568,"VAMP2",1
"GO:0016236","GO:0016236","macroautophagy","1/17","272/17913",0.229128502486374,0.292336365241236,0.238069088336568,"PRKAG1",1
"GO:0031647","GO:0031647","regulation of protein stability","1/17","272/17913",0.229128502486374,0.292336365241236,0.238069088336568,"GOLGA7",1
"GO:0034330","GO:0034330","cell junction organization","1/17","277/17913",0.232836076534912,0.295791753881262,0.240883042812265,"PLEC",1
"GO:0071103","GO:0071103","DNA conformation change","1/17","279/17913",0.234314401594954,0.296397704581651,0.241376509065427,"MCM2",1
"GO:0046034","GO:0046034","ATP metabolic process","1/17","287/17913",0.240200932759926,0.302188089482358,0.246092007437624,"PRKAG1",1
"GO:0000209","GO:0000209","protein polyubiquitination","1/17","288/17913",0.240933747019718,0.302188089482358,0.246092007437624,"FBXO31",1
"GO:0015849","GO:0015849","organic acid transport","1/17","293/17913",0.244587850888605,0.304193293542131,0.247724979449317,"VAMP2",1
"GO:0046942","GO:0046942","carboxylic acid transport","1/17","293/17913",0.244587850888605,0.304193293542131,0.247724979449317,"VAMP2",1
"GO:0071375","GO:0071375","cellular response to peptide hormone stimulus","1/17","297/17913",0.247499206965625,0.306526214484624,0.249624833275174,"VAMP2",1
"GO:0006913","GO:0006913","nucleocytoplasmic transport","1/17","302/17913",0.251123552434238,0.309719048002226,0.252224971523861,"PRKAG1",1
"GO:0051169","GO:0051169","nuclear transport","1/17","305/17913",0.253290266860458,0.310030236913574,0.252478393503586,"PRKAG1",1
"GO:0009416","GO:0009416","response to light stimulus","1/17","307/17913",0.254731463785447,0.310030236913574,0.252478393503586,"SPRTN",1
"GO:0045930","GO:0045930","negative regulation of mitotic cell cycle","1/17","308/17913",0.255451080115996,0.310030236913574,0.252478393503586,"FBXO31",1
"GO:0051188","GO:0051188","cofactor biosynthetic process","1/17","310/17913",0.256888351301766,0.310030236913574,0.252478393503586,"PRKAG1",1
"GO:0033044","GO:0033044","regulation of chromosome organization","1/17","311/17913",0.257606007271082,0.310030236913574,0.252478393503586,"MCM2",1
"GO:1904062","GO:1904062","regulation of cation transmembrane transport","1/17","312/17913",0.258323010900011,0.310030236913574,0.252478393503586,"VAMP2",1
"GO:0009205","GO:0009205","purine ribonucleoside triphosphate metabolic process","1/17","314/17913",0.259755063360021,0.310030236913574,0.252478393503586,"PRKAG1",1
"GO:0010506","GO:0010506","regulation of autophagy","1/17","314/17913",0.259755063360021,0.310030236913574,0.252478393503586,"PRKAG1",1
"GO:1903829","GO:1903829","positive regulation of cellular protein localization","1/17","318/17913",0.262611364627152,0.310972408051086,0.253245666584988,"VAMP2",1
"GO:0009199","GO:0009199","ribonucleoside triphosphate metabolic process","1/17","319/17913",0.263323817414952,0.310972408051086,0.253245666584988,"PRKAG1",1
"GO:0001505","GO:0001505","regulation of neurotransmitter levels","1/17","321/17913",0.264746779827276,0.310972408051086,0.253245666584988,"VAMP2",1
"GO:0009144","GO:0009144","purine nucleoside triphosphate metabolic process","1/17","321/17913",0.264746779827276,0.310972408051086,0.253245666584988,"PRKAG1",1
"GO:0043161","GO:0043161","proteasome-mediated ubiquitin-dependent protein catabolic process","1/17","328/17913",0.269706802966993,0.315546299123438,0.2569704925294,"FBXO31",1
"GO:0009141","GO:0009141","nucleoside triphosphate metabolic process","1/17","337/17913",0.27603770938785,0.32168174007403,0.261966993161284,"PRKAG1",1
"GO:0010948","GO:0010948","negative regulation of cell cycle process","1/17","344/17913",0.280925997629777,0.326094491366329,0.265560592186662,"FBXO31",1
"GO:0010639","GO:0010639","negative regulation of organelle organization","1/17","352/17913",0.286474569912474,0.331236221461298,0.269747847491598,"MCM2",1
"GO:0045666","GO:0045666","positive regulation of neuron differentiation","1/17","355/17913",0.288544876238178,0.332331841892999,0.270640084614142,"FBXO31",1
"GO:0043687","GO:0043687","post-translational protein modification","1/17","360/17913",0.291982828066965,0.334511329529944,0.272414987419478,"FBXO31",1
"GO:0031346","GO:0031346","positive regulation of cell projection organization","1/17","362/17913",0.293353625756164,0.334511329529944,0.272414987419478,"FBXO31",1
"GO:1901653","GO:1901653","cellular response to peptide","1/17","364/17913",0.294721925266853,0.334511329529944,0.272414987419478,"VAMP2",1
"GO:0010959","GO:0010959","regulation of metal ion transport","1/17","365/17913",0.295405139539488,0.334511329529944,0.272414987419478,"VAMP2",1
"GO:0006732","GO:0006732","coenzyme metabolic process","1/17","366/17913",0.29608773086772,0.334511329529944,0.272414987419478,"PRKAG1",1
"GO:0010498","GO:0010498","proteasomal protein catabolic process","1/17","382/17913",0.30692490492137,0.345436394892492,0.28131200010804,"FBXO31",1
"GO:0050804","GO:0050804","modulation of chemical synaptic transmission","1/17","393/17913",0.314284159527512,0.351792674826865,0.286488344720314,"VAMP2",1
"GO:0099177","GO:0099177","regulation of trans-synaptic signaling","1/17","394/17913",0.314949523071349,0.351792674826865,0.286488344720314,"VAMP2",1
"GO:0032386","GO:0032386","regulation of intracellular transport","1/17","400/17913",0.318928961406166,0.353846347140344,0.288160787678303,"VAMP2",1
"GO:0051222","GO:0051222","positive regulation of protein transport","1/17","403/17913",0.320910512049796,0.353846347140344,0.288160787678303,"VAMP2",1
"GO:0043434","GO:0043434","response to peptide hormone","1/17","404/17913",0.321569822232272,0.353846347140344,0.288160787678303,"VAMP2",1
"GO:0044282","GO:0044282","small molecule catabolic process","1/17","404/17913",0.321569822232272,0.353846347140344,0.288160787678303,"ASRGL1",1
"GO:0051346","GO:0051346","negative regulation of hydrolase activity","1/17","420/17913",0.332037196803258,0.364011149088016,0.296438666931564,"MCM2",1
"GO:1901990","GO:1901990","regulation of mitotic cell cycle phase transition","1/17","428/17913",0.337213702216615,0.367020392755948,0.298889295665406,"FBXO31",1
"GO:0015711","GO:0015711","organic anion transport","1/17","430/17913",0.338501916291803,0.367020392755948,0.298889295665406,"VAMP2",1
"GO:0022604","GO:0022604","regulation of cell morphogenesis","1/17","430/17913",0.338501916291803,0.367020392755948,0.298889295665406,"FBXO31",1
"GO:0023061","GO:0023061","signal release","1/17","433/17913",0.340429819662578,0.367239869614474,0.299068030375941,"VAMP2",1
"GO:0009314","GO:0009314","response to radiation","1/17","435/17913",0.341712149308441,0.367239869614474,0.299068030375941,"SPRTN",1
"GO:0062012","GO:0062012","regulation of small molecule metabolic process","1/17","439/17913",0.344269772502172,0.367239869614474,0.299068030375941,"PRKAG1",1
"GO:0008380","GO:0008380","RNA splicing","1/17","440/17913",0.344907715381161,0.367239869614474,0.299068030375941,"CLASRP",1
"GO:1904951","GO:1904951","positive regulation of establishment of protein localization","1/17","440/17913",0.344907715381161,0.367239869614474,0.299068030375941,"VAMP2",1
"GO:0051656","GO:0051656","establishment of organelle localization","1/17","448/17913",0.349990270609353,0.371315842653651,0.302387368306138,"VAMP2",1
"GO:0034765","GO:0034765","regulation of ion transmembrane transport","1/17","453/17913",0.353147996093324,0.373325564300625,0.304024019291761,"VAMP2",1
"GO:0050769","GO:0050769","positive regulation of neurogenesis","1/17","455/17913",0.354407039082688,0.373325564300625,0.304024019291761,"FBXO31",1
"GO:0010975","GO:0010975","regulation of neuron projection development","1/17","458/17913",0.356291279684323,0.373979499243119,0.304556562328144,"FBXO31",1
"GO:1901987","GO:1901987","regulation of cell cycle phase transition","1/17","464/17913",0.360044243888478,0.376583378766747,0.306677075880459,"FBXO31",1
"GO:0034660","GO:0034660","ncRNA metabolic process","1/17","470/17913",0.363776607507498,0.377137815132926,0.307128590559886,"TARS",1
"GO:0006914","GO:0006914","autophagy","1/17","471/17913",0.364396672729786,0.377137815132926,0.307128590559886,"PRKAG1",1
"GO:0061919","GO:0061919","process utilizing autophagic mechanism","1/17","471/17913",0.364396672729786,0.377137815132926,0.307128590559886,"PRKAG1",1
"GO:0015672","GO:0015672","monovalent inorganic cation transport","1/17","477/17913",0.368105136330676,0.378912490622963,0.308573827712157,"VAMP2",1
"GO:0071900","GO:0071900","regulation of protein serine/threonine kinase activity","1/17","479/17913",0.369336758680842,0.378912490622963,0.308573827712157,"PRKAG1",1
"GO:0060627","GO:0060627","regulation of vesicle-mediated transport","1/17","480/17913",0.369951722263636,0.378912490622963,0.308573827712157,"VAMP2",1
"GO:0043312","GO:0043312","neutrophil degranulation","1/17","485/17913",0.373018083685426,0.380735699209953,0.310058588616924,"GOLGA7",1
"GO:0002283","GO:0002283","neutrophil activation involved in immune response","1/17","488/17913",0.374851152793805,0.381291894250743,0.310511535502917,"GOLGA7",1
"GO:1901652","GO:1901652","response to peptide","1/17","491/17913",0.376679177050107,0.381839165776821,0.310957215373016,"VAMP2",1
"GO:0002446","GO:0002446","neutrophil mediated immunity","1/17","499/17913",0.381529343585232,0.382133110735746,0.311196594446963,"GOLGA7",1
"GO:0006397","GO:0006397","mRNA processing","1/17","499/17913",0.381529343585232,0.382133110735746,0.311196594446963,"CLASRP",1
"GO:0042119","GO:0042119","neutrophil activation","1/17","499/17913",0.381529343585232,0.382133110735746,0.311196594446963,"GOLGA7",1
"GO:0048667","GO:0048667","cell morphogenesis involved in neuron differentiation","1/17","500/17913",0.382133110735746,0.382133110735746,0.311196594446963,"FBXO31",1
