"","coef_SCAD","V1","tcross","V1","tcross","V1","tcross","V1","tcross","V1","tcross","V1","tcross","V1","tcross","V1","tcross","V1","tcross","V1","tcross","V1","tcross","V1","tcross","V1","tcross","V1","tcross","V1","tcross","V1","tcross","V1","tcross","V1","tcross","V1","tcross","V1","tcross","V1","tcross","V1","tcross","V1","tcross","V1","tcross","V1","tcross","V1","tcross","V1","tcross","V1","tcross","V1","tcross","V1","tcross"
"(Intercept)",NA,-1.2406289489849,1,-1.4188421465392,2,-1.26183318009188,3,-1.26183318009188,4,-1.22459407927258,5,-1.2406289489849,6,-1.20963722363572,7,-1.31628895349319,8,-1.26183318009188,9,-1.15526454628102,10,-1.31628895349319,11,-1.4188421465392,12,-1.28742270113728,13,-1.20963722363572,14,-1.4188421465392,15,-1.35242218466257,16,-1.26183318009188,17,-1.31628895349319,18,-1.26183318009188,19,-1.22459407927258,20,-1.20963722363572,21,-1.28742270113728,22,-1.22459407927258,23,-1.31628895349319,24,-1.22459407927258,25,-1.22459407927258,26,-1.31628895349319,27,-1.22459407927258,28,-1.2406289489849,29,-1.26183318009188,30
"PF4V1",NA,0.0350378410448019,1,0.0259956811390021,2,0.0298504179024014,3,0.0298504179024014,4,0.0406173482008263,5,0.0350378410448019,6,0.0465570306789245,7,0.0229461760298174,8,0.0298504179024014,9,0.0740431957906879,10,0.0229461760298174,11,0.0259956811390021,12,0.0262583593446736,13,0.0465570306789245,14,0.0259956811390021,15,0.0223761872158101,16,0.0298504179024014,17,0.0229461760298174,18,0.0298504179024014,19,0.0406173482008263,20,0.0465570306789245,21,0.0262583593446736,22,0.0406173482008263,23,0.0229461760298174,24,0.0406173482008263,25,0.0406173482008263,26,0.0229461760298174,27,0.0406173482008263,28,0.0350378410448019,29,0.0298504179024014,30
"CD177",NA,0.0843506198899417,1,0.131766822913583,2,0.0887958171179088,3,0.0887958171179088,4,0.082818214575736,5,0.0843506198899417,6,0.0810326082123095,7,0.106811144814233,8,0.0887958171179088,9,0.0724288233020753,10,0.106811144814233,11,0.131766822913583,12,0.097231525226931,13,0.0810326082123095,14,0.131766822913583,15,0.117583815382239,16,0.0887958171179088,17,0.106811144814233,18,0.0887958171179088,19,0.082818214575736,20,0.0810326082123095,21,0.097231525226931,22,0.082818214575736,23,0.106811144814233,24,0.082818214575736,25,0.082818214575736,26,0.106811144814233,27,0.082818214575736,28,0.0843506198899417,29,0.0887958171179088,30
"FADS2",NA,0.128901387655434,1,0.12349680874492,2,0.130526097255056,3,0.130526097255056,4,0.124274051818929,5,0.128901387655434,6,0.120013872532465,7,0.128890763887333,8,0.130526097255056,9,0.101493159749453,10,0.128890763887333,11,0.12349680874492,12,0.129984145533495,13,0.120013872532465,14,0.12349680874492,15,0.125600310767927,16,0.130526097255056,17,0.128890763887333,18,0.130526097255056,19,0.124274051818929,20,0.120013872532465,21,0.129984145533495,22,0.124274051818929,23,0.128890763887333,24,0.124274051818929,25,0.124274051818929,26,0.128890763887333,27,0.124274051818929,28,0.128901387655434,29,0.130526097255056,30
"MMRN1",NA,0,1,0,2,0,3,0,4,0,5,0,6,0,7,0,8,0,9,0,10,0,11,0,12,0,13,0,14,0,15,0,16,0,17,0,18,0,19,0,20,0,21,0,22,0,23,0,24,0,25,0,26,0,27,0,28,0,29,0,30
"VNN1",NA,0.0551533871536132,1,0.0949480622649531,2,0.0641795875990911,3,0.0641795875990911,4,0.0455331373909508,5,0.0551533871536132,6,0.0357683862039781,7,0.0799050385986443,8,0.0641795875990911,9,0,10,0.0799050385986443,11,0.0949480622649531,12,0.0721165559917789,13,0.0357683862039781,14,0.0949480622649531,15,0.0883172959093625,16,0.0641795875990911,17,0.0799050385986443,18,0.0641795875990911,19,0.0455331373909508,20,0.0357683862039781,21,0.0721165559917789,22,0.0455331373909508,23,0.0799050385986443,24,0.0455331373909508,25,0.0455331373909508,26,0.0799050385986443,27,0.0455331373909508,28,0.0551533871536132,29,0.0641795875990911,30
"CMTM5",NA,0,1,0,2,0,3,0,4,0,5,0,6,0,7,0,8,0,9,0,10,0,11,0,12,0,13,0,14,0,15,0,16,0,17,0,18,0,19,0,20,0,21,0,22,0,23,0,24,0,25,0,26,0,27,0,28,0,29,0,30
"WASF3",NA,0,1,0,2,0,3,0,4,0,5,0,6,0,7,0,8,0,9,0,10,0,11,0,12,0,13,0,14,0,15,0,16,0,17,0,18,0,19,0,20,0,21,0,22,0,23,0,24,0,25,0,26,0,27,0,28,0,29,0,30
"CXCR2P1",NA,0,1,0,2,0,3,0,4,0,5,0,6,0,7,0,8,0,9,0,10,0,11,0,12,0,13,0,14,0,15,0,16,0,17,0,18,0,19,0,20,0,21,0,22,0,23,0,24,0,25,0,26,0,27,0,28,0,29,0,30
"LINC00989",NA,0,1,0,2,0,3,0,4,0,5,0,6,0,7,0,8,0,9,0,10,0,11,0,12,0,13,0,14,0,15,0,16,0,17,0,18,0,19,0,20,0,21,0,22,0,23,0,24,0,25,0,26,0,27,0,28,0,29,0,30
"RBPMS2",NA,0,1,0,2,0,3,0,4,0,5,0,6,0,7,0,8,0,9,0,10,0,11,0,12,0,13,0,14,0,15,0,16,0,17,0,18,0,19,0,20,0,21,0,22,0,23,0,24,0,25,0,26,0,27,0,28,0,29,0,30
"SIGLEC17P",NA,0,1,0,2,0,3,0,4,0,5,0,6,0,7,0,8,0,9,0,10,0,11,0,12,0,13,0,14,0,15,0,16,0,17,0,18,0,19,0,20,0,21,0,22,0,23,0,24,0,25,0,26,0,27,0,28,0,29,0,30
"PROS1",NA,0,1,0,2,0,3,0,4,0,5,0,6,0,7,0,8,0,9,0,10,0,11,0,12,0,13,0,14,0,15,0,16,0,17,0,18,0,19,0,20,0,21,0,22,0,23,0,24,0,25,0,26,0,27,0,28,0,29,0,30
"PPBP",NA,0,1,0,2,0,3,0,4,0,5,0,6,0,7,0,8,0,9,0,10,0,11,0,12,0,13,0,14,0,15,0,16,0,17,0,18,0,19,0,20,0,21,0,22,0,23,0,24,0,25,0,26,0,27,0,28,0,29,0,30
"MYCT1",NA,0,1,0,2,0,3,0,4,0,5,0,6,0,7,0,8,0,9,0,10,0,11,0,12,0,13,0,14,0,15,0,16,0,17,0,18,0,19,0,20,0,21,0,22,0,23,0,24,0,25,0,26,0,27,0,28,0,29,0,30
"GUCY1B1",NA,0,1,0,2,0,3,0,4,0,5,0,6,0,7,0,8,0,9,0,10,0,11,0,12,0,13,0,14,0,15,0,16,0,17,0,18,0,19,0,20,0,21,0,22,0,23,0,24,0,25,0,26,0,27,0,28,0,29,0,30
"P2RY12",NA,0,1,0,2,0,3,0,4,0,5,0,6,0,7,0,8,0,9,0,10,0,11,0,12,0,13,0,14,0,15,0,16,0,17,0,18,0,19,0,20,0,21,0,22,0,23,0,24,0,25,0,26,0,27,0,28,0,29,0,30
"MGAM2",NA,0,1,0,2,0,3,0,4,0,5,0,6,0,7,0,8,0,9,0,10,0,11,0,12,0,13,0,14,0,15,0,16,0,17,0,18,0,19,0,20,0,21,0,22,0,23,0,24,0,25,0,26,0,27,0,28,0,29,0,30
"TMEM40",NA,0,1,0,2,0,3,0,4,0,5,0,6,0,7,0,8,0,9,0,10,0,11,0,12,0,13,0,14,0,15,0,16,0,17,0,18,0,19,0,20,0,21,0,22,0,23,0,24,0,25,0,26,0,27,0,28,0,29,0,30
"KIR3DL1",NA,0,1,0,2,0,3,0,4,0,5,0,6,0,7,0,8,0,9,0,10,0,11,0,12,0,13,0,14,0,15,0,16,0,17,0,18,0,19,0,20,0,21,0,22,0,23,0,24,0,25,0,26,0,27,0,28,0,29,0,30
"RAB27B",NA,0,1,0,2,0,3,0,4,0,5,0,6,0,7,0,8,0,9,0,10,0,11,0,12,0,13,0,14,0,15,0,16,0,17,0,18,0,19,0,20,0,21,0,22,0,23,0,24,0,25,0,26,0,27,0,28,0,29,0,30
"ANGPT1",NA,0.0122991877741517,1,0.0360478186219535,2,0.0177516032584893,3,0.0177516032584893,4,0.00655810069692755,5,0.0122991877741517,6,0.000807210421319134,7,0.0303405407448602,8,0.0177516032584893,9,0,10,0.0303405407448602,11,0.0360478186219535,12,0.0239477277296093,13,0.000807210421319134,14,0.0360478186219535,15,0.0352867767109386,16,0.0177516032584893,17,0.0303405407448602,18,0.0177516032584893,19,0.00655810069692755,20,0.000807210421319134,21,0.0239477277296093,22,0.00655810069692755,23,0.0303405407448602,24,0.00655810069692755,25,0.00655810069692755,26,0.0303405407448602,27,0.00655810069692755,28,0.0122991877741517,29,0.0177516032584893,30
"C19orf33",NA,0.112973683857196,1,0.139041819375852,2,0.117185360419482,3,0.117185360419482,4,0.106778140792395,5,0.112973683857196,6,0.100100915601665,7,0.125767660498413,8,0.117185360419482,9,0.0671198327822446,10,0.125767660498413,11,0.139041819375852,12,0.120956905596678,13,0.100100915601665,14,0.139041819375852,15,0.132344157274671,16,0.117185360419482,17,0.125767660498413,18,0.117185360419482,19,0.106778140792395,20,0.100100915601665,21,0.120956905596678,22,0.106778140792395,23,0.125767660498413,24,0.106778140792395,25,0.106778140792395,26,0.125767660498413,27,0.106778140792395,28,0.112973683857196,29,0.117185360419482,30
"GUSBP1",NA,0,1,0,2,0,3,0,4,0,5,0,6,0,7,0,8,0,9,0,10,0,11,0,12,0,13,0,14,0,15,0,16,0,17,0,18,0,19,0,20,0,21,0,22,0,23,0,24,0,25,0,26,0,27,0,28,0,29,0,30
"PF4",NA,0,1,0,2,0,3,0,4,0,5,0,6,0,7,0,8,0,9,0,10,0,11,0,12,0,13,0,14,0,15,0,16,0,17,0,18,0,19,0,20,0,21,0,22,0,23,0,24,0,25,0,26,0,27,0,28,0,29,0,30
"AVPR1A",NA,0,1,0,2,0,3,0,4,0,5,0,6,0,7,0,8,0,9,0,10,0,11,0,12,0,13,0,14,0,15,0,16,0,17,0,18,0,19,0,20,0,21,0,22,0,23,0,24,0,25,0,26,0,27,0,28,0,29,0,30
"TRAV6",NA,0,1,0,2,0,3,0,4,0,5,0,6,0,7,0,8,0,9,0,10,0,11,0,12,0,13,0,14,0,15,0,16,0,17,0,18,0,19,0,20,0,21,0,22,0,23,0,24,0,25,0,26,0,27,0,28,0,29,0,30
"TRBV5.6",NA,0,1,0,2,0,3,0,4,0,5,0,6,0,7,0,8,0,9,0,10,0,11,0,12,0,13,0,14,0,15,0,16,0,17,0,18,0,19,0,20,0,21,0,22,0,23,0,24,0,25,0,26,0,27,0,28,0,29,0,30
"IRAK1BP1",NA,0,1,0,2,0,3,0,4,0,5,0,6,0,7,0,8,0,9,0,10,0,11,0,12,0,13,0,14,0,15,0,16,0,17,0,18,0,19,0,20,0,21,0,22,0,23,0,24,0,25,0,26,0,27,0,28,0,29,0,30
"PKHD1L1",NA,0,1,0,2,0,3,0,4,0,5,0,6,0,7,0,8,0,9,0,10,0,11,0,12,0,13,0,14,0,15,0,16,0,17,0,18,0,19,0,20,0,21,0,22,0,23,0,24,0,25,0,26,0,27,0,28,0,29,0,30
"C2orf88",NA,0,1,0,2,0,3,0,4,0,5,0,6,0,7,0,8,0,9,0,10,0,11,0,12,0,13,0,14,0,15,0,16,0,17,0,18,0,19,0,20,0,21,0,22,0,23,0,24,0,25,0,26,0,27,0,28,0,29,0,30
"AK5",NA,0,1,0,2,0,3,0,4,0,5,0,6,0,7,0,8,0,9,0,10,0,11,0,12,0,13,0,14,0,15,0,16,0,17,0,18,0,19,0,20,0,21,0,22,0,23,0,24,0,25,0,26,0,27,0,28,0,29,0,30
"LGALSL",NA,0,1,0,2,0,3,0,4,0,5,0,6,0,7,0,8,0,9,0,10,0,11,0,12,0,13,0,14,0,15,0,16,0,17,0,18,0,19,0,20,0,21,0,22,0,23,0,24,0,25,0,26,0,27,0,28,0,29,0,30
"KIF20B",NA,0,1,0,2,0,3,0,4,0,5,0,6,0,7,0,8,0,9,0,10,0,11,0,12,0,13,0,14,0,15,0,16,0,17,0,18,0,19,0,20,0,21,0,22,0,23,0,24,0,25,0,26,0,27,0,28,0,29,0,30
"PDGFD",NA,0,1,0,2,0,3,0,4,0,5,0,6,0,7,0,8,0,9,0,10,0,11,0,12,0,13,0,14,0,15,0,16,0,17,0,18,0,19,0,20,0,21,0,22,0,23,0,24,0,25,0,26,0,27,0,28,0,29,0,30
"C8orf88",NA,0,1,0,2,0,3,0,4,0,5,0,6,0,7,0,8,0,9,0,10,0,11,0,12,0,13,0,14,0,15,0,16,0,17,0,18,0,19,0,20,0,21,0,22,0,23,0,24,0,25,0,26,0,27,0,28,0,29,0,30
"NECAB1",NA,0,1,0,2,0,3,0,4,0,5,0,6,0,7,0,8,0,9,0,10,0,11,0,12,0,13,0,14,0,15,0,16,0,17,0,18,0,19,0,20,0,21,0,22,0,23,0,24,0,25,0,26,0,27,0,28,0,29,0,30
"TRDJ3",NA,0,1,0,2,0,3,0,4,0,5,0,6,0,7,0,8,0,9,0,10,0,11,0,12,0,13,0,14,0,15,0,16,0,17,0,18,0,19,0,20,0,21,0,22,0,23,0,24,0,25,0,26,0,27,0,28,0,29,0,30
"RPH3A",NA,0,1,0,2,0,3,0,4,0,5,0,6,0,7,0,8,0,9,0,10,0,11,0,12,0,13,0,14,0,15,0,16,0,17,0,18,0,19,0,20,0,21,0,22,0,23,0,24,0,25,0,26,0,27,0,28,0,29,0,30
"DOCK4",NA,0,1,0,2,0,3,0,4,0,5,0,6,0,7,0,8,0,9,0,10,0,11,0,12,0,13,0,14,0,15,0,16,0,17,0,18,0,19,0,20,0,21,0,22,0,23,0,24,0,25,0,26,0,27,0,28,0,29,0,30
"ZNF749",NA,0,1,0,2,0,3,0,4,0,5,0,6,0,7,0,8,0,9,0,10,0,11,0,12,0,13,0,14,0,15,0,16,0,17,0,18,0,19,0,20,0,21,0,22,0,23,0,24,0,25,0,26,0,27,0,28,0,29,0,30
"BCL7A",NA,0,1,0,2,0,3,0,4,0,5,0,6,0,7,0,8,0,9,0,10,0,11,0,12,0,13,0,14,0,15,0,16,0,17,0,18,0,19,0,20,0,21,0,22,0,23,0,24,0,25,0,26,0,27,0,28,0,29,0,30
"TRBV6.6",NA,0,1,0,2,0,3,0,4,0,5,0,6,0,7,0,8,0,9,0,10,0,11,0,12,0,13,0,14,0,15,0,16,0,17,0,18,0,19,0,20,0,21,0,22,0,23,0,24,0,25,0,26,0,27,0,28,0,29,0,30
"PCDHGA12",NA,-0.213150779351235,1,-0.149871426227211,2,-0.209409417459386,3,-0.209409417459386,4,-0.213663301778777,5,-0.213150779351235,6,-0.214394955855324,7,-0.192850491501251,8,-0.209409417459386,9,-0.214136038285503,10,-0.192850491501251,11,-0.149871426227211,12,-0.201782878176199,13,-0.214394955855324,14,-0.149871426227211,15,-0.176252571665652,16,-0.209409417459386,17,-0.192850491501251,18,-0.209409417459386,19,-0.213663301778777,20,-0.214394955855324,21,-0.201782878176199,22,-0.213663301778777,23,-0.192850491501251,24,-0.213663301778777,25,-0.213663301778777,26,-0.192850491501251,27,-0.213663301778777,28,-0.213150779351235,29,-0.209409417459386,30
"TRAV2",NA,0,1,0,2,0,3,0,4,0,5,0,6,0,7,0,8,0,9,0,10,0,11,0,12,0,13,0,14,0,15,0,16,0,17,0,18,0,19,0,20,0,21,0,22,0,23,0,24,0,25,0,26,0,27,0,28,0,29,0,30
"GRB10",NA,0,1,0,2,0,3,0,4,0,5,0,6,0,7,0,8,0,9,0,10,0,11,0,12,0,13,0,14,0,15,0,16,0,17,0,18,0,19,0,20,0,21,0,22,0,23,0,24,0,25,0,26,0,27,0,28,0,29,0,30
"MIR601",NA,0.0137969779809484,1,0,2,0.0142383777510009,3,0.0142383777510009,4,0.00961183123724808,5,0.0137969779809484,6,0.00529318371669359,7,0.0100321179766517,8,0.0142383777510009,9,0,10,0.0100321179766517,11,0,12,0.0126095677545998,13,0.00529318371669359,14,0,15,0.00350375891897746,16,0.0142383777510009,17,0.0100321179766517,18,0.0142383777510009,19,0.00961183123724808,20,0.00529318371669359,21,0.0126095677545998,22,0.00961183123724808,23,0.0100321179766517,24,0.00961183123724808,25,0.00961183123724808,26,0.0100321179766517,27,0.00961183123724808,28,0.0137969779809484,29,0.0142383777510009,30
"ZNF594",NA,0,1,0,2,0,3,0,4,0,5,0,6,0,7,0,8,0,9,0,10,0,11,0,12,0,13,0,14,0,15,0,16,0,17,0,18,0,19,0,20,0,21,0,22,0,23,0,24,0,25,0,26,0,27,0,28,0,29,0,30
"MIR4762",NA,0,1,0,2,0,3,0,4,0,5,0,6,0,7,0,8,0,9,0,10,0,11,0,12,0,13,0,14,0,15,0,16,0,17,0,18,0,19,0,20,0,21,0,22,0,23,0,24,0,25,0,26,0,27,0,28,0,29,0,30
"SLC8A1.AS1",NA,0,1,0,2,0,3,0,4,0,5,0,6,0,7,0,8,0,9,0,10,0,11,0,12,0,13,0,14,0,15,0,16,0,17,0,18,0,19,0,20,0,21,0,22,0,23,0,24,0,25,0,26,0,27,0,28,0,29,0,30
"CCDC152",NA,0,1,0,2,0,3,0,4,0,5,0,6,0,7,0,8,0,9,0,10,0,11,0,12,0,13,0,14,0,15,0,16,0,17,0,18,0,19,0,20,0,21,0,22,0,23,0,24,0,25,0,26,0,27,0,28,0,29,0,30
"KIF3A",NA,0,1,0,2,0,3,0,4,0,5,0,6,0,7,0,8,0,9,0,10,0,11,0,12,0,13,0,14,0,15,0,16,0,17,0,18,0,19,0,20,0,21,0,22,0,23,0,24,0,25,0,26,0,27,0,28,0,29,0,30
"TRAV4",NA,-0.101477817226382,1,-0.199760761967152,2,-0.111156036857502,3,-0.111156036857502,4,-0.0950984347322208,5,-0.101477817226382,6,-0.0888347058126371,7,-0.138540083361938,8,-0.111156036857502,9,-0.0593887336989429,10,-0.138540083361938,11,-0.199760761967152,12,-0.12406602683187,13,-0.0888347058126371,14,-0.199760761967152,15,-0.158601565043039,16,-0.111156036857502,17,-0.138540083361938,18,-0.111156036857502,19,-0.0950984347322208,20,-0.0888347058126371,21,-0.12406602683187,22,-0.0950984347322208,23,-0.138540083361938,24,-0.0950984347322208,25,-0.0950984347322208,26,-0.138540083361938,27,-0.0950984347322208,28,-0.101477817226382,29,-0.111156036857502,30
"PCDHGB5",NA,-0.0763458166567351,1,-0.194341960596913,2,-0.0906167904129586,3,-0.0906167904129586,4,-0.0646514523866064,5,-0.0763458166567351,6,-0.0529922334670224,7,-0.128749664449819,8,-0.0906167904129586,9,-0.00952742432320848,10,-0.128749664449819,11,-0.194341960596913,12,-0.108806665493423,13,-0.0529922334670224,14,-0.194341960596913,15,-0.154775379624862,16,-0.0906167904129586,17,-0.128749664449819,18,-0.0906167904129586,19,-0.0646514523866064,20,-0.0529922334670224,21,-0.108806665493423,22,-0.0646514523866064,23,-0.128749664449819,24,-0.0646514523866064,25,-0.0646514523866064,26,-0.128749664449819,27,-0.0646514523866064,28,-0.0763458166567351,29,-0.0906167904129586,30
"MED12L",NA,0,1,0.0120417411301175,2,0,3,0,4,0,5,0,6,0,7,0,8,0,9,0,10,0,11,0.0120417411301175,12,0,13,0,14,0.0120417411301175,15,0.00295515658393723,16,0,17,0,18,0,19,0,20,0,21,0,22,0,23,0,24,0,25,0,26,0,27,0,28,0,29,0,30
"ZNF605",NA,0,1,0,2,0,3,0,4,0,5,0,6,0,7,0,8,0,9,0,10,0,11,0,12,0,13,0,14,0,15,0,16,0,17,0,18,0,19,0,20,0,21,0,22,0,23,0,24,0,25,0,26,0,27,0,28,0,29,0,30
"SLC25A4",NA,0,1,0,2,0,3,0,4,0,5,0,6,0,7,0,8,0,9,0,10,0,11,0,12,0,13,0,14,0,15,0,16,0,17,0,18,0,19,0,20,0,21,0,22,0,23,0,24,0,25,0,26,0,27,0,28,0,29,0,30
"MIR3151",NA,0.0183956611331663,1,0,2,0.0159924264588327,3,0.0159924264588327,4,0.0190547969596121,5,0.0183956611331663,6,0.0193572129145033,7,0.00518559578526297,8,0.0159924264588327,9,0.0172003043418485,10,0.00518559578526297,11,0,12,0.0110763000796035,13,0.0193572129145033,14,0,15,0,16,0.0159924264588327,17,0.00518559578526297,18,0.0159924264588327,19,0.0190547969596121,20,0.0193572129145033,21,0.0110763000796035,22,0.0190547969596121,23,0.00518559578526297,24,0.0190547969596121,25,0.0190547969596121,26,0.00518559578526297,27,0.0190547969596121,28,0.0183956611331663,29,0.0159924264588327,30
"NCALD",NA,0,1,0,2,0,3,0,4,0,5,0,6,0,7,0,8,0,9,0,10,0,11,0,12,0,13,0,14,0,15,0,16,0,17,0,18,0,19,0,20,0,21,0,22,0,23,0,24,0,25,0,26,0,27,0,28,0,29,0,30
"FAM86EP",NA,0,1,0,2,0,3,0,4,0,5,0,6,0,7,0,8,0,9,0,10,0,11,0,12,0,13,0,14,0,15,0,16,0,17,0,18,0,19,0,20,0,21,0,22,0,23,0,24,0,25,0,26,0,27,0,28,0,29,0,30
"SIPA1L2",NA,0,1,0,2,0,3,0,4,0,5,0,6,0,7,0,8,0,9,0,10,0,11,0,12,0,13,0,14,0,15,0,16,0,17,0,18,0,19,0,20,0,21,0,22,0,23,0,24,0,25,0,26,0,27,0,28,0,29,0,30
"SRGAP3.AS2",NA,0,1,0,2,0,3,0,4,0,5,0,6,0,7,0,8,0,9,0,10,0,11,0,12,0,13,0,14,0,15,0,16,0,17,0,18,0,19,0,20,0,21,0,22,0,23,0,24,0,25,0,26,0,27,0,28,0,29,0,30
"ZNF284",NA,0,1,0,2,0,3,0,4,0,5,0,6,0,7,0,8,0,9,-0.0208578772809248,10,0,11,0,12,0,13,0,14,0,15,0,16,0,17,0,18,0,19,0,20,0,21,0,22,0,23,0,24,0,25,0,26,0,27,0,28,0,29,0,30
"ZNF33B",NA,-0.119504356618418,1,-0.135041776983381,2,-0.121984525634184,3,-0.121984525634184,4,-0.118691118284389,5,-0.119504356618418,6,-0.117936802675224,7,-0.12793632278657,8,-0.121984525634184,9,-0.110097481931424,10,-0.12793632278657,11,-0.135041776983381,12,-0.124824917312777,13,-0.117936802675224,14,-0.135041776983381,15,-0.133898313615665,16,-0.121984525634184,17,-0.12793632278657,18,-0.121984525634184,19,-0.118691118284389,20,-0.117936802675224,21,-0.124824917312777,22,-0.118691118284389,23,-0.12793632278657,24,-0.118691118284389,25,-0.118691118284389,26,-0.12793632278657,27,-0.118691118284389,28,-0.119504356618418,29,-0.121984525634184,30
"SNX25",NA,0,1,0,2,0,3,0,4,0,5,0,6,0,7,0,8,0,9,0,10,0,11,0,12,0,13,0,14,0,15,0,16,0,17,0,18,0,19,0,20,0,21,0,22,0,23,0,24,0,25,0,26,0,27,0,28,0,29,0,30
"MAGOHB",NA,0,1,0,2,0,3,0,4,0,5,0,6,0,7,0,8,0,9,0,10,0,11,0,12,0,13,0,14,0,15,0,16,0,17,0,18,0,19,0,20,0,21,0,22,0,23,0,24,0,25,0,26,0,27,0,28,0,29,0,30
"SCARF1",NA,0,1,0,2,0,3,0,4,0,5,0,6,0,7,0,8,0,9,0,10,0,11,0,12,0,13,0,14,0,15,0,16,0,17,0,18,0,19,0,20,0,21,0,22,0,23,0,24,0,25,0,26,0,27,0,28,0,29,0,30
"THBS3",NA,0,1,0,2,0,3,0,4,0,5,0,6,0,7,0,8,0,9,0,10,0,11,0,12,0,13,0,14,0,15,0,16,0,17,0,18,0,19,0,20,0,21,0,22,0,23,0,24,0,25,0,26,0,27,0,28,0,29,0,30
"CD3G",NA,0,1,0,2,0,3,0,4,0,5,0,6,0,7,0,8,0,9,0,10,0,11,0,12,0,13,0,14,0,15,0,16,0,17,0,18,0,19,0,20,0,21,0,22,0,23,0,24,0,25,0,26,0,27,0,28,0,29,0,30
"TRBV6.5",NA,0,1,0,2,0,3,0,4,0,5,0,6,0,7,0,8,0,9,0,10,0,11,0,12,0,13,0,14,0,15,0,16,0,17,0,18,0,19,0,20,0,21,0,22,0,23,0,24,0,25,0,26,0,27,0,28,0,29,0,30
"ABCD2",NA,0,1,0,2,0,3,0,4,0,5,0,6,0,7,0,8,0,9,0,10,0,11,0,12,0,13,0,14,0,15,0,16,0,17,0,18,0,19,0,20,0,21,0,22,0,23,0,24,0,25,0,26,0,27,0,28,0,29,0,30
"PAQR8",NA,0,1,0,2,0,3,0,4,0,5,0,6,0,7,0,8,0,9,0,10,0,11,0,12,0,13,0,14,0,15,0,16,0,17,0,18,0,19,0,20,0,21,0,22,0,23,0,24,0,25,0,26,0,27,0,28,0,29,0,30
"CHML",NA,0,1,0,2,0,3,0,4,0,5,0,6,0,7,0,8,0,9,0,10,0,11,0,12,0,13,0,14,0,15,0,16,0,17,0,18,0,19,0,20,0,21,0,22,0,23,0,24,0,25,0,26,0,27,0,28,0,29,0,30
"TRBJ2.6",NA,0,1,0,2,0,3,0,4,0,5,0,6,0,7,0,8,0,9,0,10,0,11,0,12,0,13,0,14,0,15,0,16,0,17,0,18,0,19,0,20,0,21,0,22,0,23,0,24,0,25,0,26,0,27,0,28,0,29,0,30
"SHROOM4",NA,0,1,0,2,0,3,0,4,0,5,0,6,0,7,0,8,0,9,0,10,0,11,0,12,0,13,0,14,0,15,0,16,0,17,0,18,0,19,0,20,0,21,0,22,0,23,0,24,0,25,0,26,0,27,0,28,0,29,0,30
"BCAS4",NA,0,1,0,2,0,3,0,4,0,5,0,6,0,7,0,8,0,9,0,10,0,11,0,12,0,13,0,14,0,15,0,16,0,17,0,18,0,19,0,20,0,21,0,22,0,23,0,24,0,25,0,26,0,27,0,28,0,29,0,30
"TRAJ10",NA,0,1,0,2,0,3,0,4,0,5,0,6,0,7,0,8,0,9,0,10,0,11,0,12,0,13,0,14,0,15,0,16,0,17,0,18,0,19,0,20,0,21,0,22,0,23,0,24,0,25,0,26,0,27,0,28,0,29,0,30
"LTV1",NA,0,1,0,2,0,3,0,4,0,5,0,6,0,7,0,8,0,9,0,10,0,11,0,12,0,13,0,14,0,15,0,16,0,17,0,18,0,19,0,20,0,21,0,22,0,23,0,24,0,25,0,26,0,27,0,28,0,29,0,30
"IGF2BP3",NA,0,1,0,2,0,3,0,4,0,5,0,6,0,7,0,8,0,9,0,10,0,11,0,12,0,13,0,14,0,15,0,16,0,17,0,18,0,19,0,20,0,21,0,22,0,23,0,24,0,25,0,26,0,27,0,28,0,29,0,30
"CD6",NA,0,1,0,2,0,3,0,4,0,5,0,6,0,7,0,8,0,9,0,10,0,11,0,12,0,13,0,14,0,15,0,16,0,17,0,18,0,19,0,20,0,21,0,22,0,23,0,24,0,25,0,26,0,27,0,28,0,29,0,30
"PLD4",NA,-0.0279662747654761,1,-0.0641736020127898,2,-0.0286483736190068,3,-0.0286483736190068,4,-0.0317650590044544,5,-0.0279662747654761,6,-0.036054697165398,7,-0.042794671063158,8,-0.0286483736190068,9,-0.0529290929284483,10,-0.042794671063158,11,-0.0641736020127898,12,-0.0350628090104328,13,-0.036054697165398,14,-0.0641736020127898,15,-0.0517171479956972,16,-0.0286483736190068,17,-0.042794671063158,18,-0.0286483736190068,19,-0.0317650590044544,20,-0.036054697165398,21,-0.0350628090104328,22,-0.0317650590044544,23,-0.042794671063158,24,-0.0317650590044544,25,-0.0317650590044544,26,-0.042794671063158,27,-0.0317650590044544,28,-0.0279662747654761,29,-0.0286483736190068,30
"CEP78",NA,0,1,0,2,0,3,0,4,0,5,0,6,0,7,0,8,0,9,0,10,0,11,0,12,0,13,0,14,0,15,0,16,0,17,0,18,0,19,0,20,0,21,0,22,0,23,0,24,0,25,0,26,0,27,0,28,0,29,0,30
"LDHB",NA,0,1,0,2,0,3,0,4,0,5,0,6,0,7,0,8,0,9,0,10,0,11,0,12,0,13,0,14,0,15,0,16,0,17,0,18,0,19,0,20,0,21,0,22,0,23,0,24,0,25,0,26,0,27,0,28,0,29,0,30
"PTCH1",NA,0,1,0,2,0,3,0,4,0,5,0,6,0,7,0,8,0,9,0,10,0,11,0,12,0,13,0,14,0,15,0,16,0,17,0,18,0,19,0,20,0,21,0,22,0,23,0,24,0,25,0,26,0,27,0,28,0,29,0,30
"LHFPL6",NA,0,1,0,2,0,3,0,4,0,5,0,6,0,7,0,8,0,9,0,10,0,11,0,12,0,13,0,14,0,15,0,16,0,17,0,18,0,19,0,20,0,21,0,22,0,23,0,24,0,25,0,26,0,27,0,28,0,29,0,30
"TRBJ2.2",NA,0,1,0,2,0,3,0,4,0,5,0,6,0,7,0,8,0,9,0,10,0,11,0,12,0,13,0,14,0,15,0,16,0,17,0,18,0,19,0,20,0,21,0,22,0,23,0,24,0,25,0,26,0,27,0,28,0,29,0,30
"LOC389765",NA,0,1,0,2,0,3,0,4,0,5,0,6,0,7,0,8,0,9,0,10,0,11,0,12,0,13,0,14,0,15,0,16,0,17,0,18,0,19,0,20,0,21,0,22,0,23,0,24,0,25,0,26,0,27,0,28,0,29,0,30
"ZNF607",NA,0,1,0,2,0,3,0,4,0,5,0,6,0,7,0,8,0,9,0,10,0,11,0,12,0,13,0,14,0,15,0,16,0,17,0,18,0,19,0,20,0,21,0,22,0,23,0,24,0,25,0,26,0,27,0,28,0,29,0,30
"CHCHD7",NA,0,1,0,2,0,3,0,4,0,5,0,6,0,7,0,8,0,9,0,10,0,11,0,12,0,13,0,14,0,15,0,16,0,17,0,18,0,19,0,20,0,21,0,22,0,23,0,24,0,25,0,26,0,27,0,28,0,29,0,30
"TRBJ2.5",NA,0,1,0,2,0,3,0,4,0,5,0,6,0,7,0,8,0,9,0,10,0,11,0,12,0,13,0,14,0,15,0,16,0,17,0,18,0,19,0,20,0,21,0,22,0,23,0,24,0,25,0,26,0,27,0,28,0,29,0,30
"SGCB",NA,0,1,0,2,0,3,0,4,0,5,0,6,0,7,0,8,0,9,0,10,0,11,0,12,0,13,0,14,0,15,0,16,0,17,0,18,0,19,0,20,0,21,0,22,0,23,0,24,0,25,0,26,0,27,0,28,0,29,0,30
"CLIC3",NA,0,1,0,2,0,3,0,4,0,5,0,6,0,7,0,8,0,9,0,10,0,11,0,12,0,13,0,14,0,15,0,16,0,17,0,18,0,19,0,20,0,21,0,22,0,23,0,24,0,25,0,26,0,27,0,28,0,29,0,30
"TAF1B",NA,0,1,0,2,0,3,0,4,0,5,0,6,0,7,0,8,0,9,0,10,0,11,0,12,0,13,0,14,0,15,0,16,0,17,0,18,0,19,0,20,0,21,0,22,0,23,0,24,0,25,0,26,0,27,0,28,0,29,0,30
"ASRGL1",NA,-0.241538172110463,1,-0.221239007883537,2,-0.243845454162562,3,-0.243845454162562,4,-0.238232209506262,5,-0.241538172110463,6,-0.236608936374095,7,-0.23098481450599,8,-0.243845454162562,9,-0.225246861014042,10,-0.23098481450599,11,-0.221239007883537,12,-0.238491053725574,13,-0.236608936374095,14,-0.221239007883537,15,-0.225173278000319,16,-0.243845454162562,17,-0.23098481450599,18,-0.243845454162562,19,-0.238232209506262,20,-0.236608936374095,21,-0.238491053725574,22,-0.238232209506262,23,-0.23098481450599,24,-0.238232209506262,25,-0.238232209506262,26,-0.23098481450599,27,-0.238232209506262,28,-0.241538172110463,29,-0.243845454162562,30
"IL2RB",NA,0,1,0,2,0,3,0,4,0,5,0,6,0,7,0,8,0,9,0,10,0,11,0,12,0,13,0,14,0,15,0,16,0,17,0,18,0,19,0,20,0,21,0,22,0,23,0,24,0,25,0,26,0,27,0,28,0,29,0,30
"MIR4266",NA,0,1,0,2,0,3,0,4,0,5,0,6,0,7,0,8,0,9,0,10,0,11,0,12,0,13,0,14,0,15,0,16,0,17,0,18,0,19,0,20,0,21,0,22,0,23,0,24,0,25,0,26,0,27,0,28,0,29,0,30
"NVL",NA,0,1,0,2,0,3,0,4,0,5,0,6,0,7,0,8,0,9,0,10,0,11,0,12,0,13,0,14,0,15,0,16,0,17,0,18,0,19,0,20,0,21,0,22,0,23,0,24,0,25,0,26,0,27,0,28,0,29,0,30
"FANCF",NA,0,1,0,2,0,3,0,4,0,5,0,6,0,7,0,8,0,9,0,10,0,11,0,12,0,13,0,14,0,15,0,16,0,17,0,18,0,19,0,20,0,21,0,22,0,23,0,24,0,25,0,26,0,27,0,28,0,29,0,30
"SELENOM",NA,0,1,0,2,0,3,0,4,0,5,0,6,0,7,0,8,0,9,0,10,0,11,0,12,0,13,0,14,0,15,0,16,0,17,0,18,0,19,0,20,0,21,0,22,0,23,0,24,0,25,0,26,0,27,0,28,0,29,0,30
"GPR18",NA,0,1,0,2,0,3,0,4,0,5,0,6,0,7,0,8,0,9,0,10,0,11,0,12,0,13,0,14,0,15,0,16,0,17,0,18,0,19,0,20,0,21,0,22,0,23,0,24,0,25,0,26,0,27,0,28,0,29,0,30
"LOC84214",NA,0,1,0,2,0,3,0,4,0,5,0,6,0,7,0,8,0,9,0,10,0,11,0,12,0,13,0,14,0,15,0,16,0,17,0,18,0,19,0,20,0,21,0,22,0,23,0,24,0,25,0,26,0,27,0,28,0,29,0,30
"STAT4",NA,0,1,0,2,0,3,0,4,0,5,0,6,0,7,0,8,0,9,0,10,0,11,0,12,0,13,0,14,0,15,0,16,0,17,0,18,0,19,0,20,0,21,0,22,0,23,0,24,0,25,0,26,0,27,0,28,0,29,0,30
"RRP1B",NA,0,1,0,2,0,3,0,4,0,5,0,6,0,7,0,8,0,9,0,10,0,11,0,12,0,13,0,14,0,15,0,16,0,17,0,18,0,19,0,20,0,21,0,22,0,23,0,24,0,25,0,26,0,27,0,28,0,29,0,30
"MOCS2",NA,0,1,0,2,0,3,0,4,0,5,0,6,0,7,0,8,0,9,0,10,0,11,0,12,0,13,0,14,0,15,0,16,0,17,0,18,0,19,0,20,0,21,0,22,0,23,0,24,0,25,0,26,0,27,0,28,0,29,0,30
"ZFP14",NA,0,1,0,2,0,3,0,4,0,5,0,6,0,7,0,8,0,9,0,10,0,11,0,12,0,13,0,14,0,15,0,16,0,17,0,18,0,19,0,20,0,21,0,22,0,23,0,24,0,25,0,26,0,27,0,28,0,29,0,30
"XPA",NA,0,1,0,2,0,3,0,4,0,5,0,6,0,7,0,8,0,9,0,10,0,11,0,12,0,13,0,14,0,15,0,16,0,17,0,18,0,19,0,20,0,21,0,22,0,23,0,24,0,25,0,26,0,27,0,28,0,29,0,30
"RIOK2",NA,0,1,0,2,0,3,0,4,0,5,0,6,0,7,0,8,0,9,0,10,0,11,0,12,0,13,0,14,0,15,0,16,0,17,0,18,0,19,0,20,0,21,0,22,0,23,0,24,0,25,0,26,0,27,0,28,0,29,0,30
"MFSD4A",NA,-0.262266557046811,1,-0.334519766755439,2,-0.270859411250206,3,-0.270859411250206,4,-0.253073372205189,5,-0.262266557046811,6,-0.2447082163015,7,-0.300136413483707,8,-0.270859411250206,9,-0.210820793997349,10,-0.300136413483707,11,-0.334519766755439,12,-0.282720018534748,13,-0.2447082163015,14,-0.334519766755439,15,-0.317111590713373,16,-0.270859411250206,17,-0.300136413483707,18,-0.270859411250206,19,-0.253073372205189,20,-0.2447082163015,21,-0.282720018534748,22,-0.253073372205189,23,-0.300136413483707,24,-0.253073372205189,25,-0.253073372205189,26,-0.300136413483707,27,-0.253073372205189,28,-0.262266557046811,29,-0.270859411250206,30
"DIS3L",NA,0,1,0,2,0,3,0,4,0,5,0,6,0,7,0,8,0,9,0,10,0,11,0,12,0,13,0,14,0,15,0,16,0,17,0,18,0,19,0,20,0,21,0,22,0,23,0,24,0,25,0,26,0,27,0,28,0,29,0,30
"ZNF836",NA,-0.0389931670791079,1,-0.0682405868541253,2,-0.042708541395803,3,-0.042708541395803,4,-0.0364697527685587,5,-0.0389931670791079,6,-0.0334726906882178,7,-0.0543316325278752,8,-0.042708541395803,9,-0.0172247488998525,10,-0.0543316325278752,11,-0.0682405868541253,12,-0.0480196217526052,13,-0.0334726906882178,14,-0.0682405868541253,15,-0.0623284782803832,16,-0.042708541395803,17,-0.0543316325278752,18,-0.042708541395803,19,-0.0364697527685587,20,-0.0334726906882178,21,-0.0480196217526052,22,-0.0364697527685587,23,-0.0543316325278752,24,-0.0364697527685587,25,-0.0364697527685587,26,-0.0543316325278752,27,-0.0364697527685587,28,-0.0389931670791079,29,-0.042708541395803,30
"PNO1",NA,0,1,0,2,0,3,0,4,0,5,0,6,0,7,0,8,0,9,0,10,0,11,0,12,0,13,0,14,0,15,0,16,0,17,0,18,0,19,0,20,0,21,0,22,0,23,0,24,0,25,0,26,0,27,0,28,0,29,0,30
"FAM50B",NA,0,1,0,2,0,3,0,4,0,5,0,6,0,7,0,8,0,9,0,10,0,11,0,12,0,13,0,14,0,15,0,16,0,17,0,18,0,19,0,20,0,21,0,22,0,23,0,24,0,25,0,26,0,27,0,28,0,29,0,30
"IKZF3",NA,0,1,0,2,0,3,0,4,0,5,0,6,0,7,0,8,0,9,0,10,0,11,0,12,0,13,0,14,0,15,0,16,0,17,0,18,0,19,0,20,0,21,0,22,0,23,0,24,0,25,0,26,0,27,0,28,0,29,0,30
"CDR2L",NA,0.141773781613702,1,0.187450268588554,2,0.146641273475947,3,0.146641273475947,4,0.135323882903047,5,0.141773781613702,6,0.128575262836657,7,0.156756062309365,8,0.146641273475947,9,0.0985836426982118,10,0.156756062309365,11,0.187450268588554,12,0.15122142067101,13,0.128575262836657,14,0.187450268588554,15,0.164681793483162,16,0.146641273475947,17,0.156756062309365,18,0.146641273475947,19,0.135323882903047,20,0.128575262836657,21,0.15122142067101,22,0.135323882903047,23,0.156756062309365,24,0.135323882903047,25,0.135323882903047,26,0.156756062309365,27,0.135323882903047,28,0.141773781613702,29,0.146641273475947,30
"HSP90B1",NA,0,1,0,2,0,3,0,4,0,5,0,6,0,7,0,8,0,9,0,10,0,11,0,12,0,13,0,14,0,15,0,16,0,17,0,18,0,19,0,20,0,21,0,22,0,23,0,24,0,25,0,26,0,27,0,28,0,29,0,30
"SYT15",NA,0.0615032562849578,1,0.0347421702520788,2,0.0559443432531729,3,0.0559443432531729,4,0.0655707496323747,5,0.0615032562849578,6,0.069510630755941,7,0.0416146195160275,8,0.0559443432531729,9,0.0829128061682514,10,0.0416146195160275,11,0.0347421702520788,12,0.0488471463560026,13,0.069510630755941,14,0.0347421702520788,15,0.0348035601889632,16,0.0559443432531729,17,0.0416146195160275,18,0.0559443432531729,19,0.0655707496323747,20,0.069510630755941,21,0.0488471463560026,22,0.0655707496323747,23,0.0416146195160275,24,0.0655707496323747,25,0.0655707496323747,26,0.0416146195160275,27,0.0655707496323747,28,0.0615032562849578,29,0.0559443432531729,30
"SIDT1",NA,0,1,0,2,0,3,0,4,0,5,0,6,0,7,0,8,0,9,0,10,0,11,0,12,0,13,0,14,0,15,0,16,0,17,0,18,0,19,0,20,0,21,0,22,0,23,0,24,0,25,0,26,0,27,0,28,0,29,0,30
"VEGFB",NA,0,1,0,2,0,3,0,4,0,5,0,6,0,7,0,8,0,9,0,10,0,11,0,12,0,13,0,14,0,15,0,16,0,17,0,18,0,19,0,20,0,21,0,22,0,23,0,24,0,25,0,26,0,27,0,28,0,29,0,30
"SPTBN1",NA,0,1,0,2,0,3,0,4,0,5,0,6,0,7,0,8,0,9,0,10,0,11,0,12,0,13,0,14,0,15,0,16,0,17,0,18,0,19,0,20,0,21,0,22,0,23,0,24,0,25,0,26,0,27,0,28,0,29,0,30
"NAA15",NA,0,1,0,2,0,3,0,4,0,5,0,6,0,7,0,8,0,9,0,10,0,11,0,12,0,13,0,14,0,15,0,16,0,17,0,18,0,19,0,20,0,21,0,22,0,23,0,24,0,25,0,26,0,27,0,28,0,29,0,30
"ALDH18A1",NA,0,1,0,2,0,3,0,4,0,5,0,6,0,7,0,8,0,9,0,10,0,11,0,12,0,13,0,14,0,15,0,16,0,17,0,18,0,19,0,20,0,21,0,22,0,23,0,24,0,25,0,26,0,27,0,28,0,29,0,30
"LINC02035",NA,0,1,0,2,0,3,0,4,0,5,0,6,0,7,0,8,0,9,0,10,0,11,0,12,0,13,0,14,0,15,0,16,0,17,0,18,0,19,0,20,0,21,0,22,0,23,0,24,0,25,0,26,0,27,0,28,0,29,0,30
"ZNF383",NA,0,1,0,2,0,3,0,4,0,5,0,6,0,7,0,8,0,9,0,10,0,11,0,12,0,13,0,14,0,15,0,16,0,17,0,18,0,19,0,20,0,21,0,22,0,23,0,24,0,25,0,26,0,27,0,28,0,29,0,30
"WDR3",NA,0,1,0,2,0,3,0,4,0,5,0,6,0,7,0,8,0,9,0,10,0,11,0,12,0,13,0,14,0,15,0,16,0,17,0,18,0,19,0,20,0,21,0,22,0,23,0,24,0,25,0,26,0,27,0,28,0,29,0,30
"CCDC43",NA,0,1,0,2,0,3,0,4,0,5,0,6,0,7,0,8,0,9,0,10,0,11,0,12,0,13,0,14,0,15,0,16,0,17,0,18,0,19,0,20,0,21,0,22,0,23,0,24,0,25,0,26,0,27,0,28,0,29,0,30
"PARP1",NA,0,1,0,2,0,3,0,4,0,5,0,6,0,7,0,8,0,9,0,10,0,11,0,12,0,13,0,14,0,15,0,16,0,17,0,18,0,19,0,20,0,21,0,22,0,23,0,24,0,25,0,26,0,27,0,28,0,29,0,30
"CWF19L2",NA,0,1,0,2,0,3,0,4,0,5,0,6,0,7,0,8,0,9,0,10,0,11,0,12,0,13,0,14,0,15,0,16,0,17,0,18,0,19,0,20,0,21,0,22,0,23,0,24,0,25,0,26,0,27,0,28,0,29,0,30
"NEAT1",NA,0,1,0,2,0,3,0,4,0,5,0,6,0,7,0,8,0,9,0,10,0,11,0,12,0,13,0,14,0,15,0,16,0,17,0,18,0,19,0,20,0,21,0,22,0,23,0,24,0,25,0,26,0,27,0,28,0,29,0,30
"POLR1B",NA,0,1,0,2,0,3,0,4,0,5,0,6,0,7,0,8,0,9,0,10,0,11,0,12,0,13,0,14,0,15,0,16,0,17,0,18,0,19,0,20,0,21,0,22,0,23,0,24,0,25,0,26,0,27,0,28,0,29,0,30
"LINC01310",NA,0,1,0,2,0,3,0,4,0,5,0,6,0,7,0,8,0,9,0,10,0,11,0,12,0,13,0,14,0,15,0,16,0,17,0,18,0,19,0,20,0,21,0,22,0,23,0,24,0,25,0,26,0,27,0,28,0,29,0,30
"WDR92",NA,0,1,0,2,0,3,0,4,0,5,0,6,0,7,0,8,0,9,0,10,0,11,0,12,0,13,0,14,0,15,0,16,0,17,0,18,0,19,0,20,0,21,0,22,0,23,0,24,0,25,0,26,0,27,0,28,0,29,0,30
"BCKDHB",NA,0,1,0,2,0,3,0,4,0,5,0,6,0,7,0,8,0,9,0,10,0,11,0,12,0,13,0,14,0,15,0,16,0,17,0,18,0,19,0,20,0,21,0,22,0,23,0,24,0,25,0,26,0,27,0,28,0,29,0,30
"TSEN54",NA,0,1,0,2,0,3,0,4,0,5,0,6,0,7,0,8,0,9,0,10,0,11,0,12,0,13,0,14,0,15,0,16,0,17,0,18,0,19,0,20,0,21,0,22,0,23,0,24,0,25,0,26,0,27,0,28,0,29,0,30
"TIMM21",NA,0,1,0,2,0,3,0,4,0,5,0,6,0,7,0,8,0,9,0,10,0,11,0,12,0,13,0,14,0,15,0,16,0,17,0,18,0,19,0,20,0,21,0,22,0,23,0,24,0,25,0,26,0,27,0,28,0,29,0,30
"MRPL51",NA,0,1,0,2,0,3,0,4,0,5,0,6,0,7,0,8,0,9,0,10,0,11,0,12,0,13,0,14,0,15,0,16,0,17,0,18,0,19,0,20,0,21,0,22,0,23,0,24,0,25,0,26,0,27,0,28,0,29,0,30
"EIF5B",NA,0,1,0,2,0,3,0,4,0,5,0,6,0,7,0,8,0,9,0,10,0,11,0,12,0,13,0,14,0,15,0,16,0,17,0,18,0,19,0,20,0,21,0,22,0,23,0,24,0,25,0,26,0,27,0,28,0,29,0,30
"PRG1",NA,0.0416746606508251,1,0.0756286051499125,2,0.0479697772119283,3,0.0479697772119283,4,0.0354907244611103,5,0.0416746606508251,6,0.0288670516877495,7,0.0624183014181906,8,0.0479697772119283,9,0.000552201971893357,10,0.0624183014181906,11,0.0756286051499125,12,0.0550715500292567,13,0.0288670516877495,14,0.0756286051499125,15,0.067914255309864,16,0.0479697772119283,17,0.0624183014181906,18,0.0479697772119283,19,0.0354907244611103,20,0.0288670516877495,21,0.0550715500292567,22,0.0354907244611103,23,0.0624183014181906,24,0.0354907244611103,25,0.0354907244611103,26,0.0624183014181906,27,0.0354907244611103,28,0.0416746606508251,29,0.0479697772119283,30
"PLRG1",NA,0,1,0,2,0,3,0,4,0,5,0,6,0,7,0,8,0,9,0,10,0,11,0,12,0,13,0,14,0,15,0,16,0,17,0,18,0,19,0,20,0,21,0,22,0,23,0,24,0,25,0,26,0,27,0,28,0,29,0,30
"ZNF699",NA,0,1,0,2,0,3,0,4,0,5,0,6,0,7,0,8,0,9,0,10,0,11,0,12,0,13,0,14,0,15,0,16,0,17,0,18,0,19,0,20,0,21,0,22,0,23,0,24,0,25,0,26,0,27,0,28,0,29,0,30
"ZNF614",NA,0,1,0,2,0,3,0,4,0,5,0,6,0,7,0,8,0,9,0,10,0,11,0,12,0,13,0,14,0,15,0,16,0,17,0,18,0,19,0,20,0,21,0,22,0,23,0,24,0,25,0,26,0,27,0,28,0,29,0,30
"TARS",NA,-0.259995903525307,1,-0.560392269634898,2,-0.288502520430183,3,-0.288502520430183,4,-0.249205527163993,5,-0.259995903525307,6,-0.238875870180972,7,-0.393385667825879,8,-0.288502520430183,9,-0.197956114578388,10,-0.393385667825879,11,-0.560392269634898,12,-0.338054074794157,13,-0.238875870180972,14,-0.560392269634898,15,-0.459176262662214,16,-0.288502520430183,17,-0.393385667825879,18,-0.288502520430183,19,-0.249205527163993,20,-0.238875870180972,21,-0.338054074794157,22,-0.249205527163993,23,-0.393385667825879,24,-0.249205527163993,25,-0.249205527163993,26,-0.393385667825879,27,-0.249205527163993,28,-0.259995903525307,29,-0.288502520430183,30
"STK39",NA,0,1,0,2,0,3,0,4,0,5,0,6,0,7,0,8,0,9,0,10,0,11,0,12,0,13,0,14,0,15,0,16,0,17,0,18,0,19,0,20,0,21,0,22,0,23,0,24,0,25,0,26,0,27,0,28,0,29,0,30
"CCND2",NA,0,1,0,2,0,3,0,4,0,5,0,6,0,7,0,8,0,9,0,10,0,11,0,12,0,13,0,14,0,15,0,16,0,17,0,18,0,19,0,20,0,21,0,22,0,23,0,24,0,25,0,26,0,27,0,28,0,29,0,30
"LCMT2",NA,0,1,0,2,0,3,0,4,0,5,0,6,0,7,0,8,0,9,0,10,0,11,0,12,0,13,0,14,0,15,0,16,0,17,0,18,0,19,0,20,0,21,0,22,0,23,0,24,0,25,0,26,0,27,0,28,0,29,0,30
"EIF2AK3",NA,0,1,0,2,0,3,0,4,0,5,0,6,0,7,0,8,0,9,0,10,0,11,0,12,0,13,0,14,0,15,0,16,0,17,0,18,0,19,0,20,0,21,0,22,0,23,0,24,0,25,0,26,0,27,0,28,0,29,0,30
"CYB5R1",NA,0,1,0,2,0,3,0,4,0,5,0,6,0,7,0,8,0,9,0,10,0,11,0,12,0,13,0,14,0,15,0,16,0,17,0,18,0,19,0,20,0,21,0,22,0,23,0,24,0,25,0,26,0,27,0,28,0,29,0,30
"NDRG2",NA,0,1,0,2,0,3,0,4,0,5,0,6,0,7,0,8,0,9,0,10,0,11,0,12,0,13,0,14,0,15,0,16,0,17,0,18,0,19,0,20,0,21,0,22,0,23,0,24,0,25,0,26,0,27,0,28,0,29,0,30
"PPP1R16B",NA,0,1,0,2,0,3,0,4,0,5,0,6,0,7,0,8,0,9,0,10,0,11,0,12,0,13,0,14,0,15,0,16,0,17,0,18,0,19,0,20,0,21,0,22,0,23,0,24,0,25,0,26,0,27,0,28,0,29,0,30
"ZNF500",NA,0,1,0,2,0,3,0,4,0,5,0,6,0,7,0,8,0,9,0,10,0,11,0,12,0,13,0,14,0,15,0,16,0,17,0,18,0,19,0,20,0,21,0,22,0,23,0,24,0,25,0,26,0,27,0,28,0,29,0,30
"ZNF45",NA,0,1,0,2,0,3,0,4,0,5,0,6,0,7,0,8,0,9,0,10,0,11,0,12,0,13,0,14,0,15,0,16,0,17,0,18,0,19,0,20,0,21,0,22,0,23,0,24,0,25,0,26,0,27,0,28,0,29,0,30
"NOLC1",NA,0,1,0,2,0,3,0,4,0,5,0,6,0,7,0,8,0,9,0,10,0,11,0,12,0,13,0,14,0,15,0,16,0,17,0,18,0,19,0,20,0,21,0,22,0,23,0,24,0,25,0,26,0,27,0,28,0,29,0,30
"PXDNL",NA,0,1,-0.110598641111015,2,-0.0119568152164585,3,-0.0119568152164585,4,0,5,0,6,0,7,-0.0472243976133341,8,-0.0119568152164585,9,0,10,-0.0472243976133341,11,-0.110598641111015,12,-0.0289200748981464,13,0,14,-0.110598641111015,15,-0.070337120985235,16,-0.0119568152164585,17,-0.0472243976133341,18,-0.0119568152164585,19,0,20,0,21,-0.0289200748981464,22,0,23,-0.0472243976133341,24,0,25,0,26,-0.0472243976133341,27,0,28,0,29,-0.0119568152164585,30
"CD63",NA,0,1,0,2,0,3,0,4,0,5,0,6,0,7,0,8,0,9,0,10,0,11,0,12,0,13,0,14,0,15,0,16,0,17,0,18,0,19,0,20,0,21,0,22,0,23,0,24,0,25,0,26,0,27,0,28,0,29,0,30
"MCM6",NA,0,1,0,2,0,3,0,4,0,5,0,6,0,7,0,8,0,9,0,10,0,11,0,12,0,13,0,14,0,15,0,16,0,17,0,18,0,19,0,20,0,21,0,22,0,23,0,24,0,25,0,26,0,27,0,28,0,29,0,30
"MCM2",NA,-0.0202549056472582,1,0,2,-0.0187995724273589,3,-0.0187995724273589,4,-0.0192494310999951,5,-0.0202549056472582,6,-0.0180323386768758,7,-0.00799573290488304,8,-0.0187995724273589,9,-0.0179604204876439,10,-0.00799573290488304,11,0,12,-0.0136915825760831,13,-0.0180323386768758,14,0,15,-0.000172910167108949,16,-0.0187995724273589,17,-0.00799573290488304,18,-0.0187995724273589,19,-0.0192494310999951,20,-0.0180323386768758,21,-0.0136915825760831,22,-0.0192494310999951,23,-0.00799573290488304,24,-0.0192494310999951,25,-0.0192494310999951,26,-0.00799573290488304,27,-0.0192494310999951,28,-0.0202549056472582,29,-0.0187995724273589,30
"MIR1243",NA,0,1,0,2,0,3,0,4,0,5,0,6,0,7,0,8,0,9,0,10,0,11,0,12,0,13,0,14,0,15,0,16,0,17,0,18,0,19,0,20,0,21,0,22,0,23,0,24,0,25,0,26,0,27,0,28,0,29,0,30
"PLEKHA8P1",NA,0,1,0,2,0,3,0,4,0,5,0,6,0,7,0,8,0,9,0,10,0,11,0,12,0,13,0,14,0,15,0,16,0,17,0,18,0,19,0,20,0,21,0,22,0,23,0,24,0,25,0,26,0,27,0,28,0,29,0,30
"CDKN2A.DT",NA,0.0784714964879712,1,0.0962466266707357,2,0.0810549907814921,3,0.0810549907814921,4,0.0750381911326675,5,0.0784714964879712,6,0.0715902169900513,7,0.0867273064735743,8,0.0810549907814921,9,0.0610271724463672,10,0.0867273064735743,11,0.0962466266707357,12,0.0834361482709718,13,0.0715902169900513,14,0.0962466266707357,15,0.089509556642248,16,0.0810549907814921,17,0.0867273064735743,18,0.0810549907814921,19,0.0750381911326675,20,0.0715902169900513,21,0.0834361482709718,22,0.0750381911326675,23,0.0867273064735743,24,0.0750381911326675,25,0.0750381911326675,26,0.0867273064735743,27,0.0750381911326675,28,0.0784714964879712,29,0.0810549907814921,30
"HACD3",NA,0,1,0,2,0,3,0,4,0,5,0,6,0,7,0,8,0,9,0,10,0,11,0,12,0,13,0,14,0,15,0,16,0,17,0,18,0,19,0,20,0,21,0,22,0,23,0,24,0,25,0,26,0,27,0,28,0,29,0,30
"SSRP1",NA,0,1,0,2,0,3,0,4,0,5,0,6,0,7,0,8,0,9,0,10,0,11,0,12,0,13,0,14,0,15,0,16,0,17,0,18,0,19,0,20,0,21,0,22,0,23,0,24,0,25,0,26,0,27,0,28,0,29,0,30
"BCL9",NA,0,1,0,2,0,3,0,4,0,5,0,6,0,7,0,8,0,9,0,10,0,11,0,12,0,13,0,14,0,15,0,16,0,17,0,18,0,19,0,20,0,21,0,22,0,23,0,24,0,25,0,26,0,27,0,28,0,29,0,30
"ZNF136",NA,0,1,0,2,0,3,0,4,0,5,0,6,0,7,0,8,0,9,0,10,0,11,0,12,0,13,0,14,0,15,0,16,0,17,0,18,0,19,0,20,0,21,0,22,0,23,0,24,0,25,0,26,0,27,0,28,0,29,0,30
"METTL16",NA,0,1,0,2,0,3,0,4,0,5,0,6,0,7,0,8,0,9,0,10,0,11,0,12,0,13,0,14,0,15,0,16,0,17,0,18,0,19,0,20,0,21,0,22,0,23,0,24,0,25,0,26,0,27,0,28,0,29,0,30
"ANXA6",NA,0,1,0,2,0,3,0,4,0,5,0,6,0,7,0,8,0,9,0,10,0,11,0,12,0,13,0,14,0,15,0,16,0,17,0,18,0,19,0,20,0,21,0,22,0,23,0,24,0,25,0,26,0,27,0,28,0,29,0,30
"SEC14L1P1",NA,0,1,0,2,0,3,0,4,0,5,0,6,0,7,0,8,0,9,0,10,0,11,0,12,0,13,0,14,0,15,0,16,0,17,0,18,0,19,0,20,0,21,0,22,0,23,0,24,0,25,0,26,0,27,0,28,0,29,0,30
"SF3A3",NA,0,1,0,2,0,3,0,4,0,5,0,6,0,7,0,8,0,9,0,10,0,11,0,12,0,13,0,14,0,15,0,16,0,17,0,18,0,19,0,20,0,21,0,22,0,23,0,24,0,25,0,26,0,27,0,28,0,29,0,30
"MPP5",NA,0,1,0,2,0,3,0,4,0,5,0,6,0,7,0,8,0,9,0,10,0,11,0,12,0,13,0,14,0,15,0,16,0,17,0,18,0,19,0,20,0,21,0,22,0,23,0,24,0,25,0,26,0,27,0,28,0,29,0,30
"ZNF331",NA,0,1,0,2,0,3,0,4,0,5,0,6,0,7,0,8,0,9,0,10,0,11,0,12,0,13,0,14,0,15,0,16,0,17,0,18,0,19,0,20,0,21,0,22,0,23,0,24,0,25,0,26,0,27,0,28,0,29,0,30
"RSL1D1",NA,0,1,0,2,0,3,0,4,0,5,0,6,0,7,0,8,0,9,0,10,0,11,0,12,0,13,0,14,0,15,0,16,0,17,0,18,0,19,0,20,0,21,0,22,0,23,0,24,0,25,0,26,0,27,0,28,0,29,0,30
"MIR106B",NA,0.0336312045666745,1,0.0225134393642133,2,0.0347366390209548,3,0.0347366390209548,4,0.0309416741132201,5,0.0336312045666745,6,0.0283077544240651,7,0.0357462243382165,8,0.0347366390209548,9,0.0159179632035207,10,0.0357462243382165,11,0.0225134393642133,12,0.0352698582659433,13,0.0283077544240651,14,0.0225134393642133,15,0.0331688036687073,16,0.0347366390209548,17,0.0357462243382165,18,0.0347366390209548,19,0.0309416741132201,20,0.0283077544240651,21,0.0352698582659433,22,0.0309416741132201,23,0.0357462243382165,24,0.0309416741132201,25,0.0309416741132201,26,0.0357462243382165,27,0.0309416741132201,28,0.0336312045666745,29,0.0347366390209548,30
"C1orf123",NA,0,1,0,2,0,3,0,4,0,5,0,6,0,7,0,8,0,9,0,10,0,11,0,12,0,13,0,14,0,15,0,16,0,17,0,18,0,19,0,20,0,21,0,22,0,23,0,24,0,25,0,26,0,27,0,28,0,29,0,30
"FBXO31",NA,0,1,0.0844513628528656,2,0,3,0,4,0,5,0,6,0,7,0,8,0,9,0,10,0,11,0.0844513628528656,12,0,13,0,14,0.0844513628528656,15,0.0150762594256002,16,0,17,0,18,0,19,0,20,0,21,0,22,0,23,0,24,0,25,0,26,0,27,0,28,0,29,0,30
"BIN1",NA,0,1,0,2,0,3,0,4,0,5,0,6,0,7,0,8,0,9,0,10,0,11,0,12,0,13,0,14,0,15,0,16,0,17,0,18,0,19,0,20,0,21,0,22,0,23,0,24,0,25,0,26,0,27,0,28,0,29,0,30
"PCDHGB7",NA,0,1,0,2,0,3,0,4,0,5,0,6,0,7,0,8,0,9,0,10,0,11,0,12,0,13,0,14,0,15,0,16,0,17,0,18,0,19,0,20,0,21,0,22,0,23,0,24,0,25,0,26,0,27,0,28,0,29,0,30
"TTC3",NA,0,1,0,2,0,3,0,4,0,5,0,6,0,7,0,8,0,9,0,10,0,11,0,12,0,13,0,14,0,15,0,16,0,17,0,18,0,19,0,20,0,21,0,22,0,23,0,24,0,25,0,26,0,27,0,28,0,29,0,30
"CSTF3",NA,0,1,0,2,0,3,0,4,0,5,0,6,0,7,0,8,0,9,0,10,0,11,0,12,0,13,0,14,0,15,0,16,0,17,0,18,0,19,0,20,0,21,0,22,0,23,0,24,0,25,0,26,0,27,0,28,0,29,0,30
"MAP3K9",NA,0,1,0,2,0,3,0,4,0,5,0,6,0,7,0,8,0,9,0,10,0,11,0,12,0,13,0,14,0,15,0,16,0,17,0,18,0,19,0,20,0,21,0,22,0,23,0,24,0,25,0,26,0,27,0,28,0,29,0,30
"CFAP298",NA,0,1,0,2,0,3,0,4,0,5,0,6,0,7,0,8,0,9,0,10,0,11,0,12,0,13,0,14,0,15,0,16,0,17,0,18,0,19,0,20,0,21,0,22,0,23,0,24,0,25,0,26,0,27,0,28,0,29,0,30
"NLGN3",NA,0.0508004210230203,1,0.0041958249445541,2,0.0480759541342546,3,0.0480759541342546,4,0.0517667702598162,5,0.0508004210230203,6,0.0524924060135795,7,0.0331296027546662,8,0.0480759541342546,9,0.0541645091113014,10,0.0331296027546662,11,0.0041958249445541,12,0.0415469485626515,13,0.0524924060135795,14,0.0041958249445541,15,0.0213536612036253,16,0.0480759541342546,17,0.0331296027546662,18,0.0480759541342546,19,0.0517667702598162,20,0.0524924060135795,21,0.0415469485626515,22,0.0517667702598162,23,0.0331296027546662,24,0.0517667702598162,25,0.0517667702598162,26,0.0331296027546662,27,0.0517667702598162,28,0.0508004210230203,29,0.0480759541342546,30
"HTATSF1",NA,0,1,0,2,0,3,0,4,0,5,0,6,0,7,0,8,0,9,0,10,0,11,0,12,0,13,0,14,0,15,0,16,0,17,0,18,0,19,0,20,0,21,0,22,0,23,0,24,0,25,0,26,0,27,0,28,0,29,0,30
"DDX18",NA,0,1,0,2,0,3,0,4,0,5,0,6,0,7,0,8,0,9,0,10,0,11,0,12,0,13,0,14,0,15,0,16,0,17,0,18,0,19,0,20,0,21,0,22,0,23,0,24,0,25,0,26,0,27,0,28,0,29,0,30
"LAS1L",NA,0,1,0,2,0,3,0,4,0,5,0,6,0,7,0,8,0,9,0,10,0,11,0,12,0,13,0,14,0,15,0,16,0,17,0,18,0,19,0,20,0,21,0,22,0,23,0,24,0,25,0,26,0,27,0,28,0,29,0,30
"UTP20",NA,0,1,0,2,0,3,0,4,0,5,0,6,0,7,0,8,0,9,0,10,0,11,0,12,0,13,0,14,0,15,0,16,0,17,0,18,0,19,0,20,0,21,0,22,0,23,0,24,0,25,0,26,0,27,0,28,0,29,0,30
"IBTK",NA,0,1,0,2,0,3,0,4,0,5,0,6,0,7,0,8,0,9,0,10,0,11,0,12,0,13,0,14,0,15,0,16,0,17,0,18,0,19,0,20,0,21,0,22,0,23,0,24,0,25,0,26,0,27,0,28,0,29,0,30
"IPP",NA,0,1,0,2,0,3,0,4,0,5,0,6,0,7,0,8,0,9,0,10,0,11,0,12,0,13,0,14,0,15,0,16,0,17,0,18,0,19,0,20,0,21,0,22,0,23,0,24,0,25,0,26,0,27,0,28,0,29,0,30
"LINC00330",NA,0,1,0,2,0,3,0,4,0,5,0,6,0,7,0,8,0,9,0,10,0,11,0,12,0,13,0,14,0,15,0,16,0,17,0,18,0,19,0,20,0,21,0,22,0,23,0,24,0,25,0,26,0,27,0,28,0,29,0,30
"MIR4489",NA,0,1,0,2,0,3,0,4,0,5,0,6,0,7,0,8,0,9,0,10,0,11,0,12,0,13,0,14,0,15,0,16,0,17,0,18,0,19,0,20,0,21,0,22,0,23,0,24,0,25,0,26,0,27,0,28,0,29,0,30
"DNAJC21",NA,0,1,0,2,0,3,0,4,0,5,0,6,0,7,0,8,0,9,0,10,0,11,0,12,0,13,0,14,0,15,0,16,0,17,0,18,0,19,0,20,0,21,0,22,0,23,0,24,0,25,0,26,0,27,0,28,0,29,0,30
"SLFN5",NA,0,1,0,2,0,3,0,4,0,5,0,6,0,7,0,8,0,9,0,10,0,11,0,12,0,13,0,14,0,15,0,16,0,17,0,18,0,19,0,20,0,21,0,22,0,23,0,24,0,25,0,26,0,27,0,28,0,29,0,30
"TOMM70",NA,0,1,0,2,0,3,0,4,0,5,0,6,0,7,0,8,0,9,0,10,0,11,0,12,0,13,0,14,0,15,0,16,0,17,0,18,0,19,0,20,0,21,0,22,0,23,0,24,0,25,0,26,0,27,0,28,0,29,0,30
"MTREX",NA,0,1,0,2,0,3,0,4,0,5,0,6,0,7,0,8,0,9,0,10,0,11,0,12,0,13,0,14,0,15,0,16,0,17,0,18,0,19,0,20,0,21,0,22,0,23,0,24,0,25,0,26,0,27,0,28,0,29,0,30
"GTF2H3",NA,0,1,0,2,0,3,0,4,0,5,0,6,0,7,0,8,0,9,0,10,0,11,0,12,0,13,0,14,0,15,0,16,0,17,0,18,0,19,0,20,0,21,0,22,0,23,0,24,0,25,0,26,0,27,0,28,0,29,0,30
"ZBTB3",NA,0,1,0,2,0,3,0,4,0,5,0,6,0,7,0,8,0,9,0,10,0,11,0,12,0,13,0,14,0,15,0,16,0,17,0,18,0,19,0,20,0,21,0,22,0,23,0,24,0,25,0,26,0,27,0,28,0,29,0,30
"SCAMP3",NA,0,1,0,2,0,3,0,4,0,5,0,6,0,7,0,8,0,9,0,10,0,11,0,12,0,13,0,14,0,15,0,16,0,17,0,18,0,19,0,20,0,21,0,22,0,23,0,24,0,25,0,26,0,27,0,28,0,29,0,30
"MAGED1",NA,0,1,0,2,0,3,0,4,0,5,0,6,0,7,0,8,0,9,0,10,0,11,0,12,0,13,0,14,0,15,0,16,0,17,0,18,0,19,0,20,0,21,0,22,0,23,0,24,0,25,0,26,0,27,0,28,0,29,0,30
"NSRP1",NA,0,1,0,2,0,3,0,4,0,5,0,6,0,7,0,8,0,9,0,10,0,11,0,12,0,13,0,14,0,15,0,16,0,17,0,18,0,19,0,20,0,21,0,22,0,23,0,24,0,25,0,26,0,27,0,28,0,29,0,30
"EXOSC2",NA,0,1,0,2,0,3,0,4,0,5,0,6,0,7,0,8,0,9,0,10,0,11,0,12,0,13,0,14,0,15,0,16,0,17,0,18,0,19,0,20,0,21,0,22,0,23,0,24,0,25,0,26,0,27,0,28,0,29,0,30
"PEBP1",NA,0,1,0,2,0,3,0,4,0,5,0,6,0,7,0,8,0,9,0,10,0,11,0,12,0,13,0,14,0,15,0,16,0,17,0,18,0,19,0,20,0,21,0,22,0,23,0,24,0,25,0,26,0,27,0,28,0,29,0,30
"BCAS2",NA,0,1,0,2,0,3,0,4,0,5,0,6,0,7,0,8,0,9,0,10,0,11,0,12,0,13,0,14,0,15,0,16,0,17,0,18,0,19,0,20,0,21,0,22,0,23,0,24,0,25,0,26,0,27,0,28,0,29,0,30
"TULP4",NA,0,1,0,2,0,3,0,4,0,5,0,6,0,7,0,8,0,9,0,10,0,11,0,12,0,13,0,14,0,15,0,16,0,17,0,18,0,19,0,20,0,21,0,22,0,23,0,24,0,25,0,26,0,27,0,28,0,29,0,30
"ZNF649.AS1",NA,0.219604613032716,1,0.228386443325721,2,0.222141363691354,3,0.222141363691354,4,0.215909005930096,5,0.219604613032716,6,0.211921255899859,7,0.222783902838479,8,0.222141363691354,9,0.195469533720951,10,0.222783902838479,11,0.228386443325721,12,0.222483548595055,13,0.211921255899859,14,0.228386443325721,15,0.222763400746004,16,0.222141363691354,17,0.222783902838479,18,0.222141363691354,19,0.215909005930096,20,0.211921255899859,21,0.222483548595055,22,0.215909005930096,23,0.222783902838479,24,0.215909005930096,25,0.215909005930096,26,0.222783902838479,27,0.215909005930096,28,0.219604613032716,29,0.222141363691354,30
"HNRNPR",NA,0,1,0,2,0,3,0,4,0,5,0,6,0,7,0,8,0,9,0,10,0,11,0,12,0,13,0,14,0,15,0,16,0,17,0,18,0,19,0,20,0,21,0,22,0,23,0,24,0,25,0,26,0,27,0,28,0,29,0,30
"SRP72",NA,0,1,0,2,0,3,0,4,0,5,0,6,0,7,0,8,0,9,0,10,0,11,0,12,0,13,0,14,0,15,0,16,0,17,0,18,0,19,0,20,0,21,0,22,0,23,0,24,0,25,0,26,0,27,0,28,0,29,0,30
"KLHL11",NA,0,1,0,2,0,3,0,4,0,5,0,6,0,7,0,8,0,9,0,10,0,11,0,12,0,13,0,14,0,15,0,16,0,17,0,18,0,19,0,20,0,21,0,22,0,23,0,24,0,25,0,26,0,27,0,28,0,29,0,30
"EBAG9",NA,0,1,0,2,0,3,0,4,0,5,0,6,0,7,0,8,0,9,0,10,0,11,0,12,0,13,0,14,0,15,0,16,0,17,0,18,0,19,0,20,0,21,0,22,0,23,0,24,0,25,0,26,0,27,0,28,0,29,0,30
"NCL",NA,0,1,0,2,0,3,0,4,0,5,0,6,0,7,0,8,0,9,0,10,0,11,0,12,0,13,0,14,0,15,0,16,0,17,0,18,0,19,0,20,0,21,0,22,0,23,0,24,0,25,0,26,0,27,0,28,0,29,0,30
"AARS",NA,0,1,0,2,0,3,0,4,0,5,0,6,0,7,0,8,0,9,0,10,0,11,0,12,0,13,0,14,0,15,0,16,0,17,0,18,0,19,0,20,0,21,0,22,0,23,0,24,0,25,0,26,0,27,0,28,0,29,0,30
"PLEC",NA,0.673368142313947,1,0.971926472087313,2,0.711301212898722,3,0.711301212898722,4,0.639876972022041,5,0.673368142313947,6,0.606870219903975,7,0.804132495028371,8,0.711301212898722,9,0.47493830318032,10,0.804132495028371,11,0.971926472087313,12,0.755319787235341,13,0.606870219903975,14,0.971926472087313,15,0.867286060919194,16,0.711301212898722,17,0.804132495028371,18,0.711301212898722,19,0.639876972022041,20,0.606870219903975,21,0.755319787235341,22,0.639876972022041,23,0.804132495028371,24,0.639876972022041,25,0.639876972022041,26,0.804132495028371,27,0.639876972022041,28,0.673368142313947,29,0.711301212898722,30
"IMPDH2",NA,0,1,0,2,0,3,0,4,0,5,0,6,0,7,0,8,0,9,0,10,0,11,0,12,0,13,0,14,0,15,0,16,0,17,0,18,0,19,0,20,0,21,0,22,0,23,0,24,0,25,0,26,0,27,0,28,0,29,0,30
"SUPT16H",NA,0,1,0,2,0,3,0,4,0,5,0,6,0,7,0,8,0,9,0,10,0,11,0,12,0,13,0,14,0,15,0,16,0,17,0,18,0,19,0,20,0,21,0,22,0,23,0,24,0,25,0,26,0,27,0,28,0,29,0,30
"DDX47",NA,0,1,0,2,0,3,0,4,0,5,0,6,0,7,0,8,0,9,0,10,0,11,0,12,0,13,0,14,0,15,0,16,0,17,0,18,0,19,0,20,0,21,0,22,0,23,0,24,0,25,0,26,0,27,0,28,0,29,0,30
"RIOK1",NA,0,1,0.00495500797600183,2,0,3,0,4,0,5,0,6,0,7,0,8,0,9,0,10,0,11,0.00495500797600183,12,0,13,0,14,0.00495500797600183,15,0,16,0,17,0,18,0,19,0,20,0,21,0,22,0,23,0,24,0,25,0,26,0,27,0,28,0,29,0,30
"NOP56",NA,0,1,0,2,0,3,0,4,0,5,0,6,0,7,0,8,0,9,0,10,0,11,0,12,0,13,0,14,0,15,0,16,0,17,0,18,0,19,0,20,0,21,0,22,0,23,0,24,0,25,0,26,0,27,0,28,0,29,0,30
"HTR2A",NA,0.109969824922086,1,0.264425303501645,2,0.126307807233426,3,0.126307807233426,4,0.0972727948973199,5,0.109969824922086,6,0.0844132282161156,7,0.171464875103026,8,0.126307807233426,9,0.0323951694220202,10,0.171464875103026,11,0.264425303501645,12,0.147619322519517,13,0.0844132282161156,14,0.264425303501645,15,0.199763704036344,16,0.126307807233426,17,0.171464875103026,18,0.126307807233426,19,0.0972727948973199,20,0.0844132282161156,21,0.147619322519517,22,0.0972727948973199,23,0.171464875103026,24,0.0972727948973199,25,0.0972727948973199,26,0.171464875103026,27,0.0972727948973199,28,0.109969824922086,29,0.126307807233426,30
"DLAT",NA,0,1,0,2,0,3,0,4,0,5,0,6,0,7,0,8,0,9,0,10,0,11,0,12,0,13,0,14,0,15,0,16,0,17,0,18,0,19,0,20,0,21,0,22,0,23,0,24,0,25,0,26,0,27,0,28,0,29,0,30
"TRMT6",NA,0,1,0,2,0,3,0,4,0,5,0,6,0,7,0,8,0,9,0,10,0,11,0,12,0,13,0,14,0,15,0,16,0,17,0,18,0,19,0,20,0,21,0,22,0,23,0,24,0,25,0,26,0,27,0,28,0,29,0,30
"GNPTAB",NA,0,1,0,2,0,3,0,4,0,5,0,6,0,7,0,8,0,9,0,10,0,11,0,12,0,13,0,14,0,15,0,16,0,17,0,18,0,19,0,20,0,21,0,22,0,23,0,24,0,25,0,26,0,27,0,28,0,29,0,30
"KRT20",NA,0,1,0,2,0,3,0,4,0,5,0,6,0,7,0,8,0,9,0,10,0,11,0,12,0,13,0,14,0,15,0,16,0,17,0,18,0,19,0,20,0,21,0,22,0,23,0,24,0,25,0,26,0,27,0,28,0,29,0,30
"ZNF841",NA,0,1,0,2,0,3,0,4,0,5,0,6,0,7,0,8,0,9,0,10,0,11,0,12,0,13,0,14,0,15,0,16,0,17,0,18,0,19,0,20,0,21,0,22,0,23,0,24,0,25,0,26,0,27,0,28,0,29,0,30
"SGSH",NA,0.12385788662294,1,0.142219106227729,2,0.129113686013933,3,0.129113686013933,4,0.116664084703506,5,0.12385788662294,6,0.108870784281198,7,0.137845802079608,8,0.129113686013933,9,0.0805482787317077,10,0.137845802079608,11,0.142219106227729,12,0.133797513341962,13,0.108870784281198,14,0.142219106227729,15,0.14284706235879,16,0.129113686013933,17,0.137845802079608,18,0.129113686013933,19,0.116664084703506,20,0.108870784281198,21,0.133797513341962,22,0.116664084703506,23,0.137845802079608,24,0.116664084703506,25,0.116664084703506,26,0.137845802079608,27,0.116664084703506,28,0.12385788662294,29,0.129113686013933,30
"HSPA9",NA,0,1,0,2,0,3,0,4,0,5,0,6,0,7,0,8,0,9,0,10,0,11,0,12,0,13,0,14,0,15,0,16,0,17,0,18,0,19,0,20,0,21,0,22,0,23,0,24,0,25,0,26,0,27,0,28,0,29,0,30
"CALB1",NA,0,1,0,2,0,3,0,4,0,5,0,6,0,7,0,8,0,9,0,10,0,11,0,12,0,13,0,14,0,15,0,16,0,17,0,18,0,19,0,20,0,21,0,22,0,23,0,24,0,25,0,26,0,27,0,28,0,29,0,30
"NDUFA9",NA,0,1,0,2,0,3,0,4,0,5,0,6,0,7,0,8,0,9,0,10,0,11,0,12,0,13,0,14,0,15,0,16,0,17,0,18,0,19,0,20,0,21,0,22,0,23,0,24,0,25,0,26,0,27,0,28,0,29,0,30
"GPN1",NA,0,1,0,2,0,3,0,4,0,5,0,6,0,7,0,8,0,9,0,10,0,11,0,12,0,13,0,14,0,15,0,16,0,17,0,18,0,19,0,20,0,21,0,22,0,23,0,24,0,25,0,26,0,27,0,28,0,29,0,30
"BLID",NA,0,1,0,2,0,3,0,4,0,5,0,6,0,7,0,8,0,9,0,10,0,11,0,12,0,13,0,14,0,15,0,16,0,17,0,18,0,19,0,20,0,21,0,22,0,23,0,24,0,25,0,26,0,27,0,28,0,29,0,30
"USP11",NA,0,1,0,2,0,3,0,4,0,5,0,6,0,7,0,8,0,9,0,10,0,11,0,12,0,13,0,14,0,15,0,16,0,17,0,18,0,19,0,20,0,21,0,22,0,23,0,24,0,25,0,26,0,27,0,28,0,29,0,30
"RFC1",NA,0,1,0,2,0,3,0,4,0,5,0,6,0,7,0,8,0,9,0,10,0,11,0,12,0,13,0,14,0,15,0,16,0,17,0,18,0,19,0,20,0,21,0,22,0,23,0,24,0,25,0,26,0,27,0,28,0,29,0,30
"SUOX",NA,0,1,0,2,0,3,0,4,0,5,0,6,0,7,0,8,0,9,0,10,0,11,0,12,0,13,0,14,0,15,0,16,0,17,0,18,0,19,0,20,0,21,0,22,0,23,0,24,0,25,0,26,0,27,0,28,0,29,0,30
"GRWD1",NA,0,1,0,2,0,3,0,4,0,5,0,6,0,7,0,8,0,9,0,10,0,11,0,12,0,13,0,14,0,15,0,16,0,17,0,18,0,19,0,20,0,21,0,22,0,23,0,24,0,25,0,26,0,27,0,28,0,29,0,30
"SERBP1",NA,0,1,0,2,0,3,0,4,0,5,0,6,0,7,0,8,0,9,0,10,0,11,0,12,0,13,0,14,0,15,0,16,0,17,0,18,0,19,0,20,0,21,0,22,0,23,0,24,0,25,0,26,0,27,0,28,0,29,0,30
"SPRTN",NA,-0.0284343937437288,1,-0.00566600014884115,2,-0.0271321064832362,3,-0.0271321064832362,4,-0.0293102576008691,5,-0.0284343937437288,6,-0.0299856830402733,7,-0.0199773265481273,8,-0.0271321064832362,9,-0.0301472671711815,10,-0.0199773265481273,11,-0.00566600014884115,12,-0.023953358455193,13,-0.0299856830402733,14,-0.00566600014884115,15,-0.0129168442893608,16,-0.0271321064832362,17,-0.0199773265481273,18,-0.0271321064832362,19,-0.0293102576008691,20,-0.0299856830402733,21,-0.023953358455193,22,-0.0293102576008691,23,-0.0199773265481273,24,-0.0293102576008691,25,-0.0293102576008691,26,-0.0199773265481273,27,-0.0293102576008691,28,-0.0284343937437288,29,-0.0271321064832362,30
"CDC23",NA,0,1,0,2,0,3,0,4,0,5,0,6,0,7,0,8,0,9,0,10,0,11,0,12,0,13,0,14,0,15,0,16,0,17,0,18,0,19,0,20,0,21,0,22,0,23,0,24,0,25,0,26,0,27,0,28,0,29,0,30
"PDCD4",NA,0,1,0,2,0,3,0,4,0,5,0,6,0,7,0,8,0,9,0,10,0,11,0,12,0,13,0,14,0,15,0,16,0,17,0,18,0,19,0,20,0,21,0,22,0,23,0,24,0,25,0,26,0,27,0,28,0,29,0,30
"TCEA1",NA,0,1,0,2,0,3,0,4,0,5,0,6,0,7,0,8,0,9,0,10,0,11,0,12,0,13,0,14,0,15,0,16,0,17,0,18,0,19,0,20,0,21,0,22,0,23,0,24,0,25,0,26,0,27,0,28,0,29,0,30
"RUVBL2",NA,0,1,0,2,0,3,0,4,0,5,0,6,0,7,0,8,0,9,0,10,0,11,0,12,0,13,0,14,0,15,0,16,0,17,0,18,0,19,0,20,0,21,0,22,0,23,0,24,0,25,0,26,0,27,0,28,0,29,0,30
"SRP68",NA,0,1,0,2,0,3,0,4,0,5,0,6,0,7,0,8,0,9,0,10,0,11,0,12,0,13,0,14,0,15,0,16,0,17,0,18,0,19,0,20,0,21,0,22,0,23,0,24,0,25,0,26,0,27,0,28,0,29,0,30
"NAA30",NA,0,1,0,2,0,3,0,4,0,5,0,6,0,7,0,8,0,9,0,10,0,11,0,12,0,13,0,14,0,15,0,16,0,17,0,18,0,19,0,20,0,21,0,22,0,23,0,24,0,25,0,26,0,27,0,28,0,29,0,30
"BRD3OS",NA,0,1,0,2,0,3,0,4,0,5,0,6,0,7,0,8,0,9,0,10,0,11,0,12,0,13,0,14,0,15,0,16,0,17,0,18,0,19,0,20,0,21,0,22,0,23,0,24,0,25,0,26,0,27,0,28,0,29,0,30
"EPRS",NA,0,1,0,2,0,3,0,4,0,5,0,6,0,7,0,8,0,9,0,10,0,11,0,12,0,13,0,14,0,15,0,16,0,17,0,18,0,19,0,20,0,21,0,22,0,23,0,24,0,25,0,26,0,27,0,28,0,29,0,30
"AES",NA,0,1,0,2,0,3,0,4,0,5,0,6,0,7,0,8,0,9,0,10,0,11,0,12,0,13,0,14,0,15,0,16,0,17,0,18,0,19,0,20,0,21,0,22,0,23,0,24,0,25,0,26,0,27,0,28,0,29,0,30
"RBBP7",NA,0,1,0,2,0,3,0,4,0,5,0,6,0,7,0,8,0,9,0,10,0,11,0,12,0,13,0,14,0,15,0,16,0,17,0,18,0,19,0,20,0,21,0,22,0,23,0,24,0,25,0,26,0,27,0,28,0,29,0,30
"PRPF19",NA,0,1,0,2,0,3,0,4,0,5,0,6,0,7,0,8,0,9,0,10,0,11,0,12,0,13,0,14,0,15,0,16,0,17,0,18,0,19,0,20,0,21,0,22,0,23,0,24,0,25,0,26,0,27,0,28,0,29,0,30
"DCAF1",NA,0,1,0,2,0,3,0,4,0,5,0,6,0,7,0,8,0,9,0,10,0,11,0,12,0,13,0,14,0,15,0,16,0,17,0,18,0,19,0,20,0,21,0,22,0,23,0,24,0,25,0,26,0,27,0,28,0,29,0,30
"ZNF275",NA,0,1,0,2,0,3,0,4,0,5,0,6,0,7,0,8,0,9,0,10,0,11,0,12,0,13,0,14,0,15,0,16,0,17,0,18,0,19,0,20,0,21,0,22,0,23,0,24,0,25,0,26,0,27,0,28,0,29,0,30
"LSG1",NA,0,1,0,2,0,3,0,4,0,5,0,6,0,7,0,8,0,9,0,10,0,11,0,12,0,13,0,14,0,15,0,16,0,17,0,18,0,19,0,20,0,21,0,22,0,23,0,24,0,25,0,26,0,27,0,28,0,29,0,30
"POLR3H",NA,0,1,0,2,0,3,0,4,0,5,0,6,0,7,0,8,0,9,0,10,0,11,0,12,0,13,0,14,0,15,0,16,0,17,0,18,0,19,0,20,0,21,0,22,0,23,0,24,0,25,0,26,0,27,0,28,0,29,0,30
"FASTKD5",NA,0,1,0,2,0,3,0,4,0,5,0,6,0,7,0,8,0,9,-0.0138070723716632,10,0,11,0,12,0,13,0,14,0,15,0,16,0,17,0,18,0,19,0,20,0,21,0,22,0,23,0,24,0,25,0,26,0,27,0,28,0,29,0,30
"SUV39H1",NA,0,1,0,2,0,3,0,4,0,5,0,6,0,7,0,8,0,9,0,10,0,11,0,12,0,13,0,14,0,15,0,16,0,17,0,18,0,19,0,20,0,21,0,22,0,23,0,24,0,25,0,26,0,27,0,28,0,29,0,30
"DDX20",NA,0,1,0,2,0,3,0,4,0,5,0,6,0,7,0,8,0,9,0,10,0,11,0,12,0,13,0,14,0,15,0,16,0,17,0,18,0,19,0,20,0,21,0,22,0,23,0,24,0,25,0,26,0,27,0,28,0,29,0,30
"DNAJB11",NA,0,1,0,2,0,3,0,4,0,5,0,6,0,7,0,8,0,9,0,10,0,11,0,12,0,13,0,14,0,15,0,16,0,17,0,18,0,19,0,20,0,21,0,22,0,23,0,24,0,25,0,26,0,27,0,28,0,29,0,30
"HSPA4",NA,0,1,0,2,0,3,0,4,0,5,0,6,0,7,0,8,0,9,0,10,0,11,0,12,0,13,0,14,0,15,0,16,0,17,0,18,0,19,0,20,0,21,0,22,0,23,0,24,0,25,0,26,0,27,0,28,0,29,0,30
"TMEM109",NA,0,1,0,2,0,3,0,4,0,5,0,6,0,7,0,8,0,9,0,10,0,11,0,12,0,13,0,14,0,15,0,16,0,17,0,18,0,19,0,20,0,21,0,22,0,23,0,24,0,25,0,26,0,27,0,28,0,29,0,30
"DBR1",NA,0,1,0,2,0,3,0,4,0,5,0,6,0,7,0,8,0,9,0,10,0,11,0,12,0,13,0,14,0,15,0,16,0,17,0,18,0,19,0,20,0,21,0,22,0,23,0,24,0,25,0,26,0,27,0,28,0,29,0,30
"CAMKK2",NA,0,1,0,2,0,3,0,4,0,5,0,6,0,7,0,8,0,9,0,10,0,11,0,12,0,13,0,14,0,15,0,16,0,17,0,18,0,19,0,20,0,21,0,22,0,23,0,24,0,25,0,26,0,27,0,28,0,29,0,30
"LMNB2",NA,0,1,0,2,0,3,0,4,0,5,0,6,0,7,0,8,0,9,0,10,0,11,0,12,0,13,0,14,0,15,0,16,0,17,0,18,0,19,0,20,0,21,0,22,0,23,0,24,0,25,0,26,0,27,0,28,0,29,0,30
"SMC3",NA,0,1,0,2,0,3,0,4,0,5,0,6,0,7,0,8,0,9,0,10,0,11,0,12,0,13,0,14,0,15,0,16,0,17,0,18,0,19,0,20,0,21,0,22,0,23,0,24,0,25,0,26,0,27,0,28,0,29,0,30
"RAP1GDS1",NA,0,1,0,2,0,3,0,4,0,5,0,6,0,7,0,8,0,9,0,10,0,11,0,12,0,13,0,14,0,15,0,16,0,17,0,18,0,19,0,20,0,21,0,22,0,23,0,24,0,25,0,26,0,27,0,28,0,29,0,30
"SEC22A",NA,0,1,0,2,0,3,0,4,0,5,0,6,0,7,0,8,0,9,0,10,0,11,0,12,0,13,0,14,0,15,0,16,0,17,0,18,0,19,0,20,0,21,0,22,0,23,0,24,0,25,0,26,0,27,0,28,0,29,0,30
"ATP1A1",NA,0,1,0,2,0,3,0,4,0,5,0,6,0,7,0,8,0,9,0,10,0,11,0,12,0,13,0,14,0,15,0,16,0,17,0,18,0,19,0,20,0,21,0,22,0,23,0,24,0,25,0,26,0,27,0,28,0,29,0,30
"PIH1D2",NA,0.0223325499346285,1,0.0442746004805436,2,0.0249759494624187,3,0.0249759494624187,4,0.0200443826907926,5,0.0223325499346285,6,0.0176342106072245,7,0.0290603857973936,8,0.0249759494624187,9,0.00752399192837252,10,0.0290603857973936,11,0.0442746004805436,12,0.0269084261427067,13,0.0176342106072245,14,0.0442746004805436,15,0.0322518604217057,16,0.0249759494624187,17,0.0290603857973936,18,0.0249759494624187,19,0.0200443826907926,20,0.0176342106072245,21,0.0269084261427067,22,0.0200443826907926,23,0.0290603857973936,24,0.0200443826907926,25,0.0200443826907926,26,0.0290603857973936,27,0.0200443826907926,28,0.0223325499346285,29,0.0249759494624187,30
"ZW10",NA,0,1,0,2,0,3,0,4,0,5,0,6,0,7,0,8,0,9,0,10,0,11,0,12,0,13,0,14,0,15,0,16,0,17,0,18,0,19,0,20,0,21,0,22,0,23,0,24,0,25,0,26,0,27,0,28,0,29,0,30
"KLHL20",NA,0,1,0,2,0,3,0,4,0,5,0,6,0,7,0,8,0,9,0,10,0,11,0,12,0,13,0,14,0,15,0,16,0,17,0,18,0,19,0,20,0,21,0,22,0,23,0,24,0,25,0,26,0,27,0,28,0,29,0,30
"SHQ1",NA,0,1,0,2,0,3,0,4,0,5,0,6,0,7,0,8,0,9,0,10,0,11,0,12,0,13,0,14,0,15,0,16,0,17,0,18,0,19,0,20,0,21,0,22,0,23,0,24,0,25,0,26,0,27,0,28,0,29,0,30
"ZNF280C",NA,0,1,0,2,0,3,0,4,0,5,0,6,0,7,0,8,0,9,0,10,0,11,0,12,0,13,0,14,0,15,0,16,0,17,0,18,0,19,0,20,0,21,0,22,0,23,0,24,0,25,0,26,0,27,0,28,0,29,0,30
"CPSF4",NA,0,1,0,2,0,3,0,4,0,5,0,6,0,7,0,8,0,9,0,10,0,11,0,12,0,13,0,14,0,15,0,16,0,17,0,18,0,19,0,20,0,21,0,22,0,23,0,24,0,25,0,26,0,27,0,28,0,29,0,30
"BAZ1B",NA,0,1,0,2,0,3,0,4,0,5,0,6,0,7,0,8,0,9,0,10,0,11,0,12,0,13,0,14,0,15,0,16,0,17,0,18,0,19,0,20,0,21,0,22,0,23,0,24,0,25,0,26,0,27,0,28,0,29,0,30
"TOE1",NA,0,1,0,2,0,3,0,4,0,5,0,6,0,7,0,8,0,9,0,10,0,11,0,12,0,13,0,14,0,15,0,16,0,17,0,18,0,19,0,20,0,21,0,22,0,23,0,24,0,25,0,26,0,27,0,28,0,29,0,30
"TMEM209",NA,0,1,0,2,0,3,0,4,0,5,0,6,0,7,0,8,0,9,0,10,0,11,0,12,0,13,0,14,0,15,0,16,0,17,0,18,0,19,0,20,0,21,0,22,0,23,0,24,0,25,0,26,0,27,0,28,0,29,0,30
"EIF4A3",NA,0,1,0,2,0,3,0,4,0,5,0,6,0,7,0,8,0,9,0,10,0,11,0,12,0,13,0,14,0,15,0,16,0,17,0,18,0,19,0,20,0,21,0,22,0,23,0,24,0,25,0,26,0,27,0,28,0,29,0,30
"PRPS1",NA,0,1,0,2,0,3,0,4,0,5,0,6,0,7,0,8,0,9,0,10,0,11,0,12,0,13,0,14,0,15,0,16,0,17,0,18,0,19,0,20,0,21,0,22,0,23,0,24,0,25,0,26,0,27,0,28,0,29,0,30
"DKC1",NA,0,1,0,2,0,3,0,4,0,5,0,6,0,7,0,8,0,9,0,10,0,11,0,12,0,13,0,14,0,15,0,16,0,17,0,18,0,19,0,20,0,21,0,22,0,23,0,24,0,25,0,26,0,27,0,28,0,29,0,30
"ACADVL",NA,0.132895778338812,1,0.161490036681176,2,0.136629875224288,3,0.136629875224288,4,0.130729701514935,5,0.132895778338812,6,0.128227779525088,7,0.148405456988427,8,0.136629875224288,9,0.108942441936813,10,0.148405456988427,11,0.161490036681176,12,0.142227385408039,13,0.128227779525088,14,0.161490036681176,15,0.155221643886002,16,0.136629875224288,17,0.148405456988427,18,0.136629875224288,19,0.130729701514935,20,0.128227779525088,21,0.142227385408039,22,0.130729701514935,23,0.148405456988427,24,0.130729701514935,25,0.130729701514935,26,0.148405456988427,27,0.130729701514935,28,0.132895778338812,29,0.136629875224288,30
"ZNF574",NA,0,1,0,2,0,3,0,4,0,5,0,6,0,7,0,8,0,9,0,10,0,11,0,12,0,13,0,14,0,15,0,16,0,17,0,18,0,19,0,20,0,21,0,22,0,23,0,24,0,25,0,26,0,27,0,28,0,29,0,30
"ATP8A2",NA,0,1,0,2,0,3,0,4,0,5,0,6,0,7,0,8,0,9,0,10,0,11,0,12,0,13,0,14,0,15,0,16,0,17,0,18,0,19,0,20,0,21,0,22,0,23,0,24,0,25,0,26,0,27,0,28,0,29,0,30
"ATG16L2",NA,0,1,0,2,0,3,0,4,0,5,0,6,0,7,0,8,0,9,0,10,0,11,0,12,0,13,0,14,0,15,0,16,0,17,0,18,0,19,0,20,0,21,0,22,0,23,0,24,0,25,0,26,0,27,0,28,0,29,0,30
"MAP7D3",NA,0,1,0,2,0,3,0,4,0,5,0,6,0,7,0,8,0,9,0,10,0,11,0,12,0,13,0,14,0,15,0,16,0,17,0,18,0,19,0,20,0,21,0,22,0,23,0,24,0,25,0,26,0,27,0,28,0,29,0,30
"ZBTB4",NA,0,1,0,2,0,3,0,4,0,5,0,6,0,7,0,8,0,9,0,10,0,11,0,12,0,13,0,14,0,15,0,16,0,17,0,18,0,19,0,20,0,21,0,22,0,23,0,24,0,25,0,26,0,27,0,28,0,29,0,30
"TSN",NA,0,1,0,2,0,3,0,4,0,5,0,6,0,7,0,8,0,9,0,10,0,11,0,12,0,13,0,14,0,15,0,16,0,17,0,18,0,19,0,20,0,21,0,22,0,23,0,24,0,25,0,26,0,27,0,28,0,29,0,30
"RUFY2",NA,0,1,0,2,0,3,0,4,0,5,0,6,0,7,0,8,0,9,0,10,0,11,0,12,0,13,0,14,0,15,0,16,0,17,0,18,0,19,0,20,0,21,0,22,0,23,0,24,0,25,0,26,0,27,0,28,0,29,0,30
"TDP1",NA,0,1,0,2,0,3,0,4,0,5,0,6,0,7,0,8,0,9,0,10,0,11,0,12,0,13,0,14,0,15,0,16,0,17,0,18,0,19,0,20,0,21,0,22,0,23,0,24,0,25,0,26,0,27,0,28,0,29,0,30
"MCTP1",NA,0,1,0,2,0,3,0,4,0,5,0,6,0,7,0,8,0,9,0,10,0,11,0,12,0,13,0,14,0,15,0,16,0,17,0,18,0,19,0,20,0,21,0,22,0,23,0,24,0,25,0,26,0,27,0,28,0,29,0,30
"EHMT2",NA,0,1,0,2,0,3,0,4,0,5,0,6,0,7,0,8,0,9,0,10,0,11,0,12,0,13,0,14,0,15,0,16,0,17,0,18,0,19,0,20,0,21,0,22,0,23,0,24,0,25,0,26,0,27,0,28,0,29,0,30
"API5",NA,0,1,0,2,0,3,0,4,0,5,0,6,0,7,0,8,0,9,0,10,0,11,0,12,0,13,0,14,0,15,0,16,0,17,0,18,0,19,0,20,0,21,0,22,0,23,0,24,0,25,0,26,0,27,0,28,0,29,0,30
"POLR3K",NA,-0.0448264093039665,1,-0.108661179480263,2,-0.0536375810993161,3,-0.0536375810993161,4,-0.0362388302640494,5,-0.0448264093039665,6,-0.027289912125134,7,-0.0724558583260486,8,-0.0536375810993161,9,0,10,-0.0724558583260486,11,-0.108661179480263,12,-0.0630884583000777,13,-0.027289912125134,14,-0.108661179480263,15,-0.083826530573342,16,-0.0536375810993161,17,-0.0724558583260486,18,-0.0536375810993161,19,-0.0362388302640494,20,-0.027289912125134,21,-0.0630884583000777,22,-0.0362388302640494,23,-0.0724558583260486,24,-0.0362388302640494,25,-0.0362388302640494,26,-0.0724558583260486,27,-0.0362388302640494,28,-0.0448264093039665,29,-0.0536375810993161,30
"AIFM1",NA,0,1,0,2,0,3,0,4,0,5,0,6,0,7,0,8,0,9,0,10,0,11,0,12,0,13,0,14,0,15,0,16,0,17,0,18,0,19,0,20,0,21,0,22,0,23,0,24,0,25,0,26,0,27,0,28,0,29,0,30
"GORASP2",NA,0,1,0,2,0,3,0,4,0,5,0,6,0,7,0,8,0,9,0,10,0,11,0,12,0,13,0,14,0,15,0,16,0,17,0,18,0,19,0,20,0,21,0,22,0,23,0,24,0,25,0,26,0,27,0,28,0,29,0,30
"CCT4",NA,0,1,0,2,0,3,0,4,0,5,0,6,0,7,0,8,0,9,0,10,0,11,0,12,0,13,0,14,0,15,0,16,0,17,0,18,0,19,0,20,0,21,0,22,0,23,0,24,0,25,0,26,0,27,0,28,0,29,0,30
"MAP4",NA,0,1,0,2,0,3,0,4,0,5,0,6,0,7,0,8,0,9,0,10,0,11,0,12,0,13,0,14,0,15,0,16,0,17,0,18,0,19,0,20,0,21,0,22,0,23,0,24,0,25,0,26,0,27,0,28,0,29,0,30
"ASTE1",NA,0,1,0,2,0,3,0,4,0,5,0,6,0,7,0,8,0,9,0,10,0,11,0,12,0,13,0,14,0,15,0,16,0,17,0,18,0,19,0,20,0,21,0,22,0,23,0,24,0,25,0,26,0,27,0,28,0,29,0,30
"BRCC3",NA,0,1,0,2,0,3,0,4,0,5,0,6,0,7,0,8,0,9,0,10,0,11,0,12,0,13,0,14,0,15,0,16,0,17,0,18,0,19,0,20,0,21,0,22,0,23,0,24,0,25,0,26,0,27,0,28,0,29,0,30
"DGKI",NA,0,1,0,2,0,3,0,4,0,5,0,6,0,7,0,8,0,9,0,10,0,11,0,12,0,13,0,14,0,15,0,16,0,17,0,18,0,19,0,20,0,21,0,22,0,23,0,24,0,25,0,26,0,27,0,28,0,29,0,30
"NOB1",NA,0,1,0,2,0,3,0,4,0,5,0,6,0,7,0,8,0,9,0,10,0,11,0,12,0,13,0,14,0,15,0,16,0,17,0,18,0,19,0,20,0,21,0,22,0,23,0,24,0,25,0,26,0,27,0,28,0,29,0,30
"SLC35B4",NA,0,1,0,2,0,3,0,4,0,5,0,6,0,7,0,8,0,9,0,10,0,11,0,12,0,13,0,14,0,15,0,16,0,17,0,18,0,19,0,20,0,21,0,22,0,23,0,24,0,25,0,26,0,27,0,28,0,29,0,30
"CDK2AP2",NA,0,1,0,2,0,3,0,4,0,5,0,6,0,7,0,8,0,9,0,10,0,11,0,12,0,13,0,14,0,15,0,16,0,17,0,18,0,19,0,20,0,21,0,22,0,23,0,24,0,25,0,26,0,27,0,28,0,29,0,30
"UTP4",NA,0,1,0,2,0,3,0,4,0,5,0,6,0,7,0,8,0,9,0,10,0,11,0,12,0,13,0,14,0,15,0,16,0,17,0,18,0,19,0,20,0,21,0,22,0,23,0,24,0,25,0,26,0,27,0,28,0,29,0,30
"PHB",NA,0,1,0,2,0,3,0,4,0,5,0,6,0,7,0,8,0,9,0,10,0,11,0,12,0,13,0,14,0,15,0,16,0,17,0,18,0,19,0,20,0,21,0,22,0,23,0,24,0,25,0,26,0,27,0,28,0,29,0,30
"ZNF3",NA,0,1,0,2,0,3,0,4,0,5,0,6,0,7,0,8,0,9,0,10,0,11,0,12,0,13,0,14,0,15,0,16,0,17,0,18,0,19,0,20,0,21,0,22,0,23,0,24,0,25,0,26,0,27,0,28,0,29,0,30
"ATP5PB",NA,0,1,0,2,0,3,0,4,0,5,0,6,0,7,0,8,0,9,0,10,0,11,0,12,0,13,0,14,0,15,0,16,0,17,0,18,0,19,0,20,0,21,0,22,0,23,0,24,0,25,0,26,0,27,0,28,0,29,0,30
"EIF3G",NA,0,1,0,2,0,3,0,4,0,5,0,6,0,7,0,8,0,9,0,10,0,11,0,12,0,13,0,14,0,15,0,16,0,17,0,18,0,19,0,20,0,21,0,22,0,23,0,24,0,25,0,26,0,27,0,28,0,29,0,30
"MANBA",NA,0,1,0,2,0,3,0,4,0,5,0,6,0,7,0,8,0,9,0,10,0,11,0,12,0,13,0,14,0,15,0,16,0,17,0,18,0,19,0,20,0,21,0,22,0,23,0,24,0,25,0,26,0,27,0,28,0,29,0,30
"RNGTT",NA,0,1,0,2,0,3,0,4,0,5,0,6,0,7,0,8,0,9,0,10,0,11,0,12,0,13,0,14,0,15,0,16,0,17,0,18,0,19,0,20,0,21,0,22,0,23,0,24,0,25,0,26,0,27,0,28,0,29,0,30
"INTS9",NA,0,1,0,2,0,3,0,4,0,5,0,6,0,7,0,8,0,9,0,10,0,11,0,12,0,13,0,14,0,15,0,16,0,17,0,18,0,19,0,20,0,21,0,22,0,23,0,24,0,25,0,26,0,27,0,28,0,29,0,30
"TMSB10",NA,0,1,0,2,0,3,0,4,0,5,0,6,0,7,0,8,0,9,0,10,0,11,0,12,0,13,0,14,0,15,0,16,0,17,0,18,0,19,0,20,0,21,0,22,0,23,0,24,0,25,0,26,0,27,0,28,0,29,0,30
"USP14",NA,0,1,0,2,0,3,0,4,0,5,0,6,0,7,0,8,0,9,0,10,0,11,0,12,0,13,0,14,0,15,0,16,0,17,0,18,0,19,0,20,0,21,0,22,0,23,0,24,0,25,0,26,0,27,0,28,0,29,0,30
"ACACA",NA,0,1,0,2,0,3,0,4,0,5,0,6,0,7,0,8,0,9,0,10,0,11,0,12,0,13,0,14,0,15,0,16,0,17,0,18,0,19,0,20,0,21,0,22,0,23,0,24,0,25,0,26,0,27,0,28,0,29,0,30
"PRPF6",NA,0,1,0,2,0,3,0,4,0,5,0,6,0,7,0,8,0,9,0,10,0,11,0,12,0,13,0,14,0,15,0,16,0,17,0,18,0,19,0,20,0,21,0,22,0,23,0,24,0,25,0,26,0,27,0,28,0,29,0,30
"PRPF38A",NA,0,1,0,2,0,3,0,4,0,5,0,6,0,7,0,8,0,9,0,10,0,11,0,12,0,13,0,14,0,15,0,16,0,17,0,18,0,19,0,20,0,21,0,22,0,23,0,24,0,25,0,26,0,27,0,28,0,29,0,30
"PIK3R1",NA,0,1,0,2,0,3,0,4,0,5,0,6,0,7,0,8,0,9,0,10,0,11,0,12,0,13,0,14,0,15,0,16,0,17,0,18,0,19,0,20,0,21,0,22,0,23,0,24,0,25,0,26,0,27,0,28,0,29,0,30
"DRG1",NA,0,1,0,2,0,3,0,4,0,5,0,6,0,7,0,8,0,9,0,10,0,11,0,12,0,13,0,14,0,15,0,16,0,17,0,18,0,19,0,20,0,21,0,22,0,23,0,24,0,25,0,26,0,27,0,28,0,29,0,30
"DDX54",NA,0,1,0,2,0,3,0,4,0,5,0,6,0,7,0,8,0,9,0,10,0,11,0,12,0,13,0,14,0,15,0,16,0,17,0,18,0,19,0,20,0,21,0,22,0,23,0,24,0,25,0,26,0,27,0,28,0,29,0,30
"SAP30L",NA,0,1,0,2,0,3,0,4,0,5,0,6,0,7,0,8,0,9,0,10,0,11,0,12,0,13,0,14,0,15,0,16,0,17,0,18,0,19,0,20,0,21,0,22,0,23,0,24,0,25,0,26,0,27,0,28,0,29,0,30
"SCMH1",NA,0,1,0,2,0,3,0,4,0,5,0,6,0,7,0,8,0,9,0,10,0,11,0,12,0,13,0,14,0,15,0,16,0,17,0,18,0,19,0,20,0,21,0,22,0,23,0,24,0,25,0,26,0,27,0,28,0,29,0,30
"PRKCSH",NA,0,1,0,2,0,3,0,4,0,5,0,6,0,7,0,8,0,9,0,10,0,11,0,12,0,13,0,14,0,15,0,16,0,17,0,18,0,19,0,20,0,21,0,22,0,23,0,24,0,25,0,26,0,27,0,28,0,29,0,30
"CRLF3",NA,-0.103800432597321,1,-0.0922123424198328,2,-0.103860144800617,3,-0.103860144800617,4,-0.102891744451672,5,-0.103800432597321,6,-0.102731563222197,7,-0.102841133579833,8,-0.103860144800617,9,-0.0975484653192564,10,-0.102841133579833,11,-0.0922123424198328,12,-0.103403052975757,13,-0.102731563222197,14,-0.0922123424198328,15,-0.0954588786348826,16,-0.103860144800617,17,-0.102841133579833,18,-0.103860144800617,19,-0.102891744451672,20,-0.102731563222197,21,-0.103403052975757,22,-0.102891744451672,23,-0.102841133579833,24,-0.102891744451672,25,-0.102891744451672,26,-0.102841133579833,27,-0.102891744451672,28,-0.103800432597321,29,-0.103860144800617,30
"NARS",NA,0,1,0,2,0,3,0,4,0,5,0,6,0,7,0,8,0,9,0,10,0,11,0,12,0,13,0,14,0,15,0,16,0,17,0,18,0,19,0,20,0,21,0,22,0,23,0,24,0,25,0,26,0,27,0,28,0,29,0,30
"SLC12A4",NA,0,1,0,2,0,3,0,4,0,5,0,6,0,7,0,8,0,9,0,10,0,11,0,12,0,13,0,14,0,15,0,16,0,17,0,18,0,19,0,20,0,21,0,22,0,23,0,24,0,25,0,26,0,27,0,28,0,29,0,30
"EXOSC10",NA,0,1,0,2,0,3,0,4,0,5,0,6,0,7,0,8,0,9,0,10,0,11,0,12,0,13,0,14,0,15,0,16,0,17,0,18,0,19,0,20,0,21,0,22,0,23,0,24,0,25,0,26,0,27,0,28,0,29,0,30
"TECR",NA,0,1,0,2,0,3,0,4,0,5,0,6,0,7,0,8,0,9,0,10,0,11,0,12,0,13,0,14,0,15,0,16,0,17,0,18,0,19,0,20,0,21,0,22,0,23,0,24,0,25,0,26,0,27,0,28,0,29,0,30
"RPRD2",NA,0,1,0,2,0,3,0,4,0,5,0,6,0,7,0,8,0,9,0,10,0,11,0,12,0,13,0,14,0,15,0,16,0,17,0,18,0,19,0,20,0,21,0,22,0,23,0,24,0,25,0,26,0,27,0,28,0,29,0,30
"EIF3D",NA,0,1,0,2,0,3,0,4,0,5,0,6,0,7,0,8,0,9,0,10,0,11,0,12,0,13,0,14,0,15,0,16,0,17,0,18,0,19,0,20,0,21,0,22,0,23,0,24,0,25,0,26,0,27,0,28,0,29,0,30
"PRPS2",NA,0,1,0,2,0,3,0,4,0,5,0,6,-0.00315784450432326,7,0,8,0,9,-0.0154837552753681,10,0,11,0,12,0,13,-0.00315784450432326,14,0,15,0,16,0,17,0,18,0,19,0,20,-0.00315784450432326,21,0,22,0,23,0,24,0,25,0,26,0,27,0,28,0,29,0,30
"ABT1",NA,0,1,0,2,0,3,0,4,0,5,0,6,0,7,0,8,0,9,0,10,0,11,0,12,0,13,0,14,0,15,0,16,0,17,0,18,0,19,0,20,0,21,0,22,0,23,0,24,0,25,0,26,0,27,0,28,0,29,0,30
"ASPSCR1",NA,0,1,0,2,0,3,0,4,0,5,0,6,0,7,0,8,0,9,0,10,0,11,0,12,0,13,0,14,0,15,0,16,0,17,0,18,0,19,0,20,0,21,0,22,0,23,0,24,0,25,0,26,0,27,0,28,0,29,0,30
"LZIC",NA,0,1,0,2,0,3,0,4,0,5,0,6,0,7,0,8,0,9,0,10,0,11,0,12,0,13,0,14,0,15,0,16,0,17,0,18,0,19,0,20,0,21,0,22,0,23,0,24,0,25,0,26,0,27,0,28,0,29,0,30
"VAMP2",NA,-0.0626723188777706,1,-0.0109295681979891,2,-0.0556121792424524,3,-0.0556121792424524,4,-0.0655070699460695,5,-0.0626723188777706,6,-0.0678841950076508,7,-0.0319555502162452,8,-0.0556121792424524,9,-0.0819160540648179,10,-0.0319555502162452,11,-0.0109295681979891,12,-0.0449090527824713,13,-0.0678841950076508,14,-0.0109295681979891,15,-0.0161000059930944,16,-0.0556121792424524,17,-0.0319555502162452,18,-0.0556121792424524,19,-0.0655070699460695,20,-0.0678841950076508,21,-0.0449090527824713,22,-0.0655070699460695,23,-0.0319555502162452,24,-0.0655070699460695,25,-0.0655070699460695,26,-0.0319555502162452,27,-0.0655070699460695,28,-0.0626723188777706,29,-0.0556121792424524,30
"CDC5L",NA,0,1,0,2,0,3,0,4,0,5,0,6,0,7,0,8,0,9,0,10,0,11,0,12,0,13,0,14,0,15,0,16,0,17,0,18,0,19,0,20,0,21,0,22,0,23,0,24,0,25,0,26,0,27,0,28,0,29,0,30
"MDH2",NA,0,1,0,2,0,3,0,4,0,5,0,6,0,7,0,8,0,9,0,10,0,11,0,12,0,13,0,14,0,15,0,16,0,17,0,18,0,19,0,20,0,21,0,22,0,23,0,24,0,25,0,26,0,27,0,28,0,29,0,30
"PRKAG1",NA,0.0606387541038548,1,0.0546993373778551,2,0.057871449757029,3,0.057871449757029,4,0.0595163002081462,5,0.0606387541038548,6,0.0586259943717397,7,0.047175029062598,8,0.057871449757029,9,0.0527793748586107,10,0.047175029062598,11,0.0546993373778551,12,0.0526077686540096,13,0.0586259943717397,14,0.0546993373778551,15,0.0448987946620395,16,0.057871449757029,17,0.047175029062598,18,0.057871449757029,19,0.0595163002081462,20,0.0586259943717397,21,0.0526077686540096,22,0.0595163002081462,23,0.047175029062598,24,0.0595163002081462,25,0.0595163002081462,26,0.047175029062598,27,0.0595163002081462,28,0.0606387541038548,29,0.057871449757029,30
"CSTF1",NA,0,1,0,2,0,3,0,4,0,5,0,6,0,7,0,8,0,9,0,10,0,11,0,12,0,13,0,14,0,15,0,16,0,17,0,18,0,19,0,20,0,21,0,22,0,23,0,24,0,25,0,26,0,27,0,28,0,29,0,30
"METAP1",NA,0,1,0,2,0,3,0,4,0,5,0,6,0,7,0,8,0,9,0,10,0,11,0,12,0,13,0,14,0,15,0,16,0,17,0,18,0,19,0,20,0,21,0,22,0,23,0,24,0,25,0,26,0,27,0,28,0,29,0,30
"CLASRP",NA,0.0200822938456282,1,0,2,0.0164552151552885,3,0.0164552151552885,4,0.0248646403499026,5,0.0200822938456282,6,0.0301137869076481,7,0.00477089436255979,8,0.0164552151552885,9,0.0569362810182757,10,0.00477089436255979,11,0,12,0.0108567813970487,13,0.0301137869076481,14,0,15,0,16,0.0164552151552885,17,0.00477089436255979,18,0.0164552151552885,19,0.0248646403499026,20,0.0301137869076481,21,0.0108567813970487,22,0.0248646403499026,23,0.00477089436255979,24,0.0248646403499026,25,0.0248646403499026,26,0.00477089436255979,27,0.0248646403499026,28,0.0200822938456282,29,0.0164552151552885,30
"DHDDS",NA,0,1,0,2,0,3,0,4,0,5,0,6,0,7,0,8,0,9,0,10,0,11,0,12,0,13,0,14,0,15,0,16,0,17,0,18,0,19,0,20,0,21,0,22,0,23,0,24,0,25,0,26,0,27,0,28,0,29,0,30
"ELAVL1",NA,0,1,0,2,0,3,0,4,0,5,0,6,0,7,0,8,0,9,0,10,0,11,0,12,0,13,0,14,0,15,0,16,0,17,0,18,0,19,0,20,0,21,0,22,0,23,0,24,0,25,0,26,0,27,0,28,0,29,0,30
"MRPL49",NA,0,1,0,2,0,3,0,4,0,5,0,6,0,7,0,8,0,9,0,10,0,11,0,12,0,13,0,14,0,15,0,16,0,17,0,18,0,19,0,20,0,21,0,22,0,23,0,24,0,25,0,26,0,27,0,28,0,29,0,30
"FBXL12",NA,0,1,0,2,0,3,0,4,0,5,0,6,0,7,0,8,0,9,0,10,0,11,0,12,0,13,0,14,0,15,0,16,0,17,0,18,0,19,0,20,0,21,0,22,0,23,0,24,0,25,0,26,0,27,0,28,0,29,0,30
"PPP2R1A",NA,0,1,0,2,0,3,0,4,0,5,0,6,0,7,0,8,0,9,0,10,0,11,0,12,0,13,0,14,0,15,0,16,0,17,0,18,0,19,0,20,0,21,0,22,0,23,0,24,0,25,0,26,0,27,0,28,0,29,0,30
"HNRNPM",NA,0,1,0,2,0,3,0,4,0,5,0,6,0,7,0,8,0,9,0,10,0,11,0,12,0,13,0,14,0,15,0,16,0,17,0,18,0,19,0,20,0,21,0,22,0,23,0,24,0,25,0,26,0,27,0,28,0,29,0,30
"OR51A7",NA,0,1,0,2,0,3,0,4,0,5,0,6,0,7,0,8,0,9,0,10,0,11,0,12,0,13,0,14,0,15,0,16,0,17,0,18,0,19,0,20,0,21,0,22,0,23,0,24,0,25,0,26,0,27,0,28,0,29,0,30
"DLG1",NA,0,1,0,2,0,3,0,4,0,5,0,6,0,7,0,8,0,9,0,10,0,11,0,12,0,13,0,14,0,15,0,16,0,17,0,18,0,19,0,20,0,21,0,22,0,23,0,24,0,25,0,26,0,27,0,28,0,29,0,30
"YTHDF2",NA,-0.137984784421211,1,-0.0834345164262705,2,-0.133625841898612,3,-0.133625841898612,4,-0.137708910883919,5,-0.137984784421211,6,-0.137000057126101,7,-0.116524246334814,8,-0.133625841898612,9,-0.134912530720413,10,-0.116524246334814,11,-0.0834345164262705,12,-0.125698820523867,13,-0.137000057126101,14,-0.0834345164262705,15,-0.103283288985411,16,-0.133625841898612,17,-0.116524246334814,18,-0.133625841898612,19,-0.137708910883919,20,-0.137000057126101,21,-0.125698820523867,22,-0.137708910883919,23,-0.116524246334814,24,-0.137708910883919,25,-0.137708910883919,26,-0.116524246334814,27,-0.137708910883919,28,-0.137984784421211,29,-0.133625841898612,30
"KHDRBS1",NA,0,1,0,2,0,3,0,4,0,5,0,6,0,7,0,8,0,9,0,10,0,11,0,12,0,13,0,14,0,15,0,16,0,17,0,18,0,19,0,20,0,21,0,22,0,23,0,24,0,25,0,26,0,27,0,28,0,29,0,30
"VPS11",NA,0,1,0,2,0,3,0,4,0,5,0,6,0,7,0,8,0,9,0,10,0,11,0,12,0,13,0,14,0,15,0,16,0,17,0,18,0,19,0,20,0,21,0,22,0,23,0,24,0,25,0,26,0,27,0,28,0,29,0,30
"PAICS",NA,-0.0417132264490898,1,0,2,-0.033102183233257,3,-0.033102183233257,4,-0.0465517904198479,5,-0.0417132264490898,6,-0.050433927423198,7,-0.00801105165375617,8,-0.033102183233257,9,-0.0626316135094292,10,-0.00801105165375617,11,0,12,-0.0211847707253673,13,-0.050433927423198,14,0,15,0,16,-0.033102183233257,17,-0.00801105165375617,18,-0.033102183233257,19,-0.0465517904198479,20,-0.050433927423198,21,-0.0211847707253673,22,-0.0465517904198479,23,-0.00801105165375617,24,-0.0465517904198479,25,-0.0465517904198479,26,-0.00801105165375617,27,-0.0465517904198479,28,-0.0417132264490898,29,-0.033102183233257,30
"SARS",NA,0,1,0,2,0,3,0,4,0,5,0,6,0,7,0,8,0,9,0,10,0,11,0,12,0,13,0,14,0,15,0,16,0,17,0,18,0,19,0,20,0,21,0,22,0,23,0,24,0,25,0,26,0,27,0,28,0,29,0,30
"LRRC41",NA,-0.00662372024266905,1,0,2,-0.00243806994891334,3,-0.00243806994891334,4,-0.00824367373248974,5,-0.00662372024266905,6,-0.00894578054665394,7,0,8,-0.00243806994891334,9,-0.0103661995693171,10,0,11,0,12,0,13,-0.00894578054665394,14,0,15,0,16,-0.00243806994891334,17,0,18,-0.00243806994891334,19,-0.00824367373248974,20,-0.00894578054665394,21,0,22,-0.00824367373248974,23,0,24,-0.00824367373248974,25,-0.00824367373248974,26,0,27,-0.00824367373248974,28,-0.00662372024266905,29,-0.00243806994891334,30
"MED1",NA,0,1,0,2,0,3,0,4,0,5,0,6,0,7,0,8,0,9,0,10,0,11,0,12,0,13,0,14,0,15,0,16,0,17,0,18,0,19,0,20,0,21,0,22,0,23,0,24,0,25,0,26,0,27,0,28,0,29,0,30
"GGNBP2",NA,0,1,0,2,0,3,0,4,0,5,0,6,0,7,0,8,0,9,0,10,0,11,0,12,0,13,0,14,0,15,0,16,0,17,0,18,0,19,0,20,0,21,0,22,0,23,0,24,0,25,0,26,0,27,0,28,0,29,0,30
"COPS6",NA,0,1,0,2,0,3,0,4,0,5,0,6,0,7,0,8,0,9,0,10,0,11,0,12,0,13,0,14,0,15,0,16,0,17,0,18,0,19,0,20,0,21,0,22,0,23,0,24,0,25,0,26,0,27,0,28,0,29,0,30
"SMPX",NA,0,1,0,2,0,3,0,4,0,5,0,6,0,7,0,8,0,9,0,10,0,11,0,12,0,13,0,14,0,15,0,16,0,17,0,18,0,19,0,20,0,21,0,22,0,23,0,24,0,25,0,26,0,27,0,28,0,29,0,30
"ACBD3",NA,0,1,0,2,0,3,0,4,0,5,0,6,0,7,0,8,0,9,0,10,0,11,0,12,0,13,0,14,0,15,0,16,0,17,0,18,0,19,0,20,0,21,0,22,0,23,0,24,0,25,0,26,0,27,0,28,0,29,0,30
"AAR2",NA,0,1,0,2,0,3,0,4,0,5,0,6,0,7,0,8,0,9,0,10,0,11,0,12,0,13,0,14,0,15,0,16,0,17,0,18,0,19,0,20,0,21,0,22,0,23,0,24,0,25,0,26,0,27,0,28,0,29,0,30
"AQR",NA,0,1,0,2,0,3,0,4,0,5,0,6,0,7,0,8,0,9,0,10,0,11,0,12,0,13,0,14,0,15,0,16,0,17,0,18,0,19,0,20,0,21,0,22,0,23,0,24,0,25,0,26,0,27,0,28,0,29,0,30
"GMEB1",NA,0,1,0,2,0,3,0,4,0,5,0,6,0,7,0,8,0,9,0,10,0,11,0,12,0,13,0,14,0,15,0,16,0,17,0,18,0,19,0,20,0,21,0,22,0,23,0,24,0,25,0,26,0,27,0,28,0,29,0,30
"PPIB",NA,0,1,0,2,0,3,0,4,0,5,0,6,0,7,0,8,0,9,0,10,0,11,0,12,0,13,0,14,0,15,0,16,0,17,0,18,0,19,0,20,0,21,0,22,0,23,0,24,0,25,0,26,0,27,0,28,0,29,0,30
"GOLGA7",NA,0.248017563262945,1,0.328738682773471,2,0.262537726868784,3,0.262537726868784,4,0.240058465268273,5,0.248017563262945,6,0.233220189396975,7,0.285753750909573,8,0.262537726868784,9,0.202508285289771,10,0.285753750909573,11,0.328738682773471,12,0.274828481243832,13,0.233220189396975,14,0.328738682773471,15,0.295285168158689,16,0.262537726868784,17,0.285753750909573,18,0.262537726868784,19,0.240058465268273,20,0.233220189396975,21,0.274828481243832,22,0.240058465268273,23,0.285753750909573,24,0.240058465268273,25,0.240058465268273,26,0.285753750909573,27,0.240058465268273,28,0.248017563262945,29,0.262537726868784,30
"G3BP2",NA,0,1,0,2,0,3,0,4,0,5,0,6,0,7,0,8,0,9,0,10,0,11,0,12,0,13,0,14,0,15,0,16,0,17,0,18,0,19,0,20,0,21,0,22,0,23,0,24,0,25,0,26,0,27,0,28,0,29,0,30
"TERF2",NA,0,1,0,2,0,3,0,4,0,5,0,6,0,7,0,8,0,9,0,10,0,11,0,12,0,13,0,14,0,15,0,16,0,17,0,18,0,19,0,20,0,21,0,22,0,23,0,24,0,25,0,26,0,27,0,28,0,29,0,30
"MIR3117",NA,0.0963638766928894,1,0.14216693396832,2,0.100039885661153,3,0.100039885661153,4,0.0951596203149335,5,0.0963638766928894,6,0.0943461591043922,7,0.109892108493089,8,0.100039885661153,9,0.0887088590347474,10,0.109892108493089,11,0.14216693396832,12,0.10479148855616,13,0.0943461591043922,14,0.14216693396832,15,0.118340189853252,16,0.100039885661153,17,0.109892108493089,18,0.100039885661153,19,0.0951596203149335,20,0.0943461591043922,21,0.10479148855616,22,0.0951596203149335,23,0.109892108493089,24,0.0951596203149335,25,0.0951596203149335,26,0.109892108493089,27,0.0951596203149335,28,0.0963638766928894,29,0.100039885661153,30
"GLYR1",NA,-0.481914413919397,1,-0.885738596747983,2,-0.534460720519904,3,-0.534460720519904,4,-0.44136147503755,5,-0.481914413919397,6,-0.401571483708178,7,-0.676546583852041,8,-0.534460720519904,9,-0.249922985708807,10,-0.676546583852041,11,-0.885738596747983,12,-0.602087615186615,13,-0.401571483708178,14,-0.885738596747983,15,-0.770146396200335,16,-0.534460720519904,17,-0.676546583852041,18,-0.534460720519904,19,-0.44136147503755,20,-0.401571483708178,21,-0.602087615186615,22,-0.44136147503755,23,-0.676546583852041,24,-0.44136147503755,25,-0.44136147503755,26,-0.676546583852041,27,-0.44136147503755,28,-0.481914413919397,29,-0.534460720519904,30
"MED13",NA,0,1,0,2,0,3,0,4,0,5,0,6,0,7,0,8,0,9,0,10,0,11,0,12,0,13,0,14,0,15,0,16,0,17,0,18,0,19,0,20,0,21,0,22,0,23,0,24,0,25,0,26,0,27,0,28,0,29,0,30
