"","pred_SCAD","y.test","p","kcross","y.test","p","kcross","y.test","p","kcross","y.test","p","kcross","y.test","p","kcross","y.test","p","kcross","y.test","p","kcross","y.test","p","kcross","y.test","p","kcross","y.test","p","kcross","y.test","p","kcross","y.test","p","kcross","y.test","p","kcross","y.test","p","kcross","y.test","p","kcross","y.test","p","kcross","y.test","p","kcross","y.test","p","kcross","y.test","p","kcross","y.test","p","kcross","y.test","p","kcross","y.test","p","kcross","y.test","p","kcross","y.test","p","kcross","y.test","p","kcross","y.test","p","kcross","y.test","p","kcross","y.test","p","kcross","y.test","p","kcross","y.test","p","kcross"
"GSM1437801",NA,0,0.215386180796045,1,0,0.158599486655092,2,0,0.205276717000474,3,0,0.205276717000474,4,0,0.214826284310231,5,0,0.215386180796045,6,0,0.214545824182414,7,0,0.181016297631918,8,0,0.205276717000474,9,0,0.224838755351058,10,0,0.181016297631918,11,0,0.158599486655092,12,0,0.193344845322434,13,0,0.214545824182414,14,0,0.158599486655092,15,0,0.169466073049361,16,0,0.205276717000474,17,0,0.181016297631918,18,0,0.205276717000474,19,0,0.214826284310231,20,0,0.214545824182414,21,0,0.193344845322434,22,0,0.214826284310231,23,0,0.181016297631918,24,0,0.214826284310231,25,0,0.214826284310231,26,0,0.181016297631918,27,0,0.214826284310231,28,0,0.215386180796045,29,0,0.205276717000474,30
"GSM1437802",NA,0,0.11638960500633,1,0,0.0667801301137667,2,0,0.108156069493555,3,0,0.108156069493555,4,0,0.118989582672155,5,0,0.11638960500633,6,0,0.12156466883254,7,0,0.0913388048256824,8,0,0.108156069493555,9,0,0.139770773872882,10,0,0.0913388048256824,11,0,0.0667801301137667,12,0,0.0992655721074879,13,0,0.12156466883254,14,0,0.0667801301137667,15,0,0.0819428628443971,16,0,0.108156069493555,17,0,0.0913388048256824,18,0,0.108156069493555,19,0,0.118989582672155,20,0,0.12156466883254,21,0,0.0992655721074879,22,0,0.118989582672155,23,0,0.0913388048256824,24,0,0.118989582672155,25,0,0.118989582672155,26,0,0.0913388048256824,27,0,0.118989582672155,28,0,0.11638960500633,29,0,0.108156069493555,30
"GSM1437803",NA,0,0.0209458460034393,1,0,0.0071194478230972,2,0,0.0180553986321807,3,0,0.0180553986321807,4,0,0.0240566290292531,5,0,0.0209458460034393,6,0,0.027520463855112,7,0,0.0129300922740544,8,0,0.0180553986321807,9,0,0.047331707488585,10,0,0.0129300922740544,11,0,0.0071194478230972,12,0,0.015378199265727,13,0,0.027520463855112,14,0,0.0071194478230972,15,0,0.0102950298344762,16,0,0.0180553986321807,17,0,0.0129300922740544,18,0,0.0180553986321807,19,0,0.0240566290292531,20,0,0.027520463855112,21,0,0.015378199265727,22,0,0.0240566290292531,23,0,0.0129300922740544,24,0,0.0240566290292531,25,0,0.0240566290292531,26,0,0.0129300922740544,27,0,0.0240566290292531,28,0,0.0209458460034393,29,0,0.0180553986321807,30
"GSM1437805",NA,0,0.581149893273089,1,0,0.727384679538066,2,0,0.600100504005247,3,0,0.600100504005247,4,0,0.563986716225689,5,0,0.581149893273089,6,0,0.546377362408831,7,0,0.663155491137926,8,0,0.600100504005247,9,0,0.468197468153833,10,0,0.663155491137926,11,0,0.727384679538066,12,0,0.629255430608603,13,0,0.546377362408831,14,0,0.727384679538066,15,0,0.696112633717083,16,0,0.600100504005247,17,0,0.663155491137926,18,0,0.600100504005247,19,0,0.563986716225689,20,0,0.546377362408831,21,0,0.629255430608603,22,0,0.563986716225689,23,0,0.663155491137926,24,0,0.563986716225689,25,0,0.563986716225689,26,0,0.663155491137926,27,0,0.563986716225689,28,0,0.581149893273089,29,0,0.600100504005247,30
"GSM1437806",NA,0,0.656341654968317,1,0,0.770729723581931,2,0,0.676388818519883,3,0,0.676388818519883,4,0,0.636379521437257,5,0,0.656341654968317,6,0,0.618909196608308,7,0,0.719769380741825,8,0,0.676388818519883,9,0,0.543558857662552,10,0,0.719769380741825,11,0,0.770729723581931,12,0,0.697438268029352,13,0,0.618909196608308,14,0,0.770729723581931,15,0,0.742970088492644,16,0,0.676388818519883,17,0,0.719769380741825,18,0,0.676388818519883,19,0,0.636379521437257,20,0,0.618909196608308,21,0,0.697438268029352,22,0,0.636379521437257,23,0,0.719769380741825,24,0,0.636379521437257,25,0,0.636379521437257,26,0,0.719769380741825,27,0,0.636379521437257,28,0,0.656341654968317,29,0,0.676388818519883,30
"GSM1437808",NA,0,0.0871808857455676,1,0,0.0514956903551201,2,0,0.0805513007657708,3,0,0.0805513007657708,4,0,0.094722307320402,5,0,0.0871808857455676,6,0,0.10282303342453,7,0,0.0665858100709236,8,0,0.0805513007657708,9,0,0.143220181735869,10,0,0.0665858100709236,11,0,0.0514956903551201,12,0,0.0738099090824294,13,0,0.10282303342453,14,0,0.0514956903551201,15,0,0.06078120151135,16,0,0.0805513007657708,17,0,0.0665858100709236,18,0,0.0805513007657708,19,0,0.094722307320402,20,0,0.10282303342453,21,0,0.0738099090824294,22,0,0.094722307320402,23,0,0.0665858100709236,24,0,0.094722307320402,25,0,0.094722307320402,26,0,0.0665858100709236,27,0,0.094722307320402,28,0,0.0871808857455676,29,0,0.0805513007657708,30
"GSM1437810",NA,1,0.468577717775535,1,1,0.546493871747803,2,1,0.483011061643154,3,1,0.483011061643154,4,1,0.45370350143465,5,1,0.468577717775535,6,1,0.438066209842313,7,1,0.510765075593331,8,1,0.483011061643154,9,1,0.387539403669531,10,1,0.510765075593331,11,1,0.546493871747803,12,1,0.497799153867874,13,1,0.438066209842313,14,1,0.546493871747803,15,1,0.523759374691137,16,1,0.483011061643154,17,1,0.510765075593331,18,1,0.483011061643154,19,1,0.45370350143465,20,1,0.438066209842313,21,1,0.497799153867874,22,1,0.45370350143465,23,1,0.510765075593331,24,1,0.45370350143465,25,1,0.45370350143465,26,1,0.510765075593331,27,1,0.45370350143465,28,1,0.468577717775535,29,1,0.483011061643154,30
"GSM1437816",NA,0,0.0909696814924373,1,0,0.0583157466759449,2,0,0.0845970797874838,3,0,0.0845970797874838,4,0,0.09688659689588,5,0,0.0909696814924373,6,0,0.10277937721892,7,0,0.0718066712412775,8,0,0.0845970797874838,9,0,0.127873658276557,10,0,0.0718066712412775,11,0,0.0583157466759449,12,0,0.0782080221936757,13,0,0.10277937721892,14,0,0.0583157466759449,15,0,0.0657385773241515,16,0,0.0845970797874838,17,0,0.0718066712412775,18,0,0.0845970797874838,19,0,0.09688659689588,20,0,0.10277937721892,21,0,0.0782080221936757,22,0,0.09688659689588,23,0,0.0718066712412775,24,0,0.09688659689588,25,0,0.09688659689588,26,0,0.0718066712412775,27,0,0.09688659689588,28,0,0.0909696814924373,29,0,0.0845970797874838,30
"GSM1437817",NA,0,0.352866389195328,1,0,0.145869491084765,2,0,0.330656141800749,3,0,0.330656141800749,4,0,0.350900733698273,5,0,0.352866389195328,6,0,0.349160711572768,7,0,0.2422348595527,8,0,0.330656141800749,9,0,0.339816405647847,10,0,0.2422348595527,11,0,0.145869491084765,12,0,0.286748414722326,13,0,0.349160711572768,14,0,0.145869491084765,15,0,0.199343999343196,16,0,0.330656141800749,17,0,0.2422348595527,18,0,0.330656141800749,19,0,0.350900733698273,20,0,0.349160711572768,21,0,0.286748414722326,22,0,0.350900733698273,23,0,0.2422348595527,24,0,0.350900733698273,25,0,0.350900733698273,26,0,0.2422348595527,27,0,0.350900733698273,28,0,0.352866389195328,29,0,0.330656141800749,30
"GSM1437819",NA,0,0.304160821348328,1,0,0.314975436592111,2,0,0.304960165131938,3,0,0.304960165131938,4,0,0.302825496990025,5,0,0.304160821348328,6,0,0.301803878643977,7,0,0.30999462510584,8,0,0.304960165131938,9,0,0.289664574551504,10,0,0.30999462510584,11,0,0.314975436592111,12,0,0.307570984793925,13,0,0.301803878643977,14,0,0.314975436592111,15,0,0.307889071501711,16,0,0.304960165131938,17,0,0.30999462510584,18,0,0.304960165131938,19,0,0.302825496990025,20,0,0.301803878643977,21,0,0.307570984793925,22,0,0.302825496990025,23,0,0.30999462510584,24,0,0.302825496990025,25,0,0.302825496990025,26,0,0.30999462510584,27,0,0.302825496990025,28,0,0.304160821348328,29,0,0.304960165131938,30
"GSM1437820",NA,0,0.161400020313092,1,0,0.105354671264188,2,0,0.156032515202207,3,0,0.156032515202207,4,0,0.161999670245827,5,0,0.161400020313092,6,0,0.161930835735168,7,0,0.134769219957525,8,0,0.156032515202207,9,0,0.158924076729808,10,0,0.134769219957525,11,0,0.105354671264188,12,0,0.14617793019428,13,0,0.161930835735168,14,0,0.105354671264188,15,0,0.121841951094722,16,0,0.156032515202207,17,0,0.134769219957525,18,0,0.156032515202207,19,0,0.161999670245827,20,0,0.161930835735168,21,0,0.14617793019428,22,0,0.161999670245827,23,0,0.134769219957525,24,0,0.161999670245827,25,0,0.161999670245827,26,0,0.134769219957525,27,0,0.161999670245827,28,0,0.161400020313092,29,0,0.156032515202207,30
"GSM1437824",NA,0,0.225446768921088,1,0,0.251895669634977,2,0,0.227778320856902,3,0,0.227778320856902,4,0,0.224624337439085,5,0,0.225446768921088,6,0,0.223855079729407,7,0,0.2421365589056,8,0,0.227778320856902,9,0,0.225061323577718,10,0,0.2421365589056,11,0,0.251895669634977,12,0,0.234461839219954,13,0,0.223855079729407,14,0,0.251895669634977,15,0,0.252763019440788,16,0,0.227778320856902,17,0,0.2421365589056,18,0,0.227778320856902,19,0,0.224624337439085,20,0,0.223855079729407,21,0,0.234461839219954,22,0,0.224624337439085,23,0,0.2421365589056,24,0,0.224624337439085,25,0,0.224624337439085,26,0,0.2421365589056,27,0,0.224624337439085,28,0,0.225446768921088,29,0,0.227778320856902,30
"GSM1437828",NA,0,0.0811424713056275,1,0,0.114629123253156,2,0,0.0817269224914284,3,0,0.0817269224914284,4,0,0.0827965234908443,5,0,0.0811424713056275,6,0,0.0841187235956524,7,0,0.0889979281257851,8,0,0.0817269224914284,9,0,0.0868457343229029,10,0,0.0889979281257851,11,0,0.114629123253156,12,0,0.0849419111922841,13,0,0.0841187235956524,14,0,0.114629123253156,15,0,0.0977787048126265,16,0,0.0817269224914284,17,0,0.0889979281257851,18,0,0.0817269224914284,19,0,0.0827965234908443,20,0,0.0841187235956524,21,0,0.0849419111922841,22,0,0.0827965234908443,23,0,0.0889979281257851,24,0,0.0827965234908443,25,0,0.0827965234908443,26,0,0.0889979281257851,27,0,0.0827965234908443,28,0,0.0811424713056275,29,0,0.0817269224914284,30
"GSM1437836",NA,0,0.0247649265229977,1,0,0.0145656280501326,2,0,0.0226399794942454,3,0,0.0226399794942454,4,0,0.0270984542643614,5,0,0.0247649265229977,6,0,0.0296860022742725,7,0,0.018889347761457,8,0,0.0226399794942454,9,0,0.0423172347096487,10,0,0.018889347761457,11,0,0.0145656280501326,12,0,0.0208027839964371,13,0,0.0296860022742725,14,0,0.0145656280501326,15,0,0.0170196355782562,16,0,0.0226399794942454,17,0,0.018889347761457,18,0,0.0226399794942454,19,0,0.0270984542643614,20,0,0.0296860022742725,21,0,0.0208027839964371,22,0,0.0270984542643614,23,0,0.018889347761457,24,0,0.0270984542643614,25,0,0.0270984542643614,26,0,0.018889347761457,27,0,0.0270984542643614,28,0,0.0247649265229977,29,0,0.0226399794942454,30
"GSM1437844",NA,1,0.173193997701431,1,1,0.141854330985812,2,1,0.171536915067812,3,1,0.171536915067812,4,1,0.175780162626325,5,1,0.173193997701431,6,1,0.178950256726593,7,1,0.162249985153541,8,1,0.171536915067812,9,1,0.190434816849323,10,1,0.162249985153541,11,1,0.141854330985812,12,1,0.16770662530669,13,1,0.178950256726593,14,1,0.141854330985812,15,1,0.152986376009227,16,1,0.171536915067812,17,1,0.162249985153541,18,1,0.171536915067812,19,1,0.175780162626325,20,1,0.178950256726593,21,1,0.16770662530669,22,1,0.175780162626325,23,1,0.162249985153541,24,1,0.175780162626325,25,1,0.175780162626325,26,1,0.162249985153541,27,1,0.175780162626325,28,1,0.173193997701431,29,1,0.171536915067812,30
"GSM1437854",NA,0,0.0208936310512181,1,0,0.0117580494695369,2,0,0.0190466514902126,3,0,0.0190466514902126,4,0,0.0229942565471908,5,0,0.0208936310512181,6,0,0.0252528058419228,7,0,0.0157065318083044,8,0,0.0190466514902126,9,0,0.0359720130758611,10,0,0.0157065318083044,11,0,0.0117580494695369,12,0,0.0173695188215215,13,0,0.0252528058419228,14,0,0.0117580494695369,15,0,0.0141322445534291,16,0,0.0190466514902126,17,0,0.0157065318083044,18,0,0.0190466514902126,19,0,0.0229942565471908,20,0,0.0252528058419228,21,0,0.0173695188215215,22,0,0.0229942565471908,23,0,0.0157065318083044,24,0,0.0229942565471908,25,0,0.0229942565471908,26,0,0.0157065318083044,27,0,0.0229942565471908,28,0,0.0208936310512181,29,0,0.0190466514902126,30
"GSM1437855",NA,0,0.125938119904514,1,0,0.0843380752638158,2,0,0.117498059953284,3,0,0.117498059953284,4,0,0.132976909409179,5,0,0.125938119904514,6,0,0.140289391787651,7,0,0.102157895805181,8,0,0.117498059953284,9,0,0.174025086987387,10,0,0.102157895805181,11,0,0.0843380752638158,12,0,0.109443670570706,13,0,0.140289391787651,14,0,0.0843380752638158,15,0,0.0950226078440264,16,0,0.117498059953284,17,0,0.102157895805181,18,0,0.117498059953284,19,0,0.132976909409179,20,0,0.140289391787651,21,0,0.109443670570706,22,0,0.132976909409179,23,0,0.102157895805181,24,0,0.132976909409179,25,0,0.132976909409179,26,0,0.102157895805181,27,0,0.132976909409179,28,0,0.125938119904514,29,0,0.117498059953284,30
"GSM1437856",NA,1,0.160825195676299,1,1,0.147231031802893,2,1,0.15565913067774,3,1,0.15565913067774,4,1,0.164106089182721,5,1,0.160825195676299,6,1,0.166334075937892,7,1,0.145233784192503,8,1,0.15565913067774,9,1,0.168700570359005,10,1,0.145233784192503,11,1,0.147231031802893,12,1,0.150437593179015,13,1,0.166334075937892,14,1,0.147231031802893,15,1,0.140374433075671,16,1,0.15565913067774,17,1,0.145233784192503,18,1,0.15565913067774,19,1,0.164106089182721,20,1,0.166334075937892,21,1,0.150437593179015,22,1,0.164106089182721,23,1,0.145233784192503,24,1,0.164106089182721,25,1,0.164106089182721,26,1,0.145233784192503,27,1,0.164106089182721,28,1,0.160825195676299,29,1,0.15565913067774,30
"GSM1437861",NA,1,0.937847299858177,1,1,0.988624043355676,2,1,0.950636607992959,3,1,0.950636607992959,4,1,0.924318169106816,5,1,0.937847299858177,6,1,0.908056729796465,7,1,0.973243809170978,8,1,0.950636607992959,9,1,0.816187058230579,10,1,0.973243809170978,11,1,0.988624043355676,12,1,0.963048966377544,13,1,0.908056729796465,14,1,0.988624043355676,15,1,0.98160253055701,16,1,0.950636607992959,17,1,0.973243809170978,18,1,0.950636607992959,19,1,0.924318169106816,20,1,0.908056729796465,21,1,0.963048966377544,22,1,0.924318169106816,23,1,0.973243809170978,24,1,0.924318169106816,25,1,0.924318169106816,26,1,0.973243809170978,27,1,0.924318169106816,28,1,0.937847299858177,29,1,0.950636607992959,30
"GSM1437862",NA,0,0.067363991927431,1,0,0.0280156288181628,2,0,0.060305116571473,3,0,0.060305116571473,4,0,0.0730331782696077,5,0,0.067363991927431,6,0,0.0790380773415777,7,0,0.0440493405706945,8,0,0.060305116571473,9,0,0.10091700533246,10,0,0.0440493405706945,11,0,0.0280156288181628,12,0,0.0520463119577702,13,0,0.0790380773415777,14,0,0.0280156288181628,15,0,0.0363498437860592,16,0,0.060305116571473,17,0,0.0440493405706945,18,0,0.060305116571473,19,0,0.0730331782696077,20,0,0.0790380773415777,21,0,0.0520463119577702,22,0,0.0730331782696077,23,0,0.0440493405706945,24,0,0.0730331782696077,25,0,0.0730331782696077,26,0,0.0440493405706945,27,0,0.0730331782696077,28,0,0.067363991927431,29,0,0.060305116571473,30
"GSM1437873",NA,0,0.255188789411803,1,0,0.222726591457527,2,0,0.249632724639596,3,0,0.249632724639596,4,0,0.259830623844071,5,0,0.255188789411803,6,0,0.264563632672847,7,0,0.238581329658302,8,0,0.249632724639596,9,0,0.277681212240925,10,0,0.238581329658302,11,0,0.222726591457527,12,0,0.243820759464303,13,0,0.264563632672847,14,0,0.222726591457527,15,0,0.233616630356034,16,0,0.249632724639596,17,0,0.238581329658302,18,0,0.249632724639596,19,0,0.259830623844071,20,0,0.264563632672847,21,0,0.243820759464303,22,0,0.259830623844071,23,0,0.238581329658302,24,0,0.259830623844071,25,0,0.259830623844071,26,0,0.238581329658302,27,0,0.259830623844071,28,0,0.255188789411803,29,0,0.249632724639596,30
"GSM1437874",NA,0,0.0727240199955338,1,0,0.086474995829428,2,0,0.0731746175485015,3,0,0.0731746175485015,4,0,0.0730615308283168,5,0,0.0727240199955338,6,0,0.0732069090081147,7,0,0.0783229193888917,8,0,0.0731746175485015,9,0,0.072390552398213,10,0,0.0783229193888917,11,0,0.086474995829428,12,0,0.0753976032377237,13,0,0.0732069090081147,14,0,0.086474995829428,15,0,0.0848446239116743,16,0,0.0731746175485015,17,0,0.0783229193888917,18,0,0.0731746175485015,19,0,0.0730615308283168,20,0,0.0732069090081147,21,0,0.0753976032377237,22,0,0.0730615308283168,23,0,0.0783229193888917,24,0,0.0730615308283168,25,0,0.0730615308283168,26,0,0.0783229193888917,27,0,0.0730615308283168,28,0,0.0727240199955338,29,0,0.0731746175485015,30
"GSM1437876",NA,0,0.0885253100650234,1,0,0.0591735560318114,2,0,0.0842557282795358,3,0,0.0842557282795358,4,0,0.0919037513995654,5,0,0.0885253100650234,6,0,0.0954158800422725,7,0,0.0732146280562685,8,0,0.0842557282795358,9,0,0.109976241797126,10,0,0.0732146280562685,11,0,0.0591735560318114,12,0,0.0790940471924263,13,0,0.0954158800422725,14,0,0.0591735560318114,15,0,0.0673901511348718,16,0,0.0842557282795358,17,0,0.0732146280562685,18,0,0.0842557282795358,19,0,0.0919037513995654,20,0,0.0954158800422725,21,0,0.0790940471924263,22,0,0.0919037513995654,23,0,0.0732146280562685,24,0,0.0919037513995654,25,0,0.0919037513995654,26,0,0.0732146280562685,27,0,0.0919037513995654,28,0,0.0885253100650234,29,0,0.0842557282795358,30
"GSM1437885",NA,1,0.739426475178715,1,1,0.858607836762573,2,1,0.755666609647683,3,1,0.755666609647683,4,1,0.728339712588561,5,1,0.739426475178715,6,1,0.715642825030943,7,1,0.807315960765005,8,1,0.755666609647683,9,1,0.660446073220648,10,1,0.807315960765005,11,1,0.858607836762573,12,1,0.7803158020761,13,1,0.715642825030943,14,1,0.858607836762573,15,1,0.832727119356715,16,1,0.755666609647683,17,1,0.807315960765005,18,1,0.755666609647683,19,1,0.728339712588561,20,1,0.715642825030943,21,1,0.7803158020761,22,1,0.728339712588561,23,1,0.807315960765005,24,1,0.728339712588561,25,1,0.728339712588561,26,1,0.807315960765005,27,1,0.728339712588561,28,1,0.739426475178715,29,1,0.755666609647683,30
"GSM1437898",NA,1,0.266017768939004,1,1,0.313182252881493,2,1,0.268511947907634,3,1,0.268511947907634,4,1,0.267395460069437,5,1,0.266017768939004,6,1,0.270368028380799,7,1,0.282871631873429,8,1,0.268511947907634,9,1,0.292430875240648,10,1,0.282871631873429,11,1,0.313182252881493,12,1,0.27490836033048,13,1,0.270368028380799,14,1,0.313182252881493,15,1,0.291921314150655,16,1,0.268511947907634,17,1,0.282871631873429,18,1,0.268511947907634,19,1,0.267395460069437,20,1,0.270368028380799,21,1,0.27490836033048,22,1,0.267395460069437,23,1,0.282871631873429,24,1,0.267395460069437,25,1,0.267395460069437,26,1,0.282871631873429,27,1,0.267395460069437,28,1,0.266017768939004,29,1,0.268511947907634,30
"GSM1437900",NA,0,0.0245686760808616,1,0,0.0075012360900106,2,0,0.0214720956951145,3,0,0.0214720956951145,4,0,0.0265579123616596,5,0,0.0245686760808616,6,0,0.0286328064653729,7,0,0.0142066729009368,8,0,0.0214720956951145,9,0,0.0387374774197181,10,0,0.0142066729009368,11,0,0.0075012360900106,12,0,0.0176673568294787,13,0,0.0286328064653729,14,0,0.0075012360900106,15,0,0.0113006354943652,16,0,0.0214720956951145,17,0,0.0142066729009368,18,0,0.0214720956951145,19,0,0.0265579123616596,20,0,0.0286328064653729,21,0,0.0176673568294787,22,0,0.0265579123616596,23,0,0.0142066729009368,24,0,0.0265579123616596,25,0,0.0265579123616596,26,0,0.0142066729009368,27,0,0.0265579123616596,28,0,0.0245686760808616,29,0,0.0214720956951145,30
"GSM1437905",NA,0,0.100622584709968,1,0,0.11849684307453,2,0,0.102141097623314,3,0,0.102141097623314,4,0,0.100033155265002,5,0,0.100622584709968,6,0,0.0989868636108812,7,0,0.110025977411441,8,0,0.102141097623314,9,0,0.0961662381092141,10,0,0.110025977411441,11,0,0.11849684307453,12,0,0.105856103795133,13,0,0.0989868636108812,14,0,0.11849684307453,15,0,0.116253593678409,16,0,0.102141097623314,17,0,0.110025977411441,18,0,0.102141097623314,19,0,0.100033155265002,20,0,0.0989868636108812,21,0,0.105856103795133,22,0,0.100033155265002,23,0,0.110025977411441,24,0,0.100033155265002,25,0,0.100033155265002,26,0,0.110025977411441,27,0,0.100033155265002,28,0,0.100622584709968,29,0,0.102141097623314,30
"GSM1437906",NA,0,0.0259900814553399,1,0,0.0120891470644224,2,0,0.0238568181060413,3,0,0.0238568181060413,4,0,0.0282450314777402,5,0,0.0259900814553399,6,0,0.0305953974730981,7,0,0.0197984823527992,8,0,0.0238568181060413,9,0,0.0392491091291596,10,0,0.0197984823527992,11,0,0.0120891470644224,12,0,0.0218494606186519,13,0,0.0305953974730981,14,0,0.0120891470644224,15,0,0.0175362733814918,16,0,0.0238568181060413,17,0,0.0197984823527992,18,0,0.0238568181060413,19,0,0.0282450314777402,20,0,0.0305953974730981,21,0,0.0218494606186519,22,0,0.0282450314777402,23,0,0.0197984823527992,24,0,0.0282450314777402,25,0,0.0282450314777402,26,0,0.0197984823527992,27,0,0.0282450314777402,28,0,0.0259900814553399,29,0,0.0238568181060413,30
"GSM1437911",NA,0,0.254479754379415,1,0,0.197613528929151,2,0,0.247018692335631,3,0,0.247018692335631,4,0,0.259233736865307,5,0,0.254479754379415,6,0,0.263925890604501,7,0,0.221039644871373,8,0,0.247018692335631,9,0,0.273810068141436,10,0,0.221039644871373,11,0,0.197613528929151,12,0,0.234932685291712,13,0,0.263925890604501,14,0,0.197613528929151,15,0,0.207200496440393,16,0,0.247018692335631,17,0,0.221039644871373,18,0,0.247018692335631,19,0,0.259233736865307,20,0,0.263925890604501,21,0,0.234932685291712,22,0,0.259233736865307,23,0,0.221039644871373,24,0,0.259233736865307,25,0,0.259233736865307,26,0,0.221039644871373,27,0,0.259233736865307,28,0,0.254479754379415,29,0,0.247018692335631,30
"GSM1437912",NA,0,0.209602731510019,1,0,0.169811065404999,2,0,0.201830811406319,3,0,0.201830811406319,4,0,0.217332456961639,5,0,0.209602731510019,6,0,0.225981018045675,7,0,0.181943612343485,8,0,0.201830811406319,9,0,0.25038247149812,10,0,0.181943612343485,11,0,0.169811065404999,12,0,0.19207022542104,13,0,0.225981018045675,14,0,0.169811065404999,15,0,0.174088994036715,16,0,0.201830811406319,17,0,0.181943612343485,18,0,0.201830811406319,19,0,0.217332456961639,20,0,0.225981018045675,21,0,0.19207022542104,22,0,0.217332456961639,23,0,0.181943612343485,24,0,0.217332456961639,25,0,0.217332456961639,26,0,0.181943612343485,27,0,0.217332456961639,28,0,0.209602731510019,29,0,0.201830811406319,30
"GSM1437917",NA,0,0.0187395411250254,1,0,0.00714511677928916,2,0,0.0166692511283472,3,0,0.0166692511283472,4,0,0.0208216795714732,5,0,0.0187395411250254,6,0,0.0230664852142933,7,0,0.0128473411051253,8,0,0.0166692511283472,9,0,0.0327767285460566,10,0,0.0128473411051253,11,0,0.00714511677928916,12,0,0.0146991482271932,13,0,0.0230664852142933,14,0,0.00714511677928916,15,0,0.0106462972198748,16,0,0.0166692511283472,17,0,0.0128473411051253,18,0,0.0166692511283472,19,0,0.0208216795714732,20,0,0.0230664852142933,21,0,0.0146991482271932,22,0,0.0208216795714732,23,0,0.0128473411051253,24,0,0.0208216795714732,25,0,0.0208216795714732,26,0,0.0128473411051253,27,0,0.0208216795714732,28,0,0.0187395411250254,29,0,0.0166692511283472,30
"GSM1437920",NA,0,0.15179574304271,1,0,0.112106171396937,2,0,0.145266758681504,3,0,0.145266758681504,4,0,0.155979981648809,5,0,0.15179574304271,6,0,0.160084482632184,7,0,0.129433050881546,8,0,0.145266758681504,9,0,0.175023945778845,10,0,0.129433050881546,11,0,0.112106171396937,12,0,0.137541270246647,13,0,0.160084482632184,14,0,0.112106171396937,15,0,0.12152577529194,16,0,0.145266758681504,17,0,0.129433050881546,18,0,0.145266758681504,19,0,0.155979981648809,20,0,0.160084482632184,21,0,0.137541270246647,22,0,0.155979981648809,23,0,0.129433050881546,24,0,0.155979981648809,25,0,0.155979981648809,26,0,0.129433050881546,27,0,0.155979981648809,28,0,0.15179574304271,29,0,0.145266758681504,30
"GSM1437921",NA,1,0.719427098814389,1,1,0.797629935734808,2,1,0.733237507768676,3,1,0.733237507768676,4,1,0.706378011855392,5,1,0.719427098814389,6,1,0.693360771599584,7,1,0.761768770777545,8,1,0.733237507768676,9,1,0.630443190086668,10,1,0.761768770777545,11,1,0.797629935734808,12,1,0.746963021170472,13,1,0.693360771599584,14,1,0.797629935734808,15,1,0.772391452644549,16,1,0.733237507768676,17,1,0.761768770777545,18,1,0.733237507768676,19,1,0.706378011855392,20,1,0.693360771599584,21,1,0.746963021170472,22,1,0.706378011855392,23,1,0.761768770777545,24,1,0.706378011855392,25,1,0.706378011855392,26,1,0.761768770777545,27,1,0.706378011855392,28,1,0.719427098814389,29,1,0.733237507768676,30
"GSM1437922",NA,0,0.104264709032367,1,0,0.0860878510833668,2,0,0.101355518707245,3,0,0.101355518707245,4,0,0.10673551068584,5,0,0.104264709032367,6,0,0.108940882995425,7,0,0.097534235885328,8,0,0.101355518707245,9,0,0.119416046332359,10,0,0.097534235885328,11,0,0.0860878510833668,12,0,0.0994879195892269,13,0,0.108940882995425,14,0,0.0860878510833668,15,0,0.0946057313172147,16,0,0.101355518707245,17,0,0.097534235885328,18,0,0.101355518707245,19,0,0.10673551068584,20,0,0.108940882995425,21,0,0.0994879195892269,22,0,0.10673551068584,23,0,0.097534235885328,24,0,0.10673551068584,25,0,0.10673551068584,26,0,0.097534235885328,27,0,0.10673551068584,28,0,0.104264709032367,29,0,0.101355518707245,30
"GSM1437923",NA,0,0.303671696406917,1,0,0.333456773655382,2,0,0.303643672634161,3,0,0.303643672634161,4,0,0.304601947515224,5,0,0.303671696406917,6,0,0.304775971463918,7,0,0.310240767173614,8,0,0.303643672634161,9,0,0.2942772595487,10,0,0.310240767173614,11,0,0.333456773655382,12,0,0.306326475488454,13,0,0.304775971463918,14,0,0.333456773655382,15,0,0.317625520580496,16,0,0.303643672634161,17,0,0.310240767173614,18,0,0.303643672634161,19,0,0.304601947515224,20,0,0.304775971463918,21,0,0.306326475488454,22,0,0.304601947515224,23,0,0.310240767173614,24,0,0.304601947515224,25,0,0.304601947515224,26,0,0.310240767173614,27,0,0.304601947515224,28,0,0.303671696406917,29,0,0.303643672634161,30
"GSM1437925",NA,0,0.557472568184523,1,0,0.718436526206023,2,0,0.57589604669144,3,0,0.57589604669144,4,0,0.544265680512322,5,0,0.557472568184523,6,0,0.531831005142045,7,0,0.634468203947203,8,0,0.57589604669144,9,0,0.465157264459121,10,0,0.634468203947203,11,0,0.718436526206023,12,0,0.603603246729693,13,0,0.531831005142045,14,0,0.718436526206023,15,0,0.673297796352069,16,0,0.57589604669144,17,0,0.634468203947203,18,0,0.57589604669144,19,0,0.544265680512322,20,0,0.531831005142045,21,0,0.603603246729693,22,0,0.544265680512322,23,0,0.634468203947203,24,0,0.544265680512322,25,0,0.544265680512322,26,0,0.634468203947203,27,0,0.544265680512322,28,0,0.557472568184523,29,0,0.57589604669144,30
"GSM1437930",NA,0,0.220570139486826,1,0,0.147145991482875,2,0,0.212224384296133,3,0,0.212224384296133,4,0,0.228178508945654,5,0,0.220570139486826,6,0,0.237460513368935,7,0,0.18968409478047,8,0,0.212224384296133,9,0,0.278178618011089,10,0,0.18968409478047,11,0,0.147145991482875,12,0,0.201439068634108,13,0,0.237460513368935,14,0,0.147145991482875,15,0,0.172089497446338,16,0,0.212224384296133,17,0,0.18968409478047,18,0,0.212224384296133,19,0,0.228178508945654,20,0,0.237460513368935,21,0,0.201439068634108,22,0,0.228178508945654,23,0,0.18968409478047,24,0,0.228178508945654,25,0,0.228178508945654,26,0,0.18968409478047,27,0,0.228178508945654,28,0,0.220570139486826,29,0,0.212224384296133,30
"GSM1437935",NA,0,0.0716759878565648,1,0,0.0156252487709107,2,0,0.0595189581376561,3,0,0.0595189581376561,4,0,0.0833746711558748,5,0,0.0716759878565648,6,0,0.096629246596367,7,0,0.0365547712844167,8,0,0.0595189581376561,9,0,0.15928728561475,10,0,0.0365547712844167,11,0,0.0156252487709107,12,0,0.0471094652028482,13,0,0.096629246596367,14,0,0.0156252487709107,15,0,0.0263605739809955,16,0,0.0595189581376561,17,0,0.0365547712844167,18,0,0.0595189581376561,19,0,0.0833746711558748,20,0,0.096629246596367,21,0,0.0471094652028482,22,0,0.0833746711558748,23,0,0.0365547712844167,24,0,0.0833746711558748,25,0,0.0833746711558748,26,0,0.0365547712844167,27,0,0.0833746711558748,28,0,0.0716759878565648,29,0,0.0595189581376561,30
"GSM1437939",NA,0,0.334358980728912,1,0,0.385959070514006,2,0,0.344056037090453,3,0,0.344056037090453,4,0,0.327225137257442,5,0,0.334358980728912,6,0,0.319546139167013,7,0,0.373326079392438,8,0,0.344056037090453,9,0,0.301204057469934,10,0,0.373326079392438,11,0,0.385959070514006,12,0,0.357993234174064,13,0,0.319546139167013,14,0,0.385959070514006,15,0,0.385340920750956,16,0,0.344056037090453,17,0,0.373326079392438,18,0,0.344056037090453,19,0,0.327225137257442,20,0,0.319546139167013,21,0,0.357993234174064,22,0,0.327225137257442,23,0,0.373326079392438,24,0,0.327225137257442,25,0,0.327225137257442,26,0,0.373326079392438,27,0,0.327225137257442,28,0,0.334358980728912,29,0,0.344056037090453,30
"GSM1437943",NA,1,0.295365769176189,1,1,0.221273243159115,2,1,0.287165738013901,3,1,0.287165738013901,4,1,0.295573106310569,5,1,0.295365769176189,6,1,0.293560664901589,7,1,0.261190135812907,8,1,0.287165738013901,9,1,0.29023078455107,10,1,0.261190135812907,11,1,0.221273243159115,12,1,0.274641056572488,13,1,0.293560664901589,14,1,0.221273243159115,15,1,0.24365015326428,16,1,0.287165738013901,17,1,0.261190135812907,18,1,0.287165738013901,19,1,0.295573106310569,20,1,0.293560664901589,21,1,0.274641056572488,22,1,0.295573106310569,23,1,0.261190135812907,24,1,0.295573106310569,25,1,0.295573106310569,26,1,0.261190135812907,27,1,0.295573106310569,28,1,0.295365769176189,29,1,0.287165738013901,30
"GSM1437951",NA,1,0.811476477974764,1,1,0.868352182242758,2,1,0.823131272531182,3,1,0.823131272531182,4,1,0.797795938399484,5,1,0.811476477974764,6,1,0.782551499543146,7,1,0.847080791026721,8,1,0.823131272531182,9,1,0.713856549732253,10,1,0.847080791026721,11,1,0.868352182242758,12,1,0.834521802636165,13,1,0.782551499543146,14,1,0.868352182242758,15,1,0.857976493533668,16,1,0.823131272531182,17,1,0.847080791026721,18,1,0.823131272531182,19,1,0.797795938399484,20,1,0.782551499543146,21,1,0.834521802636165,22,1,0.797795938399484,23,1,0.847080791026721,24,1,0.797795938399484,25,1,0.797795938399484,26,1,0.847080791026721,27,1,0.797795938399484,28,1,0.811476477974764,29,1,0.823131272531182,30
"GSM1437952",NA,1,0.924114511689036,1,1,0.942570595439424,2,1,0.92912187529604,3,1,0.92912187529604,4,1,0.916732933173882,5,1,0.924114511689036,6,1,0.908399630119223,7,1,0.936408503306135,8,1,0.92912187529604,9,1,0.875322302463294,10,1,0.936408503306135,11,1,0.942570595439424,12,1,0.932503320718384,13,1,0.908399630119223,14,1,0.942570595439424,15,1,0.939576872710732,16,1,0.92912187529604,17,1,0.936408503306135,18,1,0.92912187529604,19,1,0.916732933173882,20,1,0.908399630119223,21,1,0.932503320718384,22,1,0.916732933173882,23,1,0.936408503306135,24,1,0.916732933173882,25,1,0.916732933173882,26,1,0.936408503306135,27,1,0.916732933173882,28,1,0.924114511689036,29,1,0.92912187529604,30
"GSM1437956",NA,0,0.329120053193959,1,0,0.198161405012511,2,0,0.314446046461177,3,0,0.314446046461177,4,0,0.340397075642023,5,0,0.329120053193959,6,0,0.351976577489282,7,0,0.272980956185495,8,0,0.314446046461177,9,0,0.383363765663442,10,0,0.272980956185495,11,0,0.198161405012511,12,0,0.293920600483625,13,0,0.351976577489282,14,0,0.198161405012511,15,0,0.24814112023463,16,0,0.314446046461177,17,0,0.272980956185495,18,0,0.314446046461177,19,0,0.340397075642023,20,0,0.351976577489282,21,0,0.293920600483625,22,0,0.340397075642023,23,0,0.272980956185495,24,0,0.340397075642023,25,0,0.340397075642023,26,0,0.272980956185495,27,0,0.340397075642023,28,0,0.329120053193959,29,0,0.314446046461177,30
"GSM1437960",NA,1,0.935260587404997,1,1,0.979182695589184,2,1,0.944053876372114,3,1,0.944053876372114,4,1,0.926552843166653,5,1,0.935260587404997,6,1,0.917298340232417,7,1,0.960522245694694,8,1,0.944053876372114,9,1,0.87361757865691,10,1,0.960522245694694,11,1,0.979182695589184,12,1,0.952638174162133,13,1,0.917298340232417,14,1,0.979182695589184,15,1,0.968496499985733,16,1,0.944053876372114,17,1,0.960522245694694,18,1,0.944053876372114,19,1,0.926552843166653,20,1,0.917298340232417,21,1,0.952638174162133,22,1,0.926552843166653,23,1,0.960522245694694,24,1,0.926552843166653,25,1,0.926552843166653,26,1,0.960522245694694,27,1,0.926552843166653,28,1,0.935260587404997,29,1,0.944053876372114,30
"GSM1437961",NA,0,0.284619609427422,1,0,0.266409987910295,2,0,0.286268287619306,3,0,0.286268287619306,4,0,0.275526476499442,5,0,0.284619609427422,6,0,0.266351959107954,7,0,0.28207946146811,8,0,0.286268287619306,9,0,0.231486500521221,10,0,0.28207946146811,11,0,0.266409987910295,12,0,0.284071943703103,13,0,0.266351959107954,14,0,0.266409987910295,15,0,0.282828594828069,16,0,0.286268287619306,17,0,0.28207946146811,18,0,0.286268287619306,19,0,0.275526476499442,20,0,0.266351959107954,21,0,0.284071943703103,22,0,0.275526476499442,23,0,0.28207946146811,24,0,0.275526476499442,25,0,0.275526476499442,26,0,0.28207946146811,27,0,0.275526476499442,28,0,0.284619609427422,29,0,0.286268287619306,30
"GSM1437965",NA,0,0.00956638319670985,1,0,0.00249145451955457,2,0,0.0080623803113476,3,0,0.0080623803113476,4,0,0.0110203180696404,5,0,0.00956638319670985,6,0,0.0126104797282699,7,0,0.00537050892525254,8,0,0.0080623803113476,9,0,0.0201593970514454,10,0,0.00537050892525254,11,0,0.00249145451955457,12,0,0.00663321057756906,13,0,0.0126104797282699,14,0,0.00249145451955457,15,0,0.0041598247524926,16,0,0.0080623803113476,17,0,0.00537050892525254,18,0,0.0080623803113476,19,0,0.0110203180696404,20,0,0.0126104797282699,21,0,0.00663321057756906,22,0,0.0110203180696404,23,0,0.00537050892525254,24,0,0.0110203180696404,25,0,0.0110203180696404,26,0,0.00537050892525254,27,0,0.0110203180696404,28,0,0.00956638319670985,29,0,0.0080623803113476,30
"GSM1437967",NA,1,0.586165142504042,1,1,0.599242675703891,2,1,0.594740282122531,3,1,0.594740282122531,4,1,0.579110995467791,5,1,0.586165142504042,6,1,0.571818411754227,7,1,0.613566230635817,8,1,0.594740282122531,9,1,0.541785099354601,10,1,0.613566230635817,11,1,0.599242675703891,12,1,0.603756993062369,13,1,0.571818411754227,14,1,0.599242675703891,15,1,0.614774450187609,16,1,0.594740282122531,17,1,0.613566230635817,18,1,0.594740282122531,19,1,0.579110995467791,20,1,0.571818411754227,21,1,0.603756993062369,22,1,0.579110995467791,23,1,0.613566230635817,24,1,0.579110995467791,25,1,0.579110995467791,26,1,0.613566230635817,27,1,0.579110995467791,28,1,0.586165142504042,29,1,0.594740282122531,30
"GSM1437974",NA,0,0.0461774339496325,1,0,0.0189675431200514,2,0,0.0419247462191297,3,0,0.0419247462191297,4,0,0.050298390030947,5,0,0.0461774339496325,6,0,0.0544919584460984,7,0,0.0324472816947636,8,0,0.0419247462191297,9,0,0.0769964317323161,10,0,0.0324472816947636,11,0,0.0189675431200514,12,0,0.0372844740340933,13,0,0.0544919584460984,14,0,0.0189675431200514,15,0,0.0266104043315856,16,0,0.0419247462191297,17,0,0.0324472816947636,18,0,0.0419247462191297,19,0,0.050298390030947,20,0,0.0544919584460984,21,0,0.0372844740340933,22,0,0.050298390030947,23,0,0.0324472816947636,24,0,0.050298390030947,25,0,0.050298390030947,26,0,0.0324472816947636,27,0,0.050298390030947,28,0,0.0461774339496325,29,0,0.0419247462191297,30
"GSM1437981",NA,0,0.170155180828233,1,0,0.132361078980004,2,0,0.166144323166182,3,0,0.166144323166182,4,0,0.175528540092116,5,0,0.170155180828233,6,0,0.181465077063851,7,0,0.153887918172678,8,0,0.166144323166182,9,0,0.204790903755597,10,0,0.153887918172678,11,0,0.132361078980004,12,0,0.160679453302411,13,0,0.181465077063851,14,0,0.132361078980004,15,0,0.146001816392638,16,0,0.166144323166182,17,0,0.153887918172678,18,0,0.166144323166182,19,0,0.175528540092116,20,0,0.181465077063851,21,0,0.160679453302411,22,0,0.175528540092116,23,0,0.153887918172678,24,0,0.175528540092116,25,0,0.175528540092116,26,0,0.153887918172678,27,0,0.175528540092116,28,0,0.170155180828233,29,0,0.166144323166182,30
"GSM1437984",NA,0,0.0235622226136927,1,0,0.0105953894189471,2,0,0.0209313131799725,3,0,0.0209313131799725,4,0,0.0264733537247139,5,0,0.0235622226136927,6,0,0.0295320683127401,7,0,0.0160064039136055,8,0,0.0209313131799725,9,0,0.0435896791978804,10,0,0.0160064039136055,11,0,0.0105953894189471,12,0,0.0184622339868283,13,0,0.0295320683127401,14,0,0.0105953894189471,15,0,0.013664835056509,16,0,0.0209313131799725,17,0,0.0160064039136055,18,0,0.0209313131799725,19,0,0.0264733537247139,20,0,0.0295320683127401,21,0,0.0184622339868283,22,0,0.0264733537247139,23,0,0.0160064039136055,24,0,0.0264733537247139,25,0,0.0264733537247139,26,0,0.0160064039136055,27,0,0.0264733537247139,28,0,0.0235622226136927,29,0,0.0209313131799725,30
"GSM1437986",NA,1,0.473491155122702,1,1,0.383705276529068,2,1,0.469993753169549,3,1,0.469993753169549,4,1,0.471202821067754,5,1,0.473491155122702,6,1,0.469105346123804,7,1,0.447041535231013,8,1,0.469993753169549,9,1,0.468965908126054,10,1,0.447041535231013,11,1,0.383705276529068,12,1,0.459191164326884,13,1,0.469105346123804,14,1,0.383705276529068,15,1,0.428241282838501,16,1,0.469993753169549,17,1,0.447041535231013,18,1,0.469993753169549,19,1,0.471202821067754,20,1,0.469105346123804,21,1,0.459191164326884,22,1,0.471202821067754,23,1,0.447041535231013,24,1,0.471202821067754,25,1,0.471202821067754,26,1,0.447041535231013,27,1,0.471202821067754,28,1,0.473491155122702,29,1,0.469993753169549,30
"GSM1437991",NA,1,0.765436575221638,1,1,0.89843426170332,2,1,0.787766120866598,3,1,0.787766120866598,4,1,0.745134192592481,5,1,0.765436575221638,6,1,0.724419744334952,7,1,0.837125047095541,8,1,0.787766120866598,9,1,0.642447947090778,10,1,0.837125047095541,11,1,0.89843426170332,12,1,0.812572144450231,13,1,0.724419744334952,14,1,0.89843426170332,15,1,0.861849173193427,16,1,0.787766120866598,17,1,0.837125047095541,18,1,0.787766120866598,19,1,0.745134192592481,20,1,0.724419744334952,21,1,0.812572144450231,22,1,0.745134192592481,23,1,0.837125047095541,24,1,0.745134192592481,25,1,0.745134192592481,26,1,0.837125047095541,27,1,0.745134192592481,28,1,0.765436575221638,29,1,0.787766120866598,30
"GSM1437995",NA,0,0.0403601390750734,1,0,0.0218377807519053,2,0,0.0375796998297766,3,0,0.0375796998297766,4,0,0.042535896918605,5,0,0.0403601390750734,6,0,0.0445485036899901,7,0,0.0308645877743813,8,0,0.0375796998297766,9,0,0.0535558403363174,10,0,0.0308645877743813,11,0,0.0218377807519053,12,0,0.0343392065626107,13,0,0.0445485036899901,14,0,0.0218377807519053,15,0,0.026934866606152,16,0,0.0375796998297766,17,0,0.0308645877743813,18,0,0.0375796998297766,19,0,0.042535896918605,20,0,0.0445485036899901,21,0,0.0343392065626107,22,0,0.042535896918605,23,0,0.0308645877743813,24,0,0.042535896918605,25,0,0.042535896918605,26,0,0.0308645877743813,27,0,0.042535896918605,28,0,0.0403601390750734,29,0,0.0375796998297766,30
"GSM1437996",NA,0,0.110217546114487,1,0,0.0445686513220663,2,0,0.0968483793240326,3,0,0.0968483793240326,4,0,0.120841388554641,5,0,0.110217546114487,6,0,0.132060809336998,7,0,0.0711632259635282,8,0,0.0968483793240326,9,0,0.177745703965201,10,0,0.0711632259635282,11,0,0.0445686513220663,12,0,0.0831937621778238,13,0,0.132060809336998,14,0,0.0445686513220663,15,0,0.0593203096272517,16,0,0.0968483793240326,17,0,0.0711632259635282,18,0,0.0968483793240326,19,0,0.120841388554641,20,0,0.132060809336998,21,0,0.0831937621778238,22,0,0.120841388554641,23,0,0.0711632259635282,24,0,0.120841388554641,25,0,0.120841388554641,26,0,0.0711632259635282,27,0,0.120841388554641,28,0,0.110217546114487,29,0,0.0968483793240326,30
"GSM1438001",NA,0,0.206185481944774,1,0,0.177912941568065,2,0,0.2056325264525,3,0,0.2056325264525,4,0,0.204576656587442,5,0,0.206185481944774,6,0,0.202120133202238,7,0,0.201287856729836,8,0,0.2056325264525,9,0,0.202047882309325,10,0,0.201287856729836,11,0,0.177912941568065,12,0,0.203898512815173,13,0,0.202120133202238,14,0,0.177912941568065,15,0,0.194847647282432,16,0,0.2056325264525,17,0,0.201287856729836,18,0,0.2056325264525,19,0,0.204576656587442,20,0,0.202120133202238,21,0,0.203898512815173,22,0,0.204576656587442,23,0,0.201287856729836,24,0,0.204576656587442,25,0,0.204576656587442,26,0,0.201287856729836,27,0,0.204576656587442,28,0,0.206185481944774,29,0,0.2056325264525,30
"GSM1438007",NA,0,0.156366953505032,1,0,0.158926778848971,2,0,0.155006640394051,3,0,0.155006640394051,4,0,0.157640403150302,5,0,0.156366953505032,6,0,0.158803211466465,7,0,0.155538208799792,8,0,0.155006640394051,9,0,0.165742812085547,10,0,0.155538208799792,11,0,0.158926778848971,12,0,0.155021030370096,13,0,0.158803211466465,14,0,0.158926778848971,15,0,0.157758765083905,16,0,0.155006640394051,17,0,0.155538208799792,18,0,0.155006640394051,19,0,0.157640403150302,20,0,0.158803211466465,21,0,0.155021030370096,22,0,0.157640403150302,23,0,0.155538208799792,24,0,0.157640403150302,25,0,0.157640403150302,26,0,0.155538208799792,27,0,0.157640403150302,28,0,0.156366953505032,29,0,0.155006640394051,30
"GSM1438008",NA,0,0.10196184352628,1,0,0.0737476267767042,2,0,0.0983016316660966,3,0,0.0983016316660966,4,0,0.104626080554951,5,0,0.10196184352628,6,0,0.107481629614465,7,0,0.0907522683781325,8,0,0.0983016316660966,9,0,0.121756578499996,10,0,0.0907522683781325,11,0,0.0737476267767042,12,0,0.094738927391469,13,0,0.107481629614465,14,0,0.0737476267767042,15,0,0.0859415908831553,16,0,0.0983016316660966,17,0,0.0907522683781325,18,0,0.0983016316660966,19,0,0.104626080554951,20,0,0.107481629614465,21,0,0.094738927391469,22,0,0.104626080554951,23,0,0.0907522683781325,24,0,0.104626080554951,25,0,0.104626080554951,26,0,0.0907522683781325,27,0,0.104626080554951,28,0,0.10196184352628,29,0,0.0983016316660966,30
"GSM1438009",NA,0,0.275948163797389,1,0,0.385889109710689,2,0,0.282288572392123,3,0,0.282288572392123,4,0,0.275663767225334,5,0,0.275948163797389,6,0,0.275017358834449,7,0,0.311820333203373,8,0,0.282288572392123,9,0,0.257697176898296,10,0,0.311820333203373,11,0,0.385889109710689,12,0,0.296039505415587,13,0,0.275017358834449,14,0,0.385889109710689,15,0,0.338580269656317,16,0,0.282288572392123,17,0,0.311820333203373,18,0,0.282288572392123,19,0,0.275663767225334,20,0,0.275017358834449,21,0,0.296039505415587,22,0,0.275663767225334,23,0,0.311820333203373,24,0,0.275663767225334,25,0,0.275663767225334,26,0,0.311820333203373,27,0,0.275663767225334,28,0,0.275948163797389,29,0,0.282288572392123,30
"GSM1438010",NA,0,0.193980524413491,1,0,0.18859509352813,2,0,0.193005596357983,3,0,0.193005596357983,4,0,0.196615457941196,5,0,0.193980524413491,6,0,0.198896874382539,7,0,0.191717765783906,8,0,0.193005596357983,9,0,0.204093680174937,10,0,0.191717765783906,11,0,0.18859509352813,12,0,0.192865646716762,13,0,0.198896874382539,14,0,0.18859509352813,15,0,0.1931205796849,16,0,0.193005596357983,17,0,0.191717765783906,18,0,0.193005596357983,19,0,0.196615457941196,20,0,0.198896874382539,21,0,0.192865646716762,22,0,0.196615457941196,23,0,0.191717765783906,24,0,0.196615457941196,25,0,0.196615457941196,26,0,0.191717765783906,27,0,0.196615457941196,28,0,0.193980524413491,29,0,0.193005596357983,30
"GSM1438014",NA,1,0.320840052146856,1,1,0.27249110281512,2,1,0.31362562194098,3,1,0.31362562194098,4,1,0.32040526438581,5,1,0.320840052146856,6,1,0.319517159686328,7,1,0.280175104461039,8,1,0.31362562194098,9,1,0.31268430967425,10,1,0.280175104461039,11,1,0.27249110281512,12,1,0.297732648448943,13,1,0.319517159686328,14,1,0.27249110281512,15,1,0.266645813895378,16,1,0.31362562194098,17,1,0.280175104461039,18,1,0.31362562194098,19,1,0.32040526438581,20,1,0.319517159686328,21,1,0.297732648448943,22,1,0.32040526438581,23,1,0.280175104461039,24,1,0.32040526438581,25,1,0.32040526438581,26,1,0.280175104461039,27,1,0.32040526438581,28,1,0.320840052146856,29,1,0.31362562194098,30
"GSM1438019",NA,0,0.675906853791401,1,0,0.848531152103401,2,0,0.706385742582964,3,0,0.706385742582964,4,0,0.649433077949953,5,0,0.675906853791401,6,0,0.622054484258536,7,0,0.780609147240711,8,0,0.706385742582964,9,0,0.501200140594026,10,0,0.780609147240711,11,0,0.848531152103401,12,0,0.742740302360008,13,0,0.622054484258536,14,0,0.848531152103401,15,0,0.814647470323131,16,0,0.706385742582964,17,0,0.780609147240711,18,0,0.706385742582964,19,0,0.649433077949953,20,0,0.622054484258536,21,0,0.742740302360008,22,0,0.649433077949953,23,0,0.780609147240711,24,0,0.649433077949953,25,0,0.649433077949953,26,0,0.780609147240711,27,0,0.649433077949953,28,0,0.675906853791401,29,0,0.706385742582964,30
"GSM1438023",NA,0,0.242692120547895,1,0,0.365088369462849,2,0,0.255766189775103,3,0,0.255766189775103,4,0,0.234633229252196,5,0,0.242692120547895,6,0,0.226717224247224,7,0,0.29407456398642,8,0,0.255766189775103,9,0,0.20378768453084,10,0,0.29407456398642,11,0,0.365088369462849,12,0,0.273905579232204,13,0,0.226717224247224,14,0,0.365088369462849,15,0,0.322098085601042,16,0,0.255766189775103,17,0,0.29407456398642,18,0,0.255766189775103,19,0,0.234633229252196,20,0,0.226717224247224,21,0,0.273905579232204,22,0,0.234633229252196,23,0,0.29407456398642,24,0,0.234633229252196,25,0,0.234633229252196,26,0,0.29407456398642,27,0,0.234633229252196,28,0,0.242692120547895,29,0,0.255766189775103,30
"GSM1438025",NA,1,0.67636141968932,1,1,0.594996730239843,2,1,0.667637069890326,3,1,0.667637069890326,4,1,0.67954264689438,5,1,0.67636141968932,6,1,0.683251351453479,7,1,0.634600425811099,8,1,0.667637069890326,9,1,0.700137321111286,10,1,0.634600425811099,11,1,0.594996730239843,12,1,0.651558426341982,13,1,0.683251351453479,14,1,0.594996730239843,15,1,0.607502452568452,16,1,0.667637069890326,17,1,0.634600425811099,18,1,0.667637069890326,19,1,0.67954264689438,20,1,0.683251351453479,21,1,0.651558426341982,22,1,0.67954264689438,23,1,0.634600425811099,24,1,0.67954264689438,25,1,0.67954264689438,26,1,0.634600425811099,27,1,0.67954264689438,28,1,0.67636141968932,29,1,0.667637069890326,30
"GSM1438029",NA,0,0.21871795285296,1,0,0.307563301081747,2,0,0.226173788788126,3,0,0.226173788788126,4,0,0.213919807664829,5,0,0.21871795285296,6,0,0.210189440666374,7,0,0.26165942767922,8,0,0.226173788788126,9,0,0.196852649349017,10,0,0.26165942767922,11,0,0.307563301081747,12,0,0.241724113041238,13,0,0.210189440666374,14,0,0.307563301081747,15,0,0.283382479103962,16,0,0.226173788788126,17,0,0.26165942767922,18,0,0.226173788788126,19,0,0.213919807664829,20,0,0.210189440666374,21,0,0.241724113041238,22,0,0.213919807664829,23,0,0.26165942767922,24,0,0.213919807664829,25,0,0.213919807664829,26,0,0.26165942767922,27,0,0.213919807664829,28,0,0.21871795285296,29,0,0.226173788788126,30
"GSM1438033",NA,0,0.294227867967286,1,0,0.205449004034145,2,0,0.280792367808617,3,0,0.280792367808617,4,0,0.306652162837253,5,0,0.294227867967286,6,0,0.320094843025268,7,0,0.246807168853284,8,0,0.280792367808617,9,0,0.381567875992382,10,0,0.246807168853284,11,0,0.205449004034145,12,0,0.264722153258994,13,0,0.320094843025268,14,0,0.205449004034145,15,0,0.224489683552455,16,0,0.280792367808617,17,0,0.246807168853284,18,0,0.280792367808617,19,0,0.306652162837253,20,0,0.320094843025268,21,0,0.264722153258994,22,0,0.306652162837253,23,0,0.246807168853284,24,0,0.306652162837253,25,0,0.306652162837253,26,0,0.246807168853284,27,0,0.306652162837253,28,0,0.294227867967286,29,0,0.280792367808617,30
"GSM1438034",NA,0,0.220397675029076,1,0,0.141477566470461,2,0,0.210389106835454,3,0,0.210389106835454,4,0,0.228950330624825,5,0,0.220397675029076,6,0,0.237608141752324,7,0,0.180685932939465,8,0,0.210389106835454,9,0,0.275979106053107,10,0,0.180685932939465,11,0,0.141477566470461,12,0,0.196549613331078,13,0,0.237608141752324,14,0,0.141477566470461,15,0,0.162301884467846,16,0,0.210389106835454,17,0,0.180685932939465,18,0,0.210389106835454,19,0,0.228950330624825,20,0,0.237608141752324,21,0,0.196549613331078,22,0,0.228950330624825,23,0,0.180685932939465,24,0,0.228950330624825,25,0,0.228950330624825,26,0,0.180685932939465,27,0,0.228950330624825,28,0,0.220397675029076,29,0,0.210389106835454,30
"GSM1438035",NA,0,0.694454808991198,1,0,0.629251299751178,2,0,0.693574051739095,3,0,0.693574051739095,4,0,0.687978571184486,5,0,0.694454808991198,6,0,0.681067750343714,7,0,0.67127705096327,8,0,0.693574051739095,9,0,0.65647012430762,10,0,0.67127705096327,11,0,0.629251299751178,12,0,0.684200423780297,13,0,0.681067750343714,14,0,0.629251299751178,15,0,0.65153503945239,16,0,0.693574051739095,17,0,0.67127705096327,18,0,0.693574051739095,19,0,0.687978571184486,20,0,0.681067750343714,21,0,0.684200423780297,22,0,0.687978571184486,23,0,0.67127705096327,24,0,0.687978571184486,25,0,0.687978571184486,26,0,0.67127705096327,27,0,0.687978571184486,28,0,0.694454808991198,29,0,0.693574051739095,30
"GSM1438038",NA,0,0.0326864030935002,1,0,0.0144258108375093,2,0,0.029175737009404,3,0,0.029175737009404,4,0,0.0367570160467485,5,0,0.0326864030935002,6,0,0.0410697896531882,7,0,0.0228221320440663,8,0,0.029175737009404,9,0,0.062979801952272,10,0,0.0228221320440663,11,0,0.0144258108375093,12,0,0.0259672098076289,13,0,0.0410697896531882,14,0,0.0144258108375093,15,0,0.0196248793527933,16,0,0.029175737009404,17,0,0.0228221320440663,18,0,0.029175737009404,19,0,0.0367570160467485,20,0,0.0410697896531882,21,0,0.0259672098076289,22,0,0.0367570160467485,23,0,0.0228221320440663,24,0,0.0367570160467485,25,0,0.0367570160467485,26,0,0.0228221320440663,27,0,0.0367570160467485,28,0,0.0326864030935002,29,0,0.029175737009404,30
"GSM1438039",NA,0,0.0722367807818456,1,0,0.0458063637247062,2,0,0.0670255279195542,3,0,0.0670255279195542,4,0,0.0773995873036519,5,0,0.0722367807818456,6,0,0.0831982444575863,7,0,0.0579212287161384,8,0,0.0670255279195542,9,0,0.111037490166215,10,0,0.0579212287161384,11,0,0.0458063637247062,12,0,0.0624438039366125,13,0,0.0831982444575863,14,0,0.0458063637247062,15,0,0.054083380275357,16,0,0.0670255279195542,17,0,0.0579212287161384,18,0,0.0670255279195542,19,0,0.0773995873036519,20,0,0.0831982444575863,21,0,0.0624438039366125,22,0,0.0773995873036519,23,0,0.0579212287161384,24,0,0.0773995873036519,25,0,0.0773995873036519,26,0,0.0579212287161384,27,0,0.0773995873036519,28,0,0.0722367807818456,29,0,0.0670255279195542,30
"GSM1438041",NA,1,0.419474077127994,1,1,0.382246407163121,2,1,0.420075574813683,3,1,0.420075574813683,4,1,0.414845495167964,5,1,0.419474077127994,6,1,0.410812284494268,7,1,0.41061043659544,8,1,0.420075574813683,9,1,0.392022233397796,10,1,0.41061043659544,11,1,0.382246407163121,12,1,0.416034291363901,13,1,0.410812284494268,14,1,0.382246407163121,15,1,0.401597782921745,16,1,0.420075574813683,17,1,0.41061043659544,18,1,0.420075574813683,19,1,0.414845495167964,20,1,0.410812284494268,21,1,0.416034291363901,22,1,0.414845495167964,23,1,0.41061043659544,24,1,0.414845495167964,25,1,0.414845495167964,26,1,0.41061043659544,27,1,0.414845495167964,28,1,0.419474077127994,29,1,0.420075574813683,30
"GSM1438042",NA,1,0.372337291254843,1,1,0.466639109571508,2,1,0.381589236617257,3,1,0.381589236617257,4,1,0.363499966746505,5,1,0.372337291254843,6,1,0.354305078546939,7,1,0.4053450442047,8,1,0.381589236617257,9,1,0.325091454645411,10,1,0.4053450442047,11,1,0.466639109571508,12,1,0.39273289925689,13,1,0.354305078546939,14,1,0.466639109571508,15,1,0.424892357156567,16,1,0.381589236617257,17,1,0.4053450442047,18,1,0.381589236617257,19,1,0.363499966746505,20,1,0.354305078546939,21,1,0.39273289925689,22,1,0.363499966746505,23,1,0.4053450442047,24,1,0.363499966746505,25,1,0.363499966746505,26,1,0.4053450442047,27,1,0.363499966746505,28,1,0.372337291254843,29,1,0.381589236617257,30
"GSM1438043",NA,0,0.209707469406145,1,0,0.114079851102645,2,0,0.194363657097363,3,0,0.194363657097363,4,0,0.216597293882418,5,0,0.209707469406145,6,0,0.222198458919128,7,0,0.161987800733674,8,0,0.194363657097363,9,0,0.235448939080041,10,0,0.161987800733674,11,0,0.114079851102645,12,0,0.177235022355649,13,0,0.222198458919128,14,0,0.114079851102645,15,0,0.145724836354228,16,0,0.194363657097363,17,0,0.161987800733674,18,0,0.194363657097363,19,0,0.216597293882418,20,0,0.222198458919128,21,0,0.177235022355649,22,0,0.216597293882418,23,0,0.161987800733674,24,0,0.216597293882418,25,0,0.216597293882418,26,0,0.161987800733674,27,0,0.216597293882418,28,0,0.209707469406145,29,0,0.194363657097363,30
"GSM1438050",NA,1,0.715085457162287,1,1,0.760946901356829,2,1,0.724003957526856,3,1,0.724003957526856,4,1,0.704034812558932,5,1,0.715085457162287,6,1,0.69246147161823,7,1,0.742280036810071,8,1,0.724003957526856,9,1,0.639396830055001,10,1,0.742280036810071,11,1,0.760946901356829,12,1,0.733157581963939,13,1,0.69246147161823,14,1,0.760946901356829,15,1,0.753569590263376,16,1,0.724003957526856,17,1,0.742280036810071,18,1,0.724003957526856,19,1,0.704034812558932,20,1,0.69246147161823,21,1,0.733157581963939,22,1,0.704034812558932,23,1,0.742280036810071,24,1,0.704034812558932,25,1,0.704034812558932,26,1,0.742280036810071,27,1,0.704034812558932,28,1,0.715085457162287,29,1,0.724003957526856,30
"GSM1438051",NA,1,0.452704939319289,1,1,0.442280851356741,2,1,0.464226640736491,3,1,0.464226640736491,4,1,0.436274601964126,5,1,0.452704939319289,6,1,0.420615784408234,7,1,0.45637708099622,8,1,0.464226640736491,9,1,0.360382980580698,10,1,0.45637708099622,11,1,0.442280851356741,12,1,0.462746743225622,13,1,0.420615784408234,14,1,0.442280851356741,15,1,0.449489015705706,16,1,0.464226640736491,17,1,0.45637708099622,18,1,0.464226640736491,19,1,0.436274601964126,20,1,0.420615784408234,21,1,0.462746743225622,22,1,0.436274601964126,23,1,0.45637708099622,24,1,0.436274601964126,25,1,0.436274601964126,26,1,0.45637708099622,27,1,0.436274601964126,28,1,0.452704939319289,29,1,0.464226640736491,30
"GSM1438052",NA,1,0.340711823154073,1,1,0.430850763815725,2,1,0.358197666879376,3,1,0.358197666879376,4,1,0.321872571027847,5,1,0.340711823154073,6,1,0.302682421201355,7,1,0.394742270043005,8,1,0.358197666879376,9,1,0.231773540680296,10,1,0.394742270043005,11,1,0.430850763815725,12,1,0.376116247816022,13,1,0.302682421201355,14,1,0.430850763815725,15,1,0.415047045177526,16,1,0.358197666879376,17,1,0.394742270043005,18,1,0.358197666879376,19,1,0.321872571027847,20,1,0.302682421201355,21,1,0.376116247816022,22,1,0.321872571027847,23,1,0.394742270043005,24,1,0.321872571027847,25,1,0.321872571027847,26,1,0.394742270043005,27,1,0.321872571027847,28,1,0.340711823154073,29,1,0.358197666879376,30
"GSM1438057",NA,1,0.0700590786915034,1,1,0.0481972941408051,2,1,0.0677928316897199,3,1,0.0677928316897199,4,1,0.0723281070442739,5,1,0.0700590786915034,6,1,0.0748194763476599,7,1,0.0608066743220683,8,1,0.0677928316897199,9,1,0.084873007181851,10,1,0.0608066743220683,11,1,0.0481972941408051,12,1,0.0647386605352551,13,1,0.0748194763476599,14,1,0.0481972941408051,15,1,0.056477267191322,16,1,0.0677928316897199,17,1,0.0608066743220683,18,1,0.0677928316897199,19,1,0.0723281070442739,20,1,0.0748194763476599,21,1,0.0647386605352551,22,1,0.0723281070442739,23,1,0.0608066743220683,24,1,0.0723281070442739,25,1,0.0723281070442739,26,1,0.0608066743220683,27,1,0.0723281070442739,28,1,0.0700590786915034,29,1,0.0677928316897199,30
"GSM1438059",NA,1,0.218560857285928,1,1,0.198591412004945,2,1,0.217695697318767,3,1,0.217695697318767,4,1,0.218423775156057,5,1,0.218560857285928,6,1,0.218171655138963,7,1,0.211254308883927,8,1,0.217695697318767,9,1,0.227625451587232,10,1,0.211254308883927,11,1,0.198591412004945,12,1,0.215094855321297,13,1,0.218171655138963,14,1,0.198591412004945,15,1,0.204743528737321,16,1,0.217695697318767,17,1,0.211254308883927,18,1,0.217695697318767,19,1,0.218423775156057,20,1,0.218171655138963,21,1,0.215094855321297,22,1,0.218423775156057,23,1,0.211254308883927,24,1,0.218423775156057,25,1,0.218423775156057,26,1,0.211254308883927,27,1,0.218423775156057,28,1,0.218560857285928,29,1,0.217695697318767,30
"GSM1438071",NA,1,0.866702573024597,1,1,0.876332937147023,2,1,0.869032548915704,3,1,0.869032548915704,4,1,0.863076793904213,5,1,0.866702573024597,6,1,0.859481348825066,7,1,0.872672458792061,8,1,0.869032548915704,9,1,0.836119767587301,10,1,0.872672458792061,11,1,0.876332937147023,12,1,0.870636241086927,13,1,0.859481348825066,14,1,0.876332937147023,15,1,0.875073242575847,16,1,0.869032548915704,17,1,0.872672458792061,18,1,0.869032548915704,19,1,0.863076793904213,20,1,0.859481348825066,21,1,0.870636241086927,22,1,0.863076793904213,23,1,0.872672458792061,24,1,0.863076793904213,25,1,0.863076793904213,26,1,0.872672458792061,27,1,0.863076793904213,28,1,0.866702573024597,29,1,0.869032548915704,30
"GSM1438072",NA,1,0.661346252838161,1,1,0.707913899021972,2,1,0.66916239301208,3,1,0.66916239301208,4,1,0.648103606913505,5,1,0.661346252838161,6,1,0.633006674144787,7,1,0.685504914706985,8,1,0.66916239301208,9,1,0.574332515581554,10,1,0.685504914706985,11,1,0.707913899021972,12,1,0.677114633789258,13,1,0.633006674144787,14,1,0.707913899021972,15,1,0.694870621924577,16,1,0.66916239301208,17,1,0.685504914706985,18,1,0.66916239301208,19,1,0.648103606913505,20,1,0.633006674144787,21,1,0.677114633789258,22,1,0.648103606913505,23,1,0.685504914706985,24,1,0.648103606913505,25,1,0.648103606913505,26,1,0.685504914706985,27,1,0.648103606913505,28,1,0.661346252838161,29,1,0.66916239301208,30
"GSM1438073",NA,1,0.758791399173838,1,1,0.875767927412443,2,1,0.776965356981797,3,1,0.776965356981797,4,1,0.744881663860727,5,1,0.758791399173838,6,1,0.730904641618917,7,1,0.825667202675234,8,1,0.776965356981797,9,1,0.685400468106349,10,1,0.825667202675234,11,1,0.875767927412443,12,1,0.800924577143853,13,1,0.730904641618917,14,1,0.875767927412443,15,1,0.849066303172204,16,1,0.776965356981797,17,1,0.825667202675234,18,1,0.776965356981797,19,1,0.744881663860727,20,1,0.730904641618917,21,1,0.800924577143853,22,1,0.744881663860727,23,1,0.825667202675234,24,1,0.744881663860727,25,1,0.744881663860727,26,1,0.825667202675234,27,1,0.744881663860727,28,1,0.758791399173838,29,1,0.776965356981797,30
"GSM1438076",NA,0,0.395966703215695,1,0,0.359364926912517,2,0,0.394014747185327,3,0,0.394014747185327,4,0,0.394503682817638,5,0,0.395966703215695,6,0,0.391694751296143,7,0,0.393950617978041,8,0,0.394014747185327,9,0,0.390245301686815,10,0,0.393950617978041,11,0,0.359364926912517,12,0,0.393041015074849,13,0,0.391694751296143,14,0,0.359364926912517,15,0,0.390613197932486,16,0,0.394014747185327,17,0,0.393950617978041,18,0,0.394014747185327,19,0,0.394503682817638,20,0,0.391694751296143,21,0,0.393041015074849,22,0,0.394503682817638,23,0,0.393950617978041,24,0,0.394503682817638,25,0,0.394503682817638,26,0,0.393950617978041,27,0,0.394503682817638,28,0,0.395966703215695,29,0,0.394014747185327,30
"GSM1438081",NA,1,0.729770557185945,1,1,0.73608839460358,2,1,0.73357169540401,3,1,0.73357169540401,4,1,0.722259100543326,5,1,0.729770557185945,6,1,0.715017111601727,7,1,0.738234572678856,8,1,0.73357169540401,9,1,0.676334307873697,10,1,0.738234572678856,11,1,0.73608839460358,12,1,0.735411024429276,13,1,0.715017111601727,14,1,0.73608839460358,15,1,0.737355076765415,16,1,0.73357169540401,17,1,0.738234572678856,18,1,0.73357169540401,19,1,0.722259100543326,20,1,0.715017111601727,21,1,0.735411024429276,22,1,0.722259100543326,23,1,0.738234572678856,24,1,0.722259100543326,25,1,0.722259100543326,26,1,0.738234572678856,27,1,0.722259100543326,28,1,0.729770557185945,29,1,0.73357169540401,30
"GSM1438088",NA,0,0.137216662451968,1,0,0.123443259971929,2,0,0.134873906348535,3,0,0.134873906348535,4,0,0.140293151245574,5,0,0.137216662451968,6,0,0.143590826552283,7,0,0.137100578638238,8,0,0.134873906348535,9,0,0.166417068329014,10,0,0.137100578638238,11,0,0.123443259971929,12,0,0.135766488394307,13,0,0.143590826552283,14,0,0.123443259971929,15,0,0.135906542703832,16,0,0.134873906348535,17,0,0.137100578638238,18,0,0.134873906348535,19,0,0.140293151245574,20,0,0.143590826552283,21,0,0.135766488394307,22,0,0.140293151245574,23,0,0.137100578638238,24,0,0.140293151245574,25,0,0.140293151245574,26,0,0.137100578638238,27,0,0.140293151245574,28,0,0.137216662451968,29,0,0.134873906348535,30
"GSM1438091",NA,0,0.018781310263038,1,0,0.0076008178773594,2,0,0.0168151629548205,3,0,0.0168151629548205,4,0,0.0206217942156411,5,0,0.018781310263038,6,0,0.0226090585851802,7,0,0.0125783993186537,8,0,0.0168151629548205,9,0,0.0322402777864604,10,0,0.0125783993186537,11,0,0.0076008178773594,12,0,0.0147028105459521,13,0,0.0226090585851802,14,0,0.0076008178773594,15,0,0.010522843413454,16,0,0.0168151629548205,17,0,0.0125783993186537,18,0,0.0168151629548205,19,0,0.0206217942156411,20,0,0.0226090585851802,21,0,0.0147028105459521,22,0,0.0206217942156411,23,0,0.0125783993186537,24,0,0.0206217942156411,25,0,0.0206217942156411,26,0,0.0125783993186537,27,0,0.0206217942156411,28,0,0.018781310263038,29,0,0.0168151629548205,30
"GSM1438095",NA,1,0.213774384397815,1,1,0.30254286598267,2,1,0.224631298016598,3,1,0.224631298016598,4,1,0.205678881105629,5,1,0.213774384397815,6,1,0.197073647437371,7,1,0.261549258924068,8,1,0.224631298016598,9,1,0.161776194210772,10,1,0.261549258924068,11,1,0.30254286598267,12,1,0.241373613913343,13,1,0.197073647437371,14,1,0.30254286598267,15,1,0.28449669306851,16,1,0.224631298016598,17,1,0.261549258924068,18,1,0.224631298016598,19,1,0.205678881105629,20,1,0.197073647437371,21,1,0.241373613913343,22,1,0.205678881105629,23,1,0.261549258924068,24,1,0.205678881105629,25,1,0.205678881105629,26,1,0.261549258924068,27,1,0.205678881105629,28,1,0.213774384397815,29,1,0.224631298016598,30
"GSM1438098",NA,0,0.22951484414294,1,0,0.186707070096273,2,0,0.225547439283283,3,0,0.225547439283283,4,0,0.231133304794307,5,0,0.22951484414294,6,0,0.232262788591877,7,0,0.216104495300521,8,0,0.225547439283283,9,0,0.240980527819901,10,0,0.216104495300521,11,0,0.186707070096273,12,0,0.220905119065763,13,0,0.232262788591877,14,0,0.186707070096273,15,0,0.207603551785626,16,0,0.225547439283283,17,0,0.216104495300521,18,0,0.225547439283283,19,0,0.231133304794307,20,0,0.232262788591877,21,0,0.220905119065763,22,0,0.231133304794307,23,0,0.216104495300521,24,0,0.231133304794307,25,0,0.231133304794307,26,0,0.216104495300521,27,0,0.231133304794307,28,0,0.22951484414294,29,0,0.225547439283283,30
"GSM1438099",NA,0,0.0874379405800317,1,0,0.0602863531978208,2,0,0.0827831496671036,3,0,0.0827831496671036,4,0,0.0919827154267161,5,0,0.0874379405800317,6,0,0.0966860371323755,7,0,0.0743378701997943,8,0,0.0827831496671036,9,0,0.118784893328751,10,0,0.0743378701997943,11,0,0.0602863531978208,12,0,0.0785522108124938,13,0,0.0966860371323755,14,0,0.0602863531978208,15,0,0.0689094299785009,16,0,0.0827831496671036,17,0,0.0743378701997943,18,0,0.0827831496671036,19,0,0.0919827154267161,20,0,0.0966860371323755,21,0,0.0785522108124938,22,0,0.0919827154267161,23,0,0.0743378701997943,24,0,0.0919827154267161,25,0,0.0919827154267161,26,0,0.0743378701997943,27,0,0.0919827154267161,28,0,0.0874379405800317,29,0,0.0827831496671036,30
"GSM1438100",NA,0,0.143136291617757,1,0,0.129196545199036,2,0,0.142570095477708,3,0,0.142570095477708,4,0,0.142271894174699,5,0,0.143136291617757,6,0,0.1412441395647,7,0,0.143548372730225,8,0,0.142570095477708,9,0,0.135221980045071,10,0,0.143548372730225,11,0,0.129196545199036,12,0,0.142902995244435,13,0,0.1412441395647,14,0,0.129196545199036,15,0,0.142623816715774,16,0,0.142570095477708,17,0,0.143548372730225,18,0,0.142570095477708,19,0,0.142271894174699,20,0,0.1412441395647,21,0,0.142902995244435,22,0,0.142271894174699,23,0,0.143548372730225,24,0,0.142271894174699,25,0,0.142271894174699,26,0,0.143548372730225,27,0,0.142271894174699,28,0,0.143136291617757,29,0,0.142570095477708,30
"GSM1438103",NA,0,0.0637177332544987,1,0,0.0357499513043686,2,0,0.05950284848168,3,0,0.05950284848168,4,0,0.0675511406456768,5,0,0.0637177332544987,6,0,0.0715279986363396,7,0,0.0491457928572804,8,0,0.05950284848168,9,0,0.0906918108711719,10,0,0.0491457928572804,11,0,0.0357499513043686,12,0,0.0546669187183491,13,0,0.0715279986363396,14,0,0.0357499513043686,15,0,0.0432641796860708,16,0,0.05950284848168,17,0,0.0491457928572804,18,0,0.05950284848168,19,0,0.0675511406456768,20,0,0.0715279986363396,21,0,0.0546669187183491,22,0,0.0675511406456768,23,0,0.0491457928572804,24,0,0.0675511406456768,25,0,0.0675511406456768,26,0,0.0491457928572804,27,0,0.0675511406456768,28,0,0.0637177332544987,29,0,0.05950284848168,30
"GSM1438108",NA,1,0.296081693339313,1,1,0.315053905269873,2,1,0.293744692691813,3,1,0.293744692691813,4,1,0.297488301538202,5,1,0.296081693339313,6,1,0.298610286161252,7,1,0.29642129138053,8,1,0.293744692691813,9,1,0.31208614013089,10,1,0.29642129138053,11,1,0.315053905269873,12,1,0.294513270111478,13,1,0.298610286161252,14,1,0.315053905269873,15,1,0.297521752701268,16,1,0.293744692691813,17,1,0.29642129138053,18,1,0.293744692691813,19,1,0.297488301538202,20,1,0.298610286161252,21,1,0.294513270111478,22,1,0.297488301538202,23,1,0.29642129138053,24,1,0.297488301538202,25,1,0.297488301538202,26,1,0.29642129138053,27,1,0.297488301538202,28,1,0.296081693339313,29,1,0.293744692691813,30
"GSM1438109",NA,0,0.247557440999333,1,0,0.207879726322226,2,0,0.240595272124353,3,0,0.240595272124353,4,0,0.255897806931959,5,0,0.247557440999333,6,0,0.265475860797108,7,0,0.22363615835857,8,0,0.240595272124353,9,0,0.2984728391732,10,0,0.22363615835857,11,0,0.207879726322226,12,0,0.232262135897043,13,0,0.265475860797108,14,0,0.207879726322226,15,0,0.21453022289988,16,0,0.240595272124353,17,0,0.22363615835857,18,0,0.240595272124353,19,0,0.255897806931959,20,0,0.265475860797108,21,0,0.232262135897043,22,0,0.255897806931959,23,0,0.22363615835857,24,0,0.255897806931959,25,0,0.255897806931959,26,0,0.22363615835857,27,0,0.255897806931959,28,0,0.247557440999333,29,0,0.240595272124353,30
"GSM1438112",NA,0,0.122720792798791,1,0,0.0502512768788574,2,0,0.115761915119752,3,0,0.115761915119752,4,0,0.12550917607474,5,0,0.122720792798791,6,0,0.12844007739442,7,0,0.0901661791553979,8,0,0.115761915119752,9,0,0.141148975338818,10,0,0.0901661791553979,11,0,0.0502512768788574,12,0,0.103572028894466,13,0,0.12844007739442,14,0,0.0502512768788574,15,0,0.0731194779081203,16,0,0.115761915119752,17,0,0.0901661791553979,18,0,0.115761915119752,19,0,0.12550917607474,20,0,0.12844007739442,21,0,0.103572028894466,22,0,0.12550917607474,23,0,0.0901661791553979,24,0,0.12550917607474,25,0,0.12550917607474,26,0,0.0901661791553979,27,0,0.12550917607474,28,0,0.122720792798791,29,0,0.115761915119752,30
"GSM1438115",NA,0,0.169766298555531,1,0,0.071413323272911,2,0,0.154207706624044,3,0,0.154207706624044,4,0,0.18076723691171,5,0,0.169766298555531,6,0,0.192682209821868,7,0,0.118153820623568,8,0,0.154207706624044,9,0,0.25439704255881,10,0,0.118153820623568,11,0,0.071413323272911,12,0,0.136058481592398,13,0,0.192682209821868,14,0,0.071413323272911,15,0,0.0995355800403347,16,0,0.154207706624044,17,0,0.118153820623568,18,0,0.154207706624044,19,0,0.18076723691171,20,0,0.192682209821868,21,0,0.136058481592398,22,0,0.18076723691171,23,0,0.118153820623568,24,0,0.18076723691171,25,0,0.18076723691171,26,0,0.118153820623568,27,0,0.18076723691171,28,0,0.169766298555531,29,0,0.154207706624044,30
"GSM1438121",NA,1,0.360481896401932,1,1,0.486056085010937,2,1,0.377045704747702,3,1,0.377045704747702,4,1,0.348407867060128,5,1,0.360481896401932,6,1,0.336581384306112,7,1,0.411107621620669,8,1,0.377045704747702,9,1,0.301300486351226,10,1,0.411107621620669,11,1,0.486056085010937,12,1,0.394853645411748,13,1,0.336581384306112,14,1,0.486056085010937,15,1,0.431441412393049,16,1,0.377045704747702,17,1,0.411107621620669,18,1,0.377045704747702,19,1,0.348407867060128,20,1,0.336581384306112,21,1,0.394853645411748,22,1,0.348407867060128,23,1,0.411107621620669,24,1,0.348407867060128,25,1,0.348407867060128,26,1,0.411107621620669,27,1,0.348407867060128,28,1,0.360481896401932,29,1,0.377045704747702,30
"GSM1438122",NA,1,0.575977594768506,1,1,0.86908215823853,2,1,0.627246525960805,3,1,0.627246525960805,4,1,0.534228007899455,5,1,0.575977594768506,6,1,0.492535239391141,7,1,0.74629716474914,8,1,0.627246525960805,9,1,0.335752997445402,10,1,0.74629716474914,11,1,0.86908215823853,12,1,0.687779044840033,13,1,0.492535239391141,14,1,0.86908215823853,15,1,0.80579775352405,16,1,0.627246525960805,17,1,0.74629716474914,18,1,0.627246525960805,19,1,0.534228007899455,20,1,0.492535239391141,21,1,0.687779044840033,22,1,0.534228007899455,23,1,0.74629716474914,24,1,0.534228007899455,25,1,0.534228007899455,26,1,0.74629716474914,27,1,0.534228007899455,28,1,0.575977594768506,29,1,0.627246525960805,30
"GSM1438124",NA,1,0.664017674778139,1,1,0.767072670589181,2,1,0.674374575329879,3,1,0.674374575329879,4,1,0.654031119415823,5,1,0.664017674778139,6,1,0.643174010814059,7,1,0.697687746110652,8,1,0.674374575329879,9,1,0.588308601834538,10,1,0.697687746110652,11,1,0.767072670589181,12,1,0.685062042074109,13,1,0.643174010814059,14,1,0.767072670589181,15,1,0.715009963873036,16,1,0.674374575329879,17,1,0.697687746110652,18,1,0.674374575329879,19,1,0.654031119415823,20,1,0.643174010814059,21,1,0.685062042074109,22,1,0.654031119415823,23,1,0.697687746110652,24,1,0.654031119415823,25,1,0.654031119415823,26,1,0.697687746110652,27,1,0.654031119415823,28,1,0.664017674778139,29,1,0.674374575329879,30
"GSM1438126",NA,1,0.234591399427063,1,1,0.362392596145962,2,1,0.25123184749659,3,1,0.25123184749659,4,1,0.223265852448694,5,1,0.234591399427063,6,1,0.21250364261223,7,1,0.303331289994969,8,1,0.25123184749659,9,1,0.180796878943338,10,1,0.303331289994969,11,1,0.362392596145962,12,1,0.275275853066978,13,1,0.21250364261223,14,1,0.362392596145962,15,1,0.336350401133697,16,1,0.25123184749659,17,1,0.303331289994969,18,1,0.25123184749659,19,1,0.223265852448694,20,1,0.21250364261223,21,1,0.275275853066978,22,1,0.223265852448694,23,1,0.303331289994969,24,1,0.223265852448694,25,1,0.223265852448694,26,1,0.303331289994969,27,1,0.223265852448694,28,1,0.234591399427063,29,1,0.25123184749659,30
