"","pred_MCP","y.test","p","kcross","y.test","p","kcross","y.test","p","kcross","y.test","p","kcross","y.test","p","kcross","y.test","p","kcross","y.test","p","kcross","y.test","p","kcross","y.test","p","kcross","y.test","p","kcross","y.test","p","kcross","y.test","p","kcross","y.test","p","kcross","y.test","p","kcross","y.test","p","kcross","y.test","p","kcross","y.test","p","kcross","y.test","p","kcross","y.test","p","kcross","y.test","p","kcross","y.test","p","kcross","y.test","p","kcross","y.test","p","kcross","y.test","p","kcross","y.test","p","kcross","y.test","p","kcross","y.test","p","kcross","y.test","p","kcross","y.test","p","kcross","y.test","p","kcross"
"GSM1437801",NA,0,0.14203184063573,1,0,0.119022652965757,2,0,0.126501993309086,3,0,0.13363680846666,4,0,0.144990854077897,5,0,0.130080654204386,6,0,0.137099882635164,7,0,0.137099882635164,8,0,0.137099882635164,9,0,0.200981681251942,10,0,0.119039504952053,11,0,0.119022652965757,12,0,0.130080654204386,13,0,0.14905763249071,14,0,0.137099882635164,15,0,0.11989232619558,16,0,0.130080654204386,17,0,0.122881540133608,18,0,0.122881540133608,19,0,0.126501993309086,20,0,0.14203184063573,21,0,0.140537367638184,22,0,0.152923730621277,23,0,0.11989232619558,24,0,0.14203184063573,25,0,0.13363680846666,26,0,0.11989232619558,27,0,0.164426116262935,28,0,0.158492823831363,29,0,0.119515940318278,30
"GSM1437802",NA,0,0.101638393898912,1,0,0.101845487580364,2,0,0.10405205127223,3,0,0.103437593609395,4,0,0.100901013304045,5,0,0.103857509454127,6,0,0.1028009418489,7,0,0.1028009418489,8,0,0.1028009418489,9,0,0.127873452880438,10,0,0.0990566587528267,11,0,0.101845487580364,12,0,0.103857509454127,13,0,0.0999678013417937,14,0,0.1028009418489,15,0,0.103610662371727,16,0,0.103857509454127,17,0,0.10404556115231,18,0,0.10404556115231,19,0,0.10405205127223,20,0,0.101638393898912,21,0,0.101909472665674,22,0,0.099339521085515,23,0,0.103610662371727,24,0,0.101638393898912,25,0,0.103437593609395,26,0,0.103610662371727,27,0,0.103894919648816,28,0,0.100877399501119,29,0,0.0893727970453967,30
"GSM1437803",NA,0,0.0203508454046449,1,0,0.00986580366623799,2,0,0.0132512099618325,3,0,0.0157180204558518,4,0,0.0227094804797283,5,0,0.0144789773399157,6,0,0.0169699668630918,7,0,0.0169699668630918,8,0,0.0169699668630918,9,0,0.0536479008934917,10,0,0.00897870137306902,11,0,0.00986580366623799,12,0,0.0144789773399157,13,0,0.0248283492683632,14,0,0.0169699668630918,15,0,0.0108802445771003,16,0,0.0144789773399157,17,0,0.0120486870971983,18,0,0.0120486870971983,19,0,0.0132512099618325,20,0,0.0203508454046449,21,0,0.0182093957724429,22,0,0.0270899676617303,23,0,0.0108802445771003,24,0,0.0203508454046449,25,0,0.0157180204558518,26,0,0.0108802445771003,27,0,0.0328625581216209,28,0,0.0293827585390702,29,0,0.00638341269808874,30
"GSM1437805",NA,0,0.485106400329777,1,0,0.591284419394406,2,0,0.543784085083403,3,0,0.519795613359738,4,0,0.468172658664579,5,0,0.531559666719715,6,0,0.508375844746462,7,0,0.508375844746462,8,0,0.508375844746462,9,0,0.394332022145609,10,0,0.618020530170038,11,0,0.591284419394406,12,0,0.531559666719715,13,0,0.444432284778849,14,0,0.508375844746462,15,0,0.570771702661487,16,0,0.531559666719715,17,0,0.556505559309497,18,0,0.556505559309497,19,0,0.543784085083403,20,0,0.485106400329777,21,0,0.497322017833755,22,0,0.42061924933595,23,0,0.570771702661487,24,0,0.485106400329777,25,0,0.519795613359738,26,0,0.570771702661487,27,0,0.399895569812973,28,0,0.402960978907165,29,0,0.707431772329373,30
"GSM1437806",NA,0,0.694868633968502,1,0,0.802669342172397,2,0,0.761803842475449,3,0,0.736105397074847,4,0,0.674889905218888,5,0,0.748834041619683,6,0,0.723583445749936,7,0,0.723583445749936,8,0,0.723583445749936,9,0,0.612920643267608,10,0,0.81687494163249,11,0,0.802669342172397,12,0,0.748834041619683,13,0,0.651147460549672,14,0,0.723583445749936,15,0,0.788682183230895,16,0,0.748834041619683,17,0,0.774978019687316,18,0,0.774978019687316,19,0,0.761803842475449,20,0,0.694868633968502,21,0,0.711334362584605,22,0,0.628413134472234,23,0,0.788682183230895,24,0,0.694868633968502,25,0,0.736105397074847,26,0,0.788682183230895,27,0,0.612913397682587,28,0,0.618111767760193,29,0,0.860101079730512,30
"GSM1437808",NA,0,0.105161846694511,1,0,0.0486433016425746,2,0,0.0673583838250767,3,0,0.0814361641114621,4,0,0.115765916735248,5,0,0.0741684326695873,6,0,0.0891588594306158,7,0,0.0891588594306158,8,0,0.0891588594306158,9,0,0.219076290957594,10,0,0.0426754829882186,11,0,0.0486433016425746,12,0,0.0741684326695873,13,0,0.129580929923257,14,0,0.0891588594306158,15,0,0.0548887686968665,16,0,0.0741684326695873,17,0,0.0609673840375925,18,0,0.0609673840375925,19,0,0.0673583838250767,20,0,0.105161846694511,21,0,0.0974019145666521,22,0,0.145100291101227,23,0,0.0548887686968665,24,0,0.105161846694511,25,0,0.0814361641114621,26,0,0.0548887686968665,27,0,0.176488366389273,28,0,0.162880445421276,29,0,0.0274594325908192,30
"GSM1437810",NA,1,0.252817410647001,1,1,0.363186693779693,2,1,0.310134169100965,3,1,0.284705591028736,4,1,0.252817388380919,5,1,0.297447936574685,6,1,0.27205007856971,7,1,0.27205007856971,8,1,0.27205007856971,9,1,0.300470586578616,10,1,0.389474085276596,11,1,0.363186693779693,12,1,0.297447936574685,13,1,0.254772480352754,14,1,0.27205007856971,15,1,0.338573437638445,16,1,0.297447936574685,17,1,0.322796902769056,18,1,0.322796902769056,19,1,0.310134169100965,20,1,0.252817410647001,21,1,0.259352254544745,22,1,0.256071051621221,23,1,0.338573437638445,24,1,0.252817410647001,25,1,0.284705591028736,26,1,0.338573437638445,27,1,0.258463038486245,28,1,0.255388759912457,29,1,0.47334404471335,30
"GSM1437816",NA,0,0.0914014632597583,1,0,0.0589532424958877,2,0,0.071766418229048,3,0,0.0795353046156312,4,0,0.0953814260133055,5,0,0.0757303482254067,6,0,0.0831779750472212,7,0,0.0831779750472212,8,0,0.0831779750472212,9,0,0.14107212577967,10,0,0.055165650120539,11,0,0.0589532424958877,12,0,0.0757303482254067,13,0,0.0981091032865165,14,0,0.0831779750472212,15,0,0.0633413874667059,16,0,0.0757303482254067,17,0,0.0676846417216923,18,0,0.0676846417216923,19,0,0.071766418229048,20,0,0.0914014632597583,21,0,0.086592686770413,22,0,0.100834863859923,23,0,0.0633413874667059,24,0,0.0914014632597583,25,0,0.0795353046156312,26,0,0.0633413874667059,27,0,0.110714031569572,28,0,0.104961866267375,29,0,0.043690552385093,30
"GSM1437817",NA,0,0.474408798281428,1,0,0.357045254829244,2,0,0.410419231153989,3,0,0.437969343712124,4,0,0.472755689339308,5,0,0.424186548608979,6,0,0.451791957905013,7,0,0.451791957905013,8,0,0.451791957905013,9,0,0.452966035901135,10,0,0.33158007440379,11,0,0.357045254829244,12,0,0.424186548608979,13,0,0.467874061106846,14,0,0.451791957905013,15,0,0.380414713245633,16,0,0.424186548608979,17,0,0.396643792847573,18,0,0.396643792847573,19,0,0.410419231153989,20,0,0.474408798281428,21,0,0.465656740231177,22,0,0.463817572482951,23,0,0.380414713245633,24,0,0.474408798281428,25,0,0.437969343712124,26,0,0.380414713245633,27,0,0.450415064200786,28,0,0.457075875053229,29,0,0.249630028823423,30
"GSM1437819",NA,0,0.278003454436169,1,0,0.344724749172331,2,0,0.316016025163668,3,0,0.299703936394596,4,0,0.269075909503784,5,0,0.307827911560288,6,0,0.291665271388502,7,0,0.291665271388502,8,0,0.291665271388502,9,0,0.262602255700038,10,0,0.358675172705995,11,0,0.344724749172331,12,0,0.307827911560288,13,0,0.255409117844731,14,0,0.291665271388502,15,0,0.333474841804159,16,0,0.307827911560288,17,0,0.324308090968046,18,0,0.324308090968046,19,0,0.316016025163668,20,0,0.278003454436169,21,0,0.28364761463858,22,0,0.24106292752882,23,0,0.333474841804159,24,0,0.278003454436169,25,0,0.299703936394596,26,0,0.333474841804159,27,0,0.237938197176044,28,0,0.234963493318531,29,0,0.407106319687309,30
"GSM1437820",NA,0,0.113861993288194,1,0,0.0992582702971279,2,0,0.104597058974431,3,0,0.108706500150246,4,0,0.113864466048773,5,0,0.106712821365383,6,0,0.110588042427679,7,0,0.110588042427679,8,0,0.110588042427679,9,0,0.156053267821658,10,0,0.098145141882213,11,0,0.0992582702971279,12,0,0.106712821365383,13,0,0.112329093442154,14,0,0.110588042427679,15,0,0.100371534284224,16,0,0.106712821365383,17,0,0.102365491039744,18,0,0.102365491039744,19,0,0.104597058974431,20,0,0.113861993288194,21,0,0.112337651873368,22,0,0.110445362089679,23,0,0.100371534284224,24,0,0.113861993288194,25,0,0.108706500150246,26,0,0.100371534284224,27,0,0.116670267731154,28,0,0.112142947125888,29,0,0.0936172184568878,30
"GSM1437824",NA,0,0.236699475645144,1,0,0.209403282247895,2,0,0.218917523005496,3,0,0.226237094107799,4,0,0.239802520017293,5,0,0.222579967364804,6,0,0.229818938274279,7,0,0.229818938274279,8,0,0.229818938274279,9,0,0.282438478518629,10,0,0.208724655329939,11,0,0.209403282247895,12,0,0.222579967364804,13,0,0.242541766577147,14,0,0.229818938274279,15,0,0.211584726314151,16,0,0.222579967364804,17,0,0.215232920464998,18,0,0.215232920464998,19,0,0.218917523005496,20,0,0.236699475645144,21,0,0.233389793778941,22,0,0.244885378733001,23,0,0.211584726314151,24,0,0.236699475645144,25,0,0.226237094107799,26,0,0.211584726314151,27,0,0.249163587591151,28,0,0.24786597610398,29,0,0.209942440180007,30
"GSM1437828",NA,0,0.140157173953475,1,0,0.0896957701901654,2,0,0.108562604263545,3,0,0.121699553708048,4,0,0.140846088604402,5,0,0.1149829111175,6,0,0.128619764356906,7,0,0.128619764356906,8,0,0.128619764356906,9,0,0.148106512027595,10,0,0.0841473689500531,11,0,0.0896957701901654,12,0,0.1149829111175,13,0,0.139779578157825,14,0,0.128619764356906,15,0,0.0961566216812678,16,0,0.1149829111175,17,0,0.102412818933299,18,0,0.102412818933299,19,0,0.108562604263545,20,0,0.140157173953475,21,0,0.135833282184771,22,0,0.137933223068686,23,0,0.0961566216812678,24,0,0.140157173953475,25,0,0.121699553708048,26,0,0.0961566216812678,27,0,0.141407343533821,28,0,0.139536846610031,29,0,0.0711492527176399,30
"GSM1437836",NA,0,0.023026578090849,1,0,0.0130177049938287,2,0,0.0164570385192271,3,0,0.0189430459637462,4,0,0.025379962437289,5,0,0.0176837774106674,6,0,0.0202333563415638,7,0,0.0202333563415638,8,0,0.0202333563415638,9,0,0.0618275117044553,10,0,0.0118592887450916,11,0,0.0130177049938287,12,0,0.0176837774106674,13,0,0.0282756243760461,14,0,0.0202333563415638,15,0,0.0141221496121666,16,0,0.0176837774106674,17,0,0.0152664480058074,18,0,0.0152664480058074,19,0,0.0164570385192271,20,0,0.023026578090849,21,0,0.0215479239909573,22,0,0.0313722664753474,23,0,0.0141221496121666,24,0,0.023026578090849,25,0,0.0189430459637462,26,0,0.0141221496121666,27,0,0.0404053854671016,28,0,0.0360367014666509,29,0,0.00857992711076148,30
"GSM1437844",NA,1,0.195185524944951,1,1,0.150353649975692,2,1,0.163199037614281,3,1,0.176965161483258,4,1,0.199788752895103,5,1,0.170017176050694,6,1,0.184038764165763,7,1,0.184038764165763,8,1,0.184038764165763,9,1,0.256075969334265,10,1,0.151149840910528,11,1,0.150353649975692,12,1,0.170017176050694,13,1,0.204979147993923,14,1,0.184038764165763,15,1,0.151139691713873,16,1,0.170017176050694,17,1,0.15645486902746,18,1,0.15645486902746,19,1,0.163199037614281,20,1,0.195185524944951,21,1,0.191321292454494,22,1,0.210452317566531,23,1,0.151139691713873,24,1,0.195185524944951,25,1,0.176965161483258,26,1,0.151139691713873,27,1,0.225887150561378,28,1,0.217425791127763,29,1,0.151449172395017,30
"GSM1437854",NA,0,0.0337118630027037,1,0,0.0159008740524093,2,0,0.0221767478222201,3,0,0.0263340742365085,4,0,0.0368111015733672,5,0,0.0242252216019861,6,0,0.0285000240152934,7,0,0.0285000240152934,8,0,0.0285000240152934,9,0,0.0577714875056116,10,0,0.0135216667060009,11,0,0.0159008740524093,12,0,0.0242252216019861,13,0,0.0398891713430466,14,0,0.0285000240152934,15,0,0.0182101793901716,16,0,0.0242252216019861,17,0,0.0202025695175506,18,0,0.0202025695175506,19,0,0.0221767478222201,20,0,0.0337118630027037,21,0,0.0306983138093666,22,0,0.0431990100863918,23,0,0.0182101793901716,24,0,0.0337118630027037,25,0,0.0263340742365085,26,0,0.0182101793901716,27,0,0.0491080091486375,28,0,0.0460468629390484,29,0,0.0077337797319013,30
"GSM1437855",NA,0,0.115507500082681,1,0,0.104443867839491,2,0,0.108641205698727,3,0,0.109797163850159,4,0,0.123614062562987,5,0,0.109368098658436,6,0,0.110019855674548,7,0,0.110019855674548,8,0,0.110019855674548,9,0,0.211123626511059,10,0,0.103231164029525,11,0,0.104443867839491,12,0,0.109368098658436,13,0,0.131373999552409,14,0,0.110019855674548,15,0,0.106285536926185,16,0,0.109368098658436,17,0,0.107681718607921,18,0,0.107681718607921,19,0,0.108641205698727,20,0,0.115507500082681,21,0,0.109890498184025,22,0,0.139580278434613,23,0,0.106285536926185,24,0,0.115507500082681,25,0,0.109797163850159,26,0,0.106285536926185,27,0,0.156255668876313,28,0,0.148726177509074,29,0,0.100553584184225,30
"GSM1437856",NA,1,0.100733278075931,1,1,0.0764354554539265,2,1,0.0835877879979351,3,1,0.0900467869649773,4,1,0.106121706354826,5,1,0.0868176435177447,6,1,0.0932796892017233,7,1,0.0932796892017233,8,1,0.0932796892017233,9,1,0.152024545198661,10,1,0.0758113389134074,11,1,0.0764354554539265,12,1,0.0868176435177447,13,1,0.111737310827759,14,1,0.0932796892017233,15,1,0.0776287042693605,16,1,0.0868176435177447,17,1,0.0803713583784212,18,1,0.0803713583784212,19,1,0.0835877879979351,20,1,0.100733278075931,21,1,0.0964899871855549,22,1,0.117678264589828,23,1,0.0776287042693605,24,1,0.100733278075931,25,1,0.0900467869649773,26,1,0.0776287042693605,27,1,0.136408853994529,28,1,0.128372963865489,29,1,0.0748439473678114,30
"GSM1437861",NA,1,0.883015178693368,1,1,0.948248818656639,2,1,0.925631646081283,3,1,0.910301309712853,4,1,0.866353003437141,5,1,0.918082579384624,6,1,0.902241139553253,7,1,0.902241139553253,8,1,0.902241139553253,9,1,0.679594358767671,10,1,0.956037752864211,11,1,0.948248818656639,12,1,0.918082579384624,13,1,0.844765251467956,14,1,0.902241139553253,15,1,0.940274292188669,16,1,0.918082579384624,17,1,0.932902755477586,18,1,0.932902755477586,19,1,0.925631646081283,20,1,0.883015178693368,21,1,0.894008988639073,22,1,0.81966907685932,23,1,0.940274292188669,24,1,0.883015178693368,25,1,0.910301309712853,26,1,0.940274292188669,27,1,0.772421042392198,28,1,0.795456360334118,29,1,0.975852512662901,30
"GSM1437862",NA,0,0.0636255961359461,1,0,0.0353216114019494,2,0,0.0455873768935579,3,0,0.0521571878797417,4,0,0.0707908687472458,5,0,0.0488989396375012,6,0,0.055371760169659,7,0,0.055371760169659,8,0,0.055371760169659,9,0,0.122442117630909,10,0,0.0315965320008146,11,0,0.0353216114019494,12,0,0.0488989396375012,13,0,0.0791505825545857,14,0,0.055371760169659,15,0,0.0389148796587422,16,0,0.0488989396375012,17,0,0.0422641485236929,18,0,0.0422641485236929,19,0,0.0455873768935579,20,0,0.0636255961359461,21,0,0.058466665349984,22,0,0.0884399602759595,23,0,0.0389148796587422,24,0,0.0636255961359461,25,0,0.0521571878797417,26,0,0.0389148796587422,27,0,0.107355159983792,28,0,0.0987066693628597,29,0,0.0213045279877066,30
"GSM1437873",NA,0,0.221457131219004,1,0,0.310573883510555,2,0,0.273738256340145,3,0,0.249081888578174,4,0,0.221610316751263,5,0,0.261409545881575,6,0,0.236901502528455,7,0,0.236901502528455,8,0,0.236901502528455,9,0,0.241744327603119,10,0,0.321893533441652,11,0,0.310573883510555,12,0,0.261409545881575,13,0,0.221132915215031,14,0,0.236901502528455,15,0,0.298559198890482,16,0,0.261409545881575,17,0,0.2861751712624,18,0,0.2861751712624,19,0,0.273738256340145,20,0,0.221457131219004,21,0,0.224658604569394,22,0,0.220631117150918,23,0,0.298559198890482,24,0,0.221457131219004,25,0,0.249081888578174,26,0,0.298559198890482,27,0,0.226282693772531,28,0,0.22423357658902,29,0,0.358651388646876,30
"GSM1437874",NA,0,0.112535776104238,1,0,0.0491391635533355,2,0,0.0672799249506235,3,0,0.0840095891897532,4,0,0.120331224490936,5,0,0.0751989451526773,6,0,0.0937316447116477,7,0,0.0937316447116477,8,0,0.0937316447116477,9,0,0.188618275267623,10,0,0.0448546046424408,11,0,0.0491391635533355,12,0,0.0751989451526773,13,0,0.12913218813652,14,0,0.0937316447116477,15,0,0.0539890854860497,16,0,0.0751989451526773,17,0,0.0601381653656065,18,0,0.0601381653656065,19,0,0.0672799249506235,20,0,0.112535776104238,21,0,0.104556843094134,22,0,0.138177228737255,23,0,0.0539890854860497,24,0,0.112535776104238,25,0,0.0840095891897532,26,0,0.0539890854860497,27,0,0.153946117500695,28,0,0.146920459490634,29,0,0.0342859611111114,30
"GSM1437876",NA,0,0.0739343095723734,1,0,0.0389261295998751,2,0,0.0503716931098248,3,0,0.0593368196984446,4,0,0.0779975370671063,5,0,0.0547792673691211,6,0,0.0640326648442094,7,0,0.0640326648442094,8,0,0.0640326648442094,9,0,0.139314339214741,10,0,0.036075093255731,11,0,0.0389261295998751,12,0,0.0547792673691211,13,0,0.0812041168195231,14,0,0.0640326648442094,15,0,0.0421328353514119,16,0,0.0547792673691211,17,0,0.0461131825275388,18,0,0.0461131825275388,19,0,0.0503716931098248,20,0,0.0739343095723734,21,0,0.0688736505177403,22,0,0.0847431080521773,23,0,0.0421328353514119,24,0,0.0739343095723734,25,0,0.0593368196984446,26,0,0.0421328353514119,27,0,0.0979161882160486,28,0,0.0893791140217386,29,0,0.0273349229549561,30
"GSM1437885",NA,1,0.437516459841054,1,1,0.758500656328253,2,1,0.64257945363711,3,1,0.556054325309658,4,1,0.406431919892405,5,1,0.600191036842637,6,1,0.510768983001503,7,1,0.510768983001503,8,1,0.510768983001503,9,1,0.280148294376515,10,1,0.789391379968467,11,1,0.758500656328253,12,1,0.600191036842637,13,1,0.367206697568351,14,1,0.510768983001503,15,1,0.72192946824071,16,1,0.600191036842637,17,1,0.682935028660565,18,1,0.682935028660565,19,1,0.64257945363711,20,1,0.437516459841054,21,1,0.46470505099015,22,1,0.328954532570822,23,1,0.72192946824071,24,1,0.437516459841054,25,1,0.556054325309658,26,1,0.72192946824071,27,1,0.278922941700031,28,1,0.297509723124161,29,1,0.871234295569152,30
"GSM1437898",NA,1,0.182376895174996,1,1,0.17633287892046,2,1,0.178939109476375,3,1,0.180569070448793,4,1,0.182080821480971,5,1,0.179830314667258,6,1,0.181100736143796,7,1,0.181100736143796,8,1,0.181100736143796,9,1,0.194280378946247,10,1,0.175461744099492,11,1,0.17633287892046,12,1,0.179830314667258,13,1,0.180749275464801,14,1,0.181100736143796,15,1,0.176831750215042,16,1,0.179830314667258,17,1,0.177893616970907,18,1,0.177893616970907,19,1,0.178939109476375,20,1,0.182376895174996,21,1,0.181459457130132,22,1,0.180029681442972,23,1,0.176831750215042,24,1,0.182376895174996,25,1,0.180569070448793,26,1,0.176831750215042,27,1,0.184689157155995,28,1,0.181978442281514,29,1,0.172136370700343,30
"GSM1437900",NA,0,0.0345810499645126,1,0,0.00721971802262414,2,0,0.0140578698964959,3,0,0.0206481289253878,4,0,0.0386428775758448,5,0,0.0170844964353471,6,0,0.0248290344472197,7,0,0.0248290344472197,8,0,0.0248290344472197,9,0,0.0671394951148204,10,0,0.00560391220522158,11,0,0.00721971802262414,12,0,0.0170844964353471,13,0,0.0423991577279962,14,0,0.0248290344472197,15,0,0.00924866695332666,16,0,0.0170844964353471,17,0,0.0114938128548688,18,0,0.0114938128548688,19,0,0.0140578698964959,20,0,0.0345810499645126,21,0,0.0297283068369202,22,0,0.0463773950279327,23,0,0.00924866695332666,24,0,0.0345810499645126,25,0,0.0206481289253878,26,0,0.00924866695332666,27,0,0.0523414901766002,28,0,0.0487241410543533,29,0,0.00234249336790095,30
"GSM1437905",NA,0,0.155389956035647,1,0,0.0629097704041528,2,0,0.0912274487001551,3,0,0.115988130501753,4,0,0.158242856167752,5,0,0.102961350734848,6,0,0.130286644097315,7,0,0.130286644097315,8,0,0.130286644097315,9,0,0.164488196055128,10,0,0.0559611274443016,11,0,0.0629097704041528,12,0,0.102961350734848,13,0,0.158460233687006,14,0,0.130286644097315,15,0,0.0711423586635469,16,0,0.102961350734848,17,0,0.0806168879870788,18,0,0.0806168879870788,19,0,0.0912274487001551,20,0,0.155389956035647,21,0,0.146160292784162,22,0,0.157921087455478,23,0,0.0711423586635469,24,0,0.155389956035647,25,0,0.115988130501753,26,0,0.0711423586635469,27,0,0.159956272736257,28,0,0.157130548373774,29,0,0.038690230919625,30
"GSM1437906",NA,0,0.0657899024224584,1,0,0.0184151576684989,2,0,0.0300794269029694,3,0,0.0420294010164879,4,0,0.0723002209481328,5,0,0.0356053848303079,6,0,0.0494694837566033,7,0,0.0494694837566033,8,0,0.0494694837566033,9,0,0.126833543718071,10,0,0.0158369904723601,11,0,0.0184151576684989,12,0,0.0356053848303079,13,0,0.0784979884975568,14,0,0.0494694837566033,15,0,0.0214025867189254,16,0,0.0356053848303079,17,0,0.0253189348361008,18,0,0.0253189348361008,19,0,0.0300794269029694,20,0,0.0657899024224584,21,0,0.058122214236445,22,0,0.0848543051580483,23,0,0.0214025867189254,24,0,0.0657899024224584,25,0,0.0420294010164879,26,0,0.0214025867189254,27,0,0.0981670370501456,28,0,0.0909366735161346,29,0,0.00957481439546643,30
"GSM1437911",NA,0,0.36353987475921,1,0,0.239869822236983,2,0,0.286984034324728,3,0,0.321744961958745,4,0,0.351850580159503,5,0,0.303987334877079,6,0,0.340108842238259,7,0,0.340108842238259,8,0,0.340108842238259,9,0,0.318918131646287,10,0,0.227561418845666,11,0,0.239869822236983,12,0,0.303987334877079,13,0,0.333318426716349,14,0,0.340108842238259,15,0,0.254584735604107,16,0,0.303987334877079,17,0,0.270538349831036,18,0,0.270538349831036,19,0,0.286984034324728,20,0,0.36353987475921,21,0,0.35944920736142,22,0,0.315368107105719,23,0,0.254584735604107,24,0,0.36353987475921,25,0,0.321744961958745,26,0,0.254584735604107,27,0,0.309880923159793,28,0,0.306083042100465,29,0,0.188061014955212,30
"GSM1437912",NA,0,0.320319362525616,1,0,0.229977537420575,2,0,0.267564538411571,3,0,0.292006379371084,4,0,0.311124077612626,5,0,0.27953761817442,6,0,0.304839906507518,7,0,0.304839906507518,8,0,0.304839906507518,9,0,0.287003446391893,10,0,0.215760792398947,11,0,0.229977537420575,12,0,0.27953761817442,13,0,0.297373974649931,14,0,0.304839906507518,15,0,0.244107264199963,16,0,0.27953761817442,17,0,0.255949449633337,18,0,0.255949449633337,19,0,0.267564538411571,20,0,0.320319362525616,21,0,0.318318280988698,22,0,0.28514219696993,23,0,0.244107264199963,24,0,0.320319362525616,25,0,0.292006379371084,26,0,0.244107264199963,27,0,0.2822491271467,28,0,0.278912403872773,29,0,0.172879671204285,30
"GSM1437917",NA,0,0.0339445952523253,1,0,0.00822558628796785,2,0,0.0143304326228893,3,0,0.020698472863612,4,0,0.0383723897001771,5,0,0.0172514411365719,6,0,0.0247493557056553,7,0,0.0247493557056553,8,0,0.0247493557056553,9,0,0.0717078854051184,10,0,0.00687246285381741,11,0,0.00822558628796785,12,0,0.0172514411365719,13,0,0.0429907918001824,14,0,0.0247493557056553,15,0,0.00981914478228251,16,0,0.0172514411365719,17,0,0.0118544354469196,18,0,0.0118544354469196,19,0,0.0143304326228893,20,0,0.0339445952523253,21,0,0.0295235036201136,22,0,0.048185938603161,23,0,0.00981914478228251,24,0,0.0339445952523253,25,0,0.020698472863612,26,0,0.00981914478228251,27,0,0.0588838802781706,28,0,0.0535884362657121,29,0,0.00382095197966239,30
"GSM1437920",NA,0,0.131173385381868,1,0,0.131273201077384,2,0,0.134945361221237,3,0,0.133360944574533,4,0,0.131687929963889,5,0,0.134414619013974,6,0,0.1318810967816,7,0,0.1318810967816,8,0,0.1318810967816,9,0,0.136805762578166,10,0,0.126329470068169,11,0,0.131273201077384,12,0,0.134414619013974,13,0,0.130762802074019,14,0,0.1318810967816,15,0,0.134230867586134,16,0,0.134414619013974,17,0,0.134989631006979,18,0,0.134989631006979,19,0,0.134945361221237,20,0,0.131173385381868,21,0,0.129869258016083,22,0,0.129841716985183,23,0,0.134230867586134,24,0,0.131173385381868,25,0,0.133360944574533,26,0,0.134230867586134,27,0,0.127376132145177,28,0,0.127383497443818,29,0,0.107601362022592,30
"GSM1437921",NA,1,0.650188278667165,1,1,0.831573699505284,2,1,0.766216428912805,3,1,0.721341398247343,4,1,0.622888703120553,5,1,0.744228612120139,6,1,0.697613463157419,7,1,0.697613463157419,8,1,0.697613463157419,9,1,0.45556033460104,10,1,0.85102134825139,11,1,0.831573699505284,12,1,0.744228612120139,13,1,0.591259887624637,14,1,0.697613463157419,15,1,0.808917145049906,16,1,0.744228612120139,17,1,0.787320937890129,18,1,0.787320937890129,19,1,0.766216428912805,20,1,0.650188278667165,21,1,0.672991799643289,22,1,0.559798240014809,23,1,0.808917145049906,24,1,0.650188278667165,25,1,0.721341398247343,26,1,0.808917145049906,27,1,0.536926827220211,28,1,0.547052652265486,29,1,0.901660180945998,30
"GSM1437922",NA,0,0.0864968421224688,1,0,0.0466279170197831,2,0,0.0592156451019312,3,0,0.0701502187001679,4,0,0.0872340116606047,5,0,0.0645613925212027,6,0,0.0759394975993323,7,0,0.0759394975993323,8,0,0.0759394975993323,9,0,0.107826389641029,10,0,0.0440503722116656,11,0,0.0466279170197831,12,0,0.0645613925212027,13,0,0.0858274194539153,14,0,0.0759394975993323,15,0,0.0496095452354263,16,0,0.0645613925212027,17,0,0.0540943274570095,18,0,0.0540943274570095,19,0,0.0592156451019312,20,0,0.0864968421224688,21,0,0.0819795868808783,22,0,0.0843586931166865,23,0,0.0496095452354263,24,0,0.0864968421224688,25,0,0.0701502187001679,26,0,0.0496095452354263,27,0,0.0914125356566129,28,0,0.0853255872757151,29,0,0.0357752240018398,30
"GSM1437923",NA,0,0.261635328066899,1,0,0.235757630995842,2,0,0.249790918502621,3,0,0.256569446613815,4,0,0.253007157258403,5,0,0.253394031693368,6,0,0.259228682359818,7,0,0.259228682359818,8,0,0.259228682359818,9,0,0.229122149650389,10,0,0.229660668180341,11,0,0.235757630995842,12,0,0.253394031693368,13,0,0.24010908666549,14,0,0.259228682359818,15,0,0.241128789317653,16,0,0.253394031693368,17,0,0.245728462947139,18,0,0.245728462947139,19,0,0.249790918502621,20,0,0.261635328066899,21,0,0.261459212397112,22,0,0.228088037112199,23,0,0.241128789317653,24,0,0.261635328066899,25,0,0.256569446613815,26,0,0.241128789317653,27,0,0.228262660540151,28,0,0.223095400502038,29,0,0.206234762243382,30
"GSM1437925",NA,0,0.533300710941214,1,0,0.607386942160941,2,0,0.573560340898442,3,0,0.557328456944594,4,0,0.524544925719461,5,0,0.565321040685265,6,0,0.549479873627452,7,0,0.549479873627452,8,0,0.549479873627452,9,0,0.441690510778052,10,0,0.625516116472616,11,0,0.607386942160941,12,0,0.565321040685265,13,0,0.515152059304381,14,0,0.549479873627452,15,0,0.592355207202466,16,0,0.565321040685265,17,0,0.582066380350273,18,0,0.582066380350273,19,0,0.573560340898442,20,0,0.533300710941214,21,0,0.541814080693174,22,0,0.505363285538553,23,0,0.592355207202466,24,0,0.533300710941214,25,0,0.557328456944594,26,0,0.592355207202466,27,0,0.477685048911282,28,0,0.488974549898082,29,0,0.68788795161439,30
"GSM1437930",NA,0,0.337523000251055,1,0,0.241957865762371,2,0,0.27831771889715,3,0,0.30375057469884,4,0,0.344385059127637,5,0,0.291063892500134,6,0,0.316439146637625,7,0,0.316439146637625,8,0,0.316439146637625,9,0,0.411820951693587,10,0,0.234854476633677,11,0,0.241957865762371,12,0,0.291063892500134,13,0,0.347984616517956,14,0,0.316439146637625,15,0,0.252783745514391,16,0,0.291063892500134,17,0,0.26548117356262,18,0,0.26548117356262,19,0,0.27831771889715,20,0,0.337523000251055,21,0,0.329133211950562,22,0,0.352591415859054,23,0,0.252783745514391,24,0,0.337523000251055,25,0,0.30375057469884,26,0,0.252783745514391,27,0,0.386158816523979,28,0,0.370103925328466,29,0,0.214711905452576,30
"GSM1437935",NA,0,0.102167903438693,1,0,0.0420725785599183,2,0,0.0608440292333453,3,0,0.076138040540653,4,0,0.113253834854237,5,0,0.068229983499789,6,0,0.0845742449008805,7,0,0.0845742449008805,8,0,0.0845742449008805,9,0,0.209712602849165,10,0,0.0369641994272049,11,0,0.0420725785599183,12,0,0.068229983499789,13,0,0.127470053069579,14,0,0.0845742449008805,15,0,0.04767042428875,16,0,0.068229983499789,17,0,0.0539597920733605,18,0,0.0539597920733605,19,0,0.0608440292333453,20,0,0.102167903438693,21,0,0.0935605053620201,22,0,0.143654639633851,23,0,0.04767042428875,24,0,0.102167903438693,25,0,0.076138040540653,26,0,0.04767042428875,27,0,0.169728797764201,28,0,0.158993315384421,29,0,0.0231780730278039,30
"GSM1437939",NA,0,0.222410580877853,1,0,0.296514862875522,2,0,0.266589141123997,3,0,0.247752988720025,4,0,0.215851074010087,5,0,0.257308613178126,6,0,0.237991076504026,7,0,0.237991076504026,8,0,0.237991076504026,9,0,0.199783170161199,10,0,0.307042455117066,11,0,0.296514862875522,12,0,0.257308613178126,13,0,0.207765084467053,14,0,0.237991076504026,15,0,0.285116419650547,16,0,0.257308613178126,17,0,0.275664428741895,18,0,0.275664428741895,19,0,0.266589141123997,20,0,0.222410580877853,21,0,0.227903774364289,22,0,0.199012061726713,23,0,0.285116419650547,24,0,0.222410580877853,25,0,0.247752988720025,26,0,0.285116419650547,27,0,0.188722785182656,28,0,0.191135815142674,29,0,0.338238979676365,30
"GSM1437943",NA,1,0.287848393462357,1,1,0.178132217229102,2,1,0.217797435968586,3,1,0.246492373812278,4,1,0.295883721311829,5,1,0.231856245226912,6,1,0.261632116290047,7,1,0.261632116290047,8,1,0.261632116290047,9,1,0.29192059113083,10,1,0.166696487713038,11,1,0.178132217229102,12,1,0.231856245226912,13,1,0.304499230583637,14,1,0.261632116290047,15,1,0.190985003570747,16,1,0.231856245226912,17,1,0.204239849011177,18,1,0.204239849011177,19,1,0.217797435968586,20,1,0.287848393462357,21,1,0.277430524381347,22,1,0.311829141009874,23,1,0.190985003570747,24,1,0.287848393462357,25,1,0.246492373812278,26,1,0.190985003570747,27,1,0.310478730860069,28,1,0.313142904770044,29,1,0.134842258215087,30
"GSM1437951",NA,1,0.7702770619763,1,1,0.88208297822077,2,1,0.846307011165942,3,1,0.81792563117686,4,1,0.747276419626532,5,1,0.832481336901952,6,1,0.802593322766385,7,1,0.802593322766385,8,1,0.802593322766385,9,1,0.556641443041441,10,1,0.891295714516081,11,1,0.88208297822077,12,1,0.832481336901952,13,1,0.718480918653294,14,1,0.802593322766385,15,1,0.871607047643067,16,1,0.832481336901952,17,1,0.859440296049462,18,1,0.859440296049462,19,1,0.846307011165942,20,1,0.7702770619763,21,1,0.786444696135787,22,1,0.687645928102669,23,1,0.871607047643067,24,1,0.7702770619763,25,1,0.81792563117686,26,1,0.871607047643067,27,1,0.621587422645321,28,1,0.652002987504238,29,1,0.917130366896593,30
"GSM1437952",NA,1,0.926590442093289,1,1,0.948218275695159,2,1,0.940686178602353,3,1,0.935440802831191,4,1,0.917662221072129,5,1,0.937953968715228,6,1,0.933124347588911,7,1,0.933124347588911,8,1,0.933124347588911,9,1,0.85747926480772,10,1,0.950026991066155,11,1,0.948218275695159,12,1,0.937953968715228,13,1,0.906207903537589,14,1,0.933124347588911,15,1,0.946377231392865,16,1,0.937953968715228,17,1,0.943602519349175,18,1,0.943602519349175,19,1,0.940686178602353,20,1,0.926590442093289,21,1,0.931067812450405,22,1,0.893979134154681,23,1,0.946377231392865,24,1,0.926590442093289,25,1,0.935440802831191,26,1,0.946377231392865,27,1,0.867460306378637,28,1,0.880651667761391,29,1,0.956528950559833,30
"GSM1437956",NA,0,0.401192254816804,1,0,0.333811278738758,2,0,0.365374964401679,3,0,0.380561058517872,4,0,0.40590904885539,5,0,0.373069326705061,6,0,0.387902693024728,7,0,0.387902693024728,8,0,0.387902693024728,9,0,0.373850336249698,10,0,0.317453725110681,11,0,0.333811278738758,12,0,0.373069326705061,13,0,0.412357781577558,14,0,0.387902693024728,15,0,0.347557265618221,16,0,0.373069326705061,17,0,0.357442120265011,18,0,0.357442120265011,19,0,0.365374964401679,20,0,0.401192254816804,21,0,0.395097046238218,22,0,0.419643646624397,23,0,0.347557265618221,24,0,0.401192254816804,25,0,0.380561058517872,26,0,0.347557265618221,27,0,0.402163895591823,28,0,0.410625739528455,29,0,0.257653698372879,30
"GSM1437960",NA,1,0.923098721220853,1,1,0.979812611958347,2,1,0.964999295456983,3,1,0.951397654063053,4,1,0.910837404224371,5,1,0.958603069684558,6,1,0.943313113912406,7,1,0.943313113912406,8,1,0.943313113912406,9,1,0.79958016003546,10,1,0.983176744079225,11,1,0.979812611958347,12,1,0.958603069684558,13,1,0.897036689074692,14,1,0.943313113912406,15,1,0.975617032292656,16,1,0.958603069684558,17,1,0.970643258256773,18,1,0.970643258256773,19,1,0.964999295456983,20,1,0.923098721220853,21,1,0.934295522182553,22,1,0.88149894866574,23,1,0.975617032292656,24,1,0.923098721220853,25,1,0.951397654063053,26,1,0.975617032292656,27,1,0.851626302228968,28,1,0.868139181067093,29,1,0.990977965697582,30
"GSM1437961",NA,0,0.45414983019278,1,0,0.315799630616937,2,0,0.372983152096146,3,0,0.4085870299363,4,0,0.45425988574985,5,0,0.39083599071344,6,0,0.426100395185289,7,0,0.426100395185289,8,0,0.426100395185289,9,0,0.391808611235539,10,0,0.294513585462318,11,0,0.315799630616937,12,0,0.39083599071344,13,0,0.451658945273734,14,0,0.426100395185289,15,0,0.336435299421959,16,0,0.39083599071344,17,0,0.355000784590135,18,0,0.355000784590135,19,0,0.372983152096146,20,0,0.45414983019278,21,0,0.443489508112505,22,0,0.449847425957592,23,0,0.336435299421959,24,0,0.45414983019278,25,0,0.4085870299363,26,0,0.336435299421959,27,0,0.430917469107956,28,0,0.440924235172005,29,0,0.230139377612448,30
"GSM1437965",NA,0,0.0206794741341793,1,0,0.00638340918314201,2,0,0.0104609043187248,3,0,0.0139860726376481,4,0,0.0219285658370891,5,0,0.0121187505654945,6,0,0.016081749649872,7,0,0.016081749649872,8,0,0.016081749649872,9,0,0.0390814890963641,10,0,0.00529386335116133,11,0,0.00638340918314201,12,0,0.0121187505654945,13,0,0.0225198024898423,14,0,0.016081749649872,15,0,0.00764342073838762,16,0,0.0121187505654945,17,0,0.00898949463608389,18,0,0.00898949463608389,19,0,0.0104609043187248,20,0,0.0206794741341793,21,0,0.0184380905927774,22,0,0.023021904120797,23,0,0.00764342073838762,24,0,0.0206794741341793,25,0,0.0139860726376481,26,0,0.00764342073838762,27,0,0.0262179563356719,28,0,0.0234522143340775,29,0,0.0027715508940346,30
"GSM1437967",NA,1,0.526802886778044,1,1,0.624472865490695,2,1,0.587320529406503,3,1,0.562684775908526,4,1,0.518892754069185,5,1,0.57518629860131,6,1,0.549858753226782,7,1,0.549858753226782,8,1,0.549858753226782,9,1,0.473849624146541,10,1,0.63822250777486,11,1,0.624472865490695,12,1,0.57518629860131,13,1,0.511183440614647,14,1,0.549858753226782,15,1,0.611032245977354,16,1,0.57518629860131,17,1,0.599133406498039,18,1,0.599133406498039,19,1,0.587320529406503,20,1,0.526802886778044,21,1,0.536603519228758,22,1,0.503943861690213,23,1,0.611032245977354,24,1,0.526802886778044,25,1,0.562684775908526,26,1,0.611032245977354,27,1,0.482853350621211,28,1,0.491357446102787,29,1,0.677004026393696,30
"GSM1437974",NA,0,0.0637538419244621,1,0,0.0200395210414543,2,0,0.033310040217623,3,0,0.044135910920085,4,0,0.0719290600674209,5,0,0.038490677413288,6,0,0.0502763087335322,7,0,0.0502763087335322,8,0,0.0502763087335322,9,0,0.113893719821537,10,0,0.0165462292299578,11,0,0.0200395210414543,12,0,0.038490677413288,13,0,0.081639728630622,14,0,0.0502763087335322,15,0,0.0241685111477068,16,0,0.038490677413288,17,0,0.0285829384217244,18,0,0.0285829384217244,19,0,0.033310040217623,20,0,0.0637538419244621,21,0,0.0569072166927078,22,0,0.0919366288562787,23,0,0.0241685111477068,24,0,0.0637538419244621,25,0,0.044135910920085,26,0,0.0241685111477068,27,0,0.103019879029567,28,0,0.0975536013654682,29,0,0.00827788775391429,30
"GSM1437981",NA,0,0.176384336414869,1,0,0.14325827964286,2,0,0.158419589994339,3,0,0.165848994431084,4,0,0.181759578394008,5,0,0.162250783080161,6,0,0.169250166160541,7,0,0.169250166160541,8,0,0.169250166160541,9,0,0.270542513500328,10,0,0.137695278521097,11,0,0.14325827964286,12,0,0.162250783080161,13,0,0.187355931688356,14,0,0.169250166160541,15,0,0.14941617888282,16,0,0.162250783080161,17,0,0.154359365181622,18,0,0.154359365181622,19,0,0.158419589994339,20,0,0.176384336414869,21,0,0.172417400425865,22,0,0.193320038595376,23,0,0.14941617888282,24,0,0.176384336414869,25,0,0.165848994431084,26,0,0.14941617888282,27,0,0.219735477919629,28,0,0.205893009730051,29,0,0.118945111237996,30
"GSM1437984",NA,0,0.0266060954699855,1,0,0.00745328996799886,2,0,0.0122935250132916,3,0,0.0170729094387968,4,0,0.0299432054153567,5,0,0.0145127417002807,6,0,0.0200130531299046,7,0,0.0200130531299046,8,0,0.0200130531299046,9,0,0.0780460594956649,10,0,0.0062977191160106,11,0,0.00745328996799886,12,0,0.0145127417002807,13,0,0.0336003609419913,14,0,0.0200130531299046,15,0,0.00875655099113658,16,0,0.0145127417002807,17,0,0.0103678149152597,18,0,0.0103678149152597,19,0,0.0122935250132916,20,0,0.0266060954699855,21,0,0.0234046537403177,22,0,0.0376888688032736,23,0,0.00875655099113658,24,0,0.0266060954699855,25,0,0.0170729094387968,26,0,0.00875655099113658,27,0,0.0509341638449906,28,0,0.0439198898214153,29,0,0.00358636808713255,30
"GSM1437986",NA,1,0.484538868778144,1,1,0.39777064425288,2,1,0.435971340410229,3,1,0.458372308008924,4,1,0.481934059952315,5,1,0.447068696733979,6,1,0.469804843494908,7,1,0.469804843494908,8,1,0.469804843494908,9,1,0.459870896749046,10,1,0.380209090716771,11,1,0.39777064425288,12,1,0.447068696733979,13,1,0.480393977103682,14,1,0.469804843494908,15,1,0.412883709675631,16,1,0.447068696733979,17,1,0.424950599606666,18,1,0.424950599606666,19,1,0.435971340410229,20,1,0.484538868778144,21,1,0.481569308773888,22,1,0.479563821993139,23,1,0.412883709675631,24,1,0.484538868778144,25,1,0.458372308008924,26,1,0.412883709675631,27,1,0.469835018833707,28,1,0.473247929894954,29,1,0.317632572159234,30
"GSM1437991",NA,1,0.683860780655831,1,1,0.812349893832526,2,1,0.763760477426827,3,1,0.73296960131448,4,1,0.672634954202234,5,1,0.74851421038098,6,1,0.717122231061146,7,1,0.717122231061146,8,1,0.717122231061146,9,1,0.604750626955896,10,1,0.832010616288793,11,1,0.812349893832526,12,1,0.74851421038098,13,1,0.664265778769443,14,1,0.717122231061146,15,1,0.794114296850098,16,1,0.74851421038098,17,1,0.778730723695946,18,1,0.778730723695946,19,1,0.763760477426827,20,1,0.683860780655831,21,1,0.700936737978235,22,1,0.655713341609706,23,1,0.794114296850098,24,1,0.683860780655831,25,1,0.73296960131448,26,1,0.794114296850098,27,1,0.639383857073581,28,1,0.652513492793068,29,1,0.886595918304113,30
"GSM1437995",NA,0,0.0521905731098442,1,0,0.0247695237571548,2,0,0.0335819518422903,3,0,0.0405996305549534,4,0,0.0546698859103114,5,0,0.0369793810795166,6,0,0.0444406316839531,7,0,0.0444406316839531,8,0,0.0444406316839531,9,0,0.0849828201084009,10,0,0.0222871645821507,11,0,0.0247695237571548,12,0,0.0369793810795166,13,0,0.0563263727921655,14,0,0.0444406316839531,15,0,0.0274376793567343,16,0,0.0369793810795166,17,0,0.0303947724893083,18,0,0.0303947724893083,19,0,0.0335819518422903,20,0,0.0521905731098442,21,0,0.0485226620748796,22,0,0.0580980883328029,23,0,0.0274376793567343,24,0,0.0521905731098442,25,0,0.0405996305549534,26,0,0.0274376793567343,27,0,0.0698004909646177,28,0,0.0632384551199977,29,0,0.0156749603286682,30
"GSM1437996",NA,0,0.155544043373431,1,0,0.106464607367198,2,0,0.125494612065626,3,0,0.137152600148412,4,0,0.15994959496145,5,0,0.131218453099681,6,0,0.143296027105566,7,0,0.143296027105566,8,0,0.143296027105566,9,0,0.185745371954466,10,0,0.100238471832743,11,0,0.106464607367198,12,0,0.131218453099681,13,0,0.16313131781335,14,0,0.143296027105566,15,0,0.11378716229785,16,0,0.131218453099681,17,0,0.119972550555837,18,0,0.119972550555837,19,0,0.125494612065626,20,0,0.155544043373431,21,0,0.149663704453328,22,0,0.166338169180732,23,0,0.11378716229785,24,0,0.155544043373431,25,0,0.137152600148412,26,0,0.11378716229785,27,0,0.17454259297427,28,0,0.169992057297783,29,0,0.0838425860145619,30
"GSM1438001",NA,0,0.242044056213846,1,0,0.156407944108451,2,0,0.185597504213316,3,0,0.209675599062394,4,0,0.244170122796317,5,0,0.197322960077518,6,0,0.222554348292676,7,0,0.222554348292676,8,0,0.222554348292676,9,0,0.272649747640315,10,0,0.148873817715915,11,0,0.156407944108451,12,0,0.197322960077518,13,0,0.246477685737217,14,0,0.222554348292676,15,0,0.164303170486323,16,0,0.197322960077518,17,0,0.17439461816862,18,0,0.17439461816862,19,0,0.185597504213316,20,0,0.242044056213846,21,0,0.236175509567516,22,0,0.247425007982689,23,0,0.164303170486323,24,0,0.242044056213846,25,0,0.209675599062394,26,0,0.164303170486323,27,0,0.237666046025796,28,0,0.242818785007618,29,0,0.126080434042026,30
"GSM1438007",NA,0,0.15472621331689,1,0,0.117897278119416,2,0,0.134030258858316,3,0,0.142415630183214,4,0,0.158983675636801,5,0,0.138310212400188,6,0,0.146354409995339,7,0,0.146354409995339,8,0,0.146354409995339,9,0,0.202453945871951,10,0,0.111296231187878,11,0,0.117897278119416,12,0,0.138310212400188,13,0,0.162558631186384,14,0,0.146354409995339,15,0,0.12448354898751,16,0,0.138310212400188,17,0,0.129613262070732,18,0,0.129613262070732,19,0,0.134030258858316,20,0,0.15472621331689,21,0,0.150058104932862,22,0,0.165911432014925,23,0,0.12448354898751,24,0,0.15472621331689,25,0,0.142415630183214,26,0,0.12448354898751,27,0,0.178363619794854,28,0,0.17282750341804,29,0,0.0918033576049262,30
"GSM1438008",NA,0,0.0840841414367135,1,0,0.0381957081961473,2,0,0.05231876065683,3,0,0.0637093349126067,4,0,0.0925049441852309,5,0,0.0578008575110707,6,0,0.0700585624402653,7,0,0.0700585624402653,8,0,0.0700585624402653,9,0,0.168533896412409,10,0,0.0350818191267173,11,0,0.0381957081961473,12,0,0.0578008575110707,13,0,0.101581956887378,14,0,0.0700585624402653,15,0,0.0424189468549565,16,0,0.0578008575110707,17,0,0.0472295249543224,18,0,0.0472295249543224,19,0,0.05231876065683,20,0,0.0840841414367135,21,0,0.0769001589135017,22,0,0.11114099667571,23,0,0.0424189468549565,24,0,0.0840841414367135,25,0,0.0637093349126067,26,0,0.0424189468549565,27,0,0.132136646409574,28,0,0.121501656098456,29,0,0.0270432952389904,30
"GSM1438009",NA,0,0.265249884895335,1,0,0.320708580211526,2,0,0.30333574070253,3,0,0.28735688154142,4,0,0.257792260939114,5,0,0.295235969180152,6,0,0.279614549994978,7,0,0.279614549994978,8,0,0.279614549994978,9,0,0.191872144664601,10,0,0.319562484646997,11,0,0.320708580211526,12,0,0.295235969180152,13,0,0.249685838461352,14,0,0.279614549994978,15,0,0.318957868094343,16,0,0.295235969180152,17,0,0.311743300967309,18,0,0.311743300967309,19,0,0.30333574070253,20,0,0.265249884895335,21,0,0.271955858130131,22,0,0.240629699044322,23,0,0.318957868094343,24,0,0.265249884895335,25,0,0.28735688154142,26,0,0.318957868094343,27,0,0.224411736043193,28,0,0.232361698737769,29,0,0.318940776804085,30
"GSM1438010",NA,0,0.237622282547704,1,0,0.127500301345446,2,0,0.165681471592402,3,0,0.1942303452721,4,0,0.245494296858303,5,0,0.179420832634364,6,0,0.210034464333586,7,0,0.210034464333586,8,0,0.210034464333586,9,0,0.235064015355727,10,0,0.116199067132803,11,0,0.127500301345446,12,0,0.179420832634364,13,0,0.254515454567701,14,0,0.210034464333586,15,0,0.140197981350672,16,0,0.179420832634364,17,0,0.152867354327104,18,0,0.152867354327104,19,0,0.165681471592402,20,0,0.237622282547704,21,0,0.227105932472106,22,0,0.262971344958422,23,0,0.140197981350672,24,0,0.237622282547704,25,0,0.1942303452721,26,0,0.140197981350672,27,0,0.2585490337481,28,0,0.261272445364302,29,0,0.086466436048216,30
"GSM1438014",NA,1,0.263447538108528,1,1,0.232902514663345,2,1,0.245090904992132,3,1,0.252948124640685,4,1,0.264135331698044,5,1,0.249110049118102,6,1,0.256606222874721,7,1,0.256606222874721,8,1,0.256606222874721,9,1,0.28476836824665,10,1,0.229678736145878,11,1,0.232902514663345,12,1,0.249110049118102,13,1,0.263414168532712,14,1,0.256606222874721,15,1,0.236503955619068,16,1,0.249110049118102,17,1,0.240876009777197,18,1,0.240876009777197,19,1,0.245090904992132,20,1,0.263447538108528,21,1,0.260096792546548,22,1,0.26276854775019,23,1,0.236503955619068,24,1,0.263447538108528,25,1,0.252948124640685,26,1,0.236503955619068,27,1,0.269150204890683,28,1,0.265376804387887,29,1,0.216601956025192,30
"GSM1438019",NA,0,0.535464864888496,1,0,0.824777556009009,2,0,0.730115886732802,3,0,0.653786894590513,4,0,0.495909735100955,5,0,0.693238033714675,6,0,0.612170096194443,7,0,0.612170096194443,8,0,0.612170096194443,9,0,0.292665937935921,10,0,0.850906893104396,11,0,0.824777556009009,12,0,0.693238033714675,13,0,0.44714591027506,14,0,0.612170096194443,15,0,0.795905027623328,16,0,0.693238033714675,17,0,0.764346299640807,18,0,0.764346299640807,19,0,0.730115886732802,20,0,0.535464864888496,21,0,0.568532804333468,22,0,0.398449398056134,23,0,0.795905027623328,24,0,0.535464864888496,25,0,0.653786894590513,26,0,0.795905027623328,27,0,0.338379103725826,28,0,0.36166804000986,29,0,0.915312248712396,30
"GSM1438023",NA,0,0.298443637729544,1,0,0.215819048032128,2,0,0.240275586655928,3,0,0.264638821386154,4,0,0.298678866359412,5,0,0.251982648996894,6,0,0.278083641678386,7,0,0.278083641678386,8,0,0.278083641678386,9,0,0.358095108727699,10,0,0.212090404627717,11,0,0.215819048032128,12,0,0.251982648996894,13,0,0.295963259904491,14,0,0.278083641678386,15,0,0.220680137435998,16,0,0.251982648996894,17,0,0.229375651357417,18,0,0.229375651357417,19,0,0.240275586655928,20,0,0.298443637729544,21,0,0.292630035073283,22,0,0.292710402692192,23,0,0.220680137435998,24,0,0.298443637729544,25,0,0.264638821386154,26,0,0.220680137435998,27,0,0.305754822792405,28,0,0.299824641853169,29,0,0.206107962626132,30
"GSM1438025",NA,1,0.76529554386625,1,1,0.813465961978928,2,1,0.790788946267783,3,1,0.78009932329871,4,1,0.76129339020466,5,1,0.78521767640877,6,1,0.775424816430652,7,1,0.775424816430652,8,1,0.775424816430652,9,1,0.715643854995054,10,1,0.822141262450829,11,1,0.813465961978928,12,1,0.78521767640877,13,1,0.758774205923546,14,1,0.775424816430652,15,1,0.804098531152626,16,1,0.78521767640877,17,1,0.796783408550574,18,1,0.796783408550574,19,1,0.790788946267783,20,1,0.76529554386625,21,1,0.771235012174748,22,1,0.757298814544091,23,1,0.804098531152626,24,1,0.76529554386625,25,1,0.78009932329871,26,1,0.804098531152626,27,1,0.752752660528033,28,1,0.758586954350439,29,1,0.848972903497597,30
"GSM1438029",NA,0,0.188511525592542,1,0,0.224607892764099,2,0,0.204828953159728,3,0,0.196461620160633,4,0,0.194147181855832,5,0,0.200638632318323,6,0,0.192354355026393,7,0,0.192354355026393,8,0,0.192354355026393,9,0,0.228168715026297,10,0,0.23490410161909,11,0,0.224607892764099,12,0,0.200638632318323,13,0,0.201325988138236,14,0,0.192354355026393,15,0,0.215047099557489,16,0,0.200638632318323,17,0,0.209126951657034,18,0,0.209126951657034,19,0,0.204828953159728,20,0,0.188511525592542,21,0,0.18815957341596,22,0,0.208615621699852,23,0,0.215047099557489,24,0,0.188511525592542,25,0,0.196461620160633,26,0,0.215047099557489,27,0,0.221087652933564,28,0,0.217700334152212,29,0,0.275403356617042,30
"GSM1438033",NA,0,0.301848888673868,1,0,0.417541570195224,2,0,0.370269485362638,3,0,0.338641246175013,4,0,0.305567880471805,5,0,0.354556230677527,6,0,0.32283145850473,7,0,0.32283145850473,8,0,0.32283145850473,9,0,0.392140194897872,10,0,0.433585613153236,11,0,0.417541570195224,12,0,0.354556230677527,13,0,0.309623309812427,14,0,0.32283145850473,15,0,0.401471376428331,16,0,0.354556230677527,17,0,0.385903674405117,18,0,0.385903674405117,19,0,0.370269485362638,20,0,0.301848888673868,21,0,0.306779856066508,22,0,0.315115043973722,23,0,0.401471376428331,24,0,0.301848888673868,25,0,0.338641246175013,26,0,0.401471376428331,27,0,0.326661689567996,28,0,0.322724879724188,29,0,0.480207051272663,30
"GSM1438034",NA,0,0.269662666524654,1,0,0.184318498607722,2,0,0.217613694403286,3,0,0.238029549475936,4,0,0.280596605172263,5,0,0.227876699373248,6,0,0.248131740847184,7,0,0.248131740847184,8,0,0.248131740847184,9,0,0.39104237377942,10,0,0.17325125939005,11,0,0.184318498607722,12,0,0.227876699373248,13,0,0.29021313030454,14,0,0.248131740847184,15,0,0.196209950148849,16,0,0.227876699373248,17,0,0.207243516785506,18,0,0.207243516785506,19,0,0.217613694403286,20,0,0.269662666524654,21,0,0.258133948789248,22,0,0.300416731728354,23,0,0.196209950148849,24,0,0.269662666524654,25,0,0.238029549475936,26,0,0.196209950148849,27,0,0.316405601892882,28,0,0.308643373456197,29,0,0.137810802854547,30
"GSM1438035",NA,0,0.722783656705309,1,0,0.744428636793448,2,0,0.729484199276674,3,0,0.727858127764254,4,0,0.718192373407576,5,0,0.728551480830726,6,0,0.727372694583598,7,0,0.727372694583598,8,0,0.727372694583598,9,0,0.716913729250984,10,0,0.758089978099078,11,0,0.744428636793448,12,0,0.728551480830726,13,0,0.71385737959058,14,0,0.727372694583598,15,0,0.733993023254764,16,0,0.728551480830726,17,0,0.730592714035542,18,0,0.730592714035542,19,0,0.729484199276674,20,0,0.722783656705309,21,0,0.727193789538536,22,0,0.708786955149463,23,0,0.733993023254764,24,0,0.722783656705309,25,0,0.727858127764254,26,0,0.733993023254764,27,0,0.694901547633792,28,0,0.70238370407488,29,0,0.798810175664039,30
"GSM1438038",NA,0,0.0581343700397837,1,0,0.019659616615894,2,0,0.0302418169102797,3,0,0.0398566519377175,4,0,0.0658705605663802,5,0,0.0347713139280394,6,0,0.0455457662131834,7,0,0.0455457662131834,8,0,0.0455457662131834,9,0,0.158907322613181,10,0,0.01712814869946,11,0,0.019659616615894,12,0,0.0347713139280394,13,0,0.0753377317666133,14,0,0.0455457662131834,15,0,0.0226709425486754,16,0,0.0347713139280394,17,0,0.0262053482944756,18,0,0.0262053482944756,19,0,0.0302418169102797,20,0,0.0581343700397837,21,0,0.0519264472251691,22,0,0.0858568251331579,23,0,0.0226709425486754,24,0,0.0581343700397837,25,0,0.0398566519377175,26,0,0.0226709425486754,27,0,0.109739514769001,28,0,0.0987419136879981,29,0,0.0109039832980791,30
"GSM1438039",NA,0,0.115823315702006,1,0,0.0481504714407204,2,0,0.0686363410918963,3,0,0.0863463767614763,4,0,0.123787234092077,5,0,0.0770334120192827,6,0,0.0966177776453112,7,0,0.0966177776453112,8,0,0.0966177776453112,9,0,0.156773015524409,10,0,0.0424996718553906,11,0,0.0481504714407204,12,0,0.0770334120192827,13,0,0.133496318856934,14,0,0.0966177776453112,15,0,0.0542401223998663,16,0,0.0770334120192827,17,0,0.0610318224835243,18,0,0.0610318224835243,19,0,0.0686363410918963,20,0,0.115823315702006,21,0,0.108050840705804,22,0,0.14276820317742,23,0,0.0542401223998663,24,0,0.115823315702006,25,0,0.0863463767614763,26,0,0.0542401223998663,27,0,0.151397942660437,28,0,0.14657693633952,29,0,0.0279978437533725,30
"GSM1438041",NA,1,0.49903602212937,1,1,0.440582890789542,2,1,0.462199616175262,3,1,0.477235234294169,4,1,0.506323119745549,5,1,0.469778245172565,6,1,0.484624369999647,7,1,0.484624369999647,8,1,0.484624369999647,9,1,0.538364666180614,10,1,0.435330690563351,11,1,0.440582890789542,12,1,0.469778245172565,13,1,0.514196243108253,14,1,0.484624369999647,15,1,0.446724404002523,16,1,0.469778245172565,17,1,0.454477476158901,18,1,0.454477476158901,19,1,0.462199616175262,20,1,0.49903602212937,21,1,0.49192985305487,22,1,0.522234010657583,23,1,0.446724404002523,24,1,0.49903602212937,25,1,0.477235234294169,26,1,0.446724404002523,27,1,0.525927705234997,28,1,0.526206461282045,29,1,0.415540838940165,30
"GSM1438042",NA,1,0.360311558606495,1,1,0.294985156595943,2,1,0.318565789200559,3,1,0.336663931646853,4,1,0.362767042881328,5,1,0.327535416806817,6,1,0.345856474146522,7,1,0.345856474146522,8,1,0.345856474146522,9,1,0.39444201125757,10,1,0.290229033774127,11,1,0.294985156595943,12,1,0.327535416806817,13,1,0.363765042808705,14,1,0.345856474146522,15,1,0.301427728300093,16,1,0.327535416806817,17,1,0.309729198512239,18,1,0.309729198512239,19,1,0.318565789200559,20,1,0.360311558606495,21,1,0.355198123158917,22,1,0.365139150716033,23,1,0.301427728300093,24,1,0.360311558606495,25,1,0.336663931646853,26,1,0.301427728300093,27,1,0.379110536642218,28,1,0.372891064917464,29,1,0.27778001477655,30
"GSM1438043",NA,0,0.246622966893923,1,0,0.107698741897802,2,0,0.150954830929399,3,0,0.187918285535672,4,0,0.256815116017723,5,0,0.168586573645713,6,0,0.208866622384545,7,0,0.208866622384545,8,0,0.208866622384545,9,0,0.272945003194937,10,0,0.0969345552036258,11,0,0.107698741897802,12,0,0.168586573645713,13,0,0.267109964748184,14,0,0.208866622384545,15,0,0.120293375030392,16,0,0.168586573645713,17,0,0.134843113126094,18,0,0.134843113126094,19,0,0.150954830929399,20,0,0.246622966893923,21,0,0.231742116374156,22,0,0.276493490577782,23,0,0.120293375030392,24,0,0.246622966893923,25,0,0.187918285535672,26,0,0.120293375030392,27,0,0.284503030408953,28,0,0.28067311636818,29,0,0.0694439005588049,30
"GSM1438050",NA,1,0.715807090506684,1,1,0.733835968107192,2,1,0.730957208264159,3,1,0.727082537662243,4,1,0.698142805751727,5,1,0.728952782716648,6,1,0.725243408033681,7,1,0.725243408033681,8,1,0.725243408033681,9,1,0.55795967462957,10,1,0.734439859401299,11,1,0.733835968107192,12,1,0.728952782716648,13,1,0.675890506080288,14,1,0.725243408033681,15,1,0.734457610952902,16,1,0.728952782716648,17,1,0.73304817587568,18,1,0.73304817587568,19,1,0.730957208264159,20,1,0.715807090506684,21,1,0.723562265862751,22,1,0.652247777662189,23,1,0.734457610952902,24,1,0.715807090506684,25,1,0.727082537662243,26,1,0.734457610952902,27,1,0.607885235338929,28,1,0.624828180703267,29,1,0.735564295958654,30
"GSM1438051",NA,1,0.485048669642025,1,1,0.547423831884714,2,1,0.533512571196969,3,1,0.513570425563754,4,1,0.476496673731793,5,1,0.523973341319851,6,1,0.502490004461675,7,1,0.502490004461675,8,1,0.502490004461675,9,1,0.352153651640233,10,1,0.543482857411255,11,1,0.547423831884714,12,1,0.523973341319851,13,1,0.465082871780765,14,1,0.502490004461675,15,1,0.548199234909614,16,1,0.523973341319851,17,1,0.542206578079793,18,1,0.542206578079793,19,1,0.533512571196969,20,1,0.485048669642025,21,1,0.490576902292306,22,1,0.451863362085044,23,1,0.548199234909614,24,1,0.485048669642025,25,1,0.513570425563754,26,1,0.548199234909614,27,1,0.420141075729375,28,1,0.428957296782691,29,1,0.516662757260857,30
"GSM1438052",NA,1,0.470020296935099,1,1,0.47994166832594,2,1,0.478182579467799,3,1,0.476758585803242,4,1,0.454240973256033,5,1,0.477306979478299,6,1,0.4764172388866,7,1,0.4764172388866,8,1,0.4764172388866,9,1,0.3193024126849,10,1,0.4778975540729,11,1,0.47994166832594,12,1,0.477306979478299,13,1,0.433340084349781,14,1,0.4764172388866,15,1,0.480720583626949,16,1,0.477306979478299,17,1,0.479357497231681,18,1,0.479357497231681,19,1,0.478182579467799,20,1,0.470020296935099,21,1,0.476393256010013,22,1,0.410869243524843,23,1,0.480720583626949,24,1,0.470020296935099,25,1,0.476758585803242,26,1,0.480720583626949,27,1,0.374379905444022,28,1,0.386943251878703,29,1,0.474314356828937,30
"GSM1438057",NA,1,0.0849305208370633,1,1,0.0360620966751505,2,1,0.051726271745836,3,1,0.0641053047451796,4,1,0.0923800223073089,5,1,0.057718873590384,6,1,0.0708896585521901,7,1,0.0708896585521901,8,1,0.0708896585521901,9,1,0.141166318091905,10,1,0.0316629738490181,11,1,0.0360620966751505,12,1,0.057718873590384,13,1,0.100728282377873,14,1,0.0708896585521901,15,1,0.040908559722919,16,1,0.057718873590384,17,1,0.0461108922991677,18,1,0.0461108922991677,19,1,0.051726271745836,20,1,0.0849305208370633,21,1,0.0780973439708677,22,1,0.109260499165659,23,1,0.040908559722919,24,1,0.0849305208370633,25,1,0.0641053047451796,26,1,0.040908559722919,27,1,0.121659758066936,28,1,0.114869215905471,29,1,0.0203445520390525,30
"GSM1438059",NA,1,0.226543355110657,1,1,0.261727106574703,2,1,0.252193845144876,3,1,0.241317975803753,4,1,0.226034633009295,5,1,0.246925875311451,6,1,0.235477142103272,7,1,0.235477142103272,8,1,0.235477142103272,9,1,0.248159907894604,10,1,0.262235131535723,11,1,0.261727106574703,12,1,0.246925875311451,13,1,0.224693984107379,14,1,0.235477142103272,15,1,0.260951110664947,16,1,0.246925875311451,17,1,0.257195211022998,18,1,0.257195211022998,19,1,0.252193845144876,20,1,0.226543355110657,21,1,0.22923655165351,22,1,0.223149209822834,23,1,0.260951110664947,24,1,0.226543355110657,25,1,0.241317975803753,26,1,0.260951110664947,27,1,0.218956277554234,28,1,0.222039707208479,29,1,0.261625732351917,30
"GSM1438071",NA,1,0.809258567452872,1,1,0.866759322776985,2,1,0.848265261259998,3,1,0.833565021377315,4,1,0.798622802881387,5,1,0.840946756642459,6,1,0.826039517965153,7,1,0.826039517965153,8,1,0.826039517965153,9,1,0.667763719566347,10,1,0.871436186945768,11,1,0.866759322776985,12,1,0.840946756642459,13,1,0.788836609675926,14,1,0.826039517965153,15,1,0.861845383660766,16,1,0.840946756642459,17,1,0.855481654788756,18,1,0.855481654788756,19,1,0.848265261259998,20,1,0.809258567452872,21,1,0.818472859071793,22,1,0.779167034785624,23,1,0.861845383660766,24,1,0.809258567452872,25,1,0.833565021377315,26,1,0.861845383660766,27,1,0.761609867590057,28,1,0.769498941929271,29,1,0.884944217020524,30
"GSM1438072",NA,1,0.47434839774425,1,1,0.442832227478746,2,1,0.456598249668301,3,1,0.46813285413054,4,1,0.461461441843151,5,1,0.462299333963536,6,1,0.47387139294972,7,1,0.47387139294972,8,1,0.47387139294972,9,1,0.371374403936694,10,1,0.442195712151973,11,1,0.442832227478746,12,1,0.462299333963536,13,1,0.44759737406216,14,1,0.47387139294972,15,1,0.445691964085891,16,1,0.462299333963536,17,1,0.450880426422376,18,1,0.450880426422376,19,1,0.456598249668301,20,1,0.47434839774425,21,1,0.479850124847338,22,1,0.433680438612237,23,1,0.445691964085891,24,1,0.47434839774425,25,1,0.46813285413054,26,1,0.445691964085891,27,1,0.413799637097955,28,1,0.419300701965484,29,1,0.436327083725463,30
"GSM1438073",NA,1,0.639245437518767,1,1,0.807547171343155,2,1,0.748444622789793,3,1,0.706615057316223,4,1,0.618760567545965,5,1,0.727987654087331,6,1,0.68431976917598,7,1,0.68431976917598,8,1,0.68431976917598,9,1,0.515627934347296,10,1,0.826718555950321,11,1,0.807547171343155,12,1,0.727987654087331,13,1,0.59844150876728,14,1,0.68431976917598,15,1,0.787438552183373,16,1,0.727987654087331,17,1,0.768019423038733,18,1,0.768019423038733,19,1,0.748444622789793,20,1,0.639245437518767,21,1,0.661071366850272,22,1,0.577612233804291,23,1,0.787438552183373,24,1,0.639245437518767,25,1,0.706615057316223,26,1,0.787438552183373,27,1,0.547151371095093,28,1,0.560572225261636,29,1,0.879178403481033,30
"GSM1438076",NA,0,0.395527876680339,1,0,0.344218958082103,2,0,0.362612409388434,3,0,0.37738151763408,4,0,0.39737823754198,5,0,0.370037006757658,6,0,0.38458446981942,7,0,0.38458446981942,8,0,0.38458446981942,9,0,0.450712316033914,10,0,0.342281969952499,11,0,0.344218958082103,12,0,0.370037006757658,13,0,0.399114655434858,14,0,0.38458446981942,15,0,0.34827988738305,16,0,0.370037006757658,17,0,0.355047638904573,18,0,0.355047638904573,19,0,0.362612409388434,20,0,0.395527876680339,21,0,0.391762136292912,22,0,0.400505110379784,23,0,0.34827988738305,24,0,0.395527876680339,25,0,0.37738151763408,26,0,0.34827988738305,27,0,0.399047130441396,28,0,0.398420248198735,29,0,0.336232055467245,30
"GSM1438081",NA,1,0.727802426378009,1,1,0.850921689109756,2,1,0.81024413860308,3,1,0.777589309322616,4,1,0.708159524100688,5,1,0.794380459039178,6,1,0.759892012999407,7,1,0.759892012999407,8,1,0.759892012999407,9,1,0.561891198033814,10,1,0.861917052877199,11,1,0.850921689109756,12,1,0.794380459039178,13,1,0.681002342339981,14,1,0.759892012999407,15,1,0.83907352156272,16,1,0.794380459039178,17,1,0.825259636873206,18,1,0.825259636873206,19,1,0.81024413860308,20,1,0.727802426378009,21,1,0.741154344062383,22,1,0.653061104005196,23,1,0.83907352156272,24,1,0.727802426378009,25,1,0.777589309322616,26,1,0.83907352156272,27,1,0.603528373376818,28,1,0.623928635547562,29,1,0.8922099000067,30
"GSM1438088",NA,0,0.122115129946761,1,0,0.135011475613965,2,0,0.130199595302297,3,0,0.125802533761868,4,0,0.128514100697708,5,0,0.128134006573182,6,0,0.123267494177483,7,0,0.123267494177483,8,0,0.123267494177483,9,0,0.198929749346731,10,0,0.137083925451932,11,0,0.135011475613965,12,0,0.128134006573182,13,0,0.136630065023898,14,0,0.123267494177483,15,0,0.13353757969481,16,0,0.128134006573182,17,0,0.13204361747089,18,0,0.13204361747089,19,0,0.130199595302297,20,0,0.122115129946761,21,0,0.120439943360079,22,0,0.144706339030724,23,0,0.13353757969481,24,0,0.122115129946761,25,0,0.125802533761868,26,0,0.13353757969481,27,0,0.159999523730174,28,0,0.153266250916381,29,0,0.144841055563129,30
"GSM1438091",NA,0,0.017237586922409,1,0,0.00592951726011942,2,0,0.00900303702541838,3,0,0.011836051827749,4,0,0.0195896418645001,5,0,0.0103483880705944,6,0,0.013477980470817,7,0,0.013477980470817,8,0,0.013477980470817,9,0,0.0522042296952309,10,0,0.00517756556399448,11,0,0.00592951726011942,12,0,0.0103483880705944,13,0,0.0223761095900002,14,0,0.013477980470817,15,0,0.00675175600555211,16,0,0.0103483880705944,17,0,0.00778971196378092,18,0,0.00778971196378092,19,0,0.00900303702541838,20,0,0.017237586922409,21,0,0.0152854490268173,22,0,0.0254022892517004,23,0,0.00675175600555211,24,0,0.017237586922409,25,0,0.011836051827749,26,0,0.00675175600555211,27,0,0.0328769784027691,28,0,0.0289480107483238,29,0,0.00327549885263145,30
"GSM1438095",NA,1,0.192483038928454,1,1,0.238414019617813,2,1,0.220131577343882,3,1,0.209473089822787,4,1,0.183838096643188,5,1,0.214831364147773,6,1,0.204007728419923,7,1,0.204007728419923,8,1,0.204007728419923,9,1,0.117005568285864,10,1,0.245771382769955,11,1,0.238414019617813,12,1,0.214831364147773,13,1,0.173193879274788,14,1,0.204007728419923,15,1,0.231149814904017,16,1,0.214831364147773,17,1,0.225409219801309,18,1,0.225409219801309,19,1,0.220131577343882,20,1,0.192483038928454,21,1,0.198422566432533,22,1,0.161888775022595,23,1,0.231149814904017,24,1,0.192483038928454,25,1,0.209473089822787,26,1,0.231149814904017,27,1,0.14487265310753,28,1,0.150268152932447,29,1,0.271873058332059,30
"GSM1438098",NA,0,0.222216420355635,1,0,0.198695607731666,2,0,0.206777839146445,3,0,0.2124983800898,4,0,0.226511124954863,5,0,0.209643221963233,6,0,0.215377287084924,7,0,0.215377287084924,8,0,0.215377287084924,9,0,0.281837457738768,10,0,0.195058953539412,11,0,0.198695607731666,12,0,0.209643221963233,13,0,0.230935224242786,14,0,0.215377287084924,15,0,0.201327914691008,16,0,0.209643221963233,17,0,0.203929845598094,18,0,0.203929845598094,19,0,0.206777839146445,20,0,0.222216420355635,21,0,0.218214737483222,22,0,0.235580991677718,23,0,0.201327914691008,24,0,0.222216420355635,25,0,0.2124983800898,26,0,0.201327914691008,27,0,0.243892902744247,28,0,0.240357894763996,29,0,0.182984674581524,30
"GSM1438099",NA,0,0.063416038807682,1,0,0.0462521869112509,2,0,0.0521754753216285,3,0,0.0562271354738357,4,0,0.0687606250590849,5,0,0.0542812554849035,6,0,0.0580301125713197,7,0,0.0580301125713197,8,0,0.0580301125713197,9,0,0.124906125386805,10,0,0.0451246751402806,11,0,0.0462521869112509,12,0,0.0542812554849035,13,0,0.0740563601670759,14,0,0.0580301125713197,15,0,0.0477640636403146,16,0,0.0542812554849035,17,0,0.049942859216809,18,0,0.049942859216809,19,0,0.0521754753216285,20,0,0.063416038807682,21,0,0.0596292722947032,22,0,0.0795541963266085,23,0,0.0477640636403146,24,0,0.063416038807682,25,0,0.0562271354738357,26,0,0.0477640636403146,27,0,0.0944090280810891,28,0,0.0870045059758529,29,0,0.0417780995496191,30
"GSM1438100",NA,0,0.141260329750168,1,0,0.0747382596056599,2,0,0.0956989913449775,3,0,0.113118557816258,4,0,0.1471022212982,5,0,0.104151295445248,6,0,0.122584500948904,7,0,0.122584500948904,8,0,0.122584500948904,9,0,0.174883880763809,10,0,0.0705807187785208,11,0,0.0747382596056599,12,0,0.104151295445248,13,0,0.150342526477931,14,0,0.122584500948904,15,0,0.0803707253397013,16,0,0.104151295445248,17,0,0.0877210668845,18,0,0.0877210668845,19,0,0.0956989913449775,20,0,0.141260329750168,21,0,0.132626295621367,22,0,0.152881750968991,23,0,0.0803707253397013,24,0,0.141260329750168,25,0,0.113118557816258,26,0,0.0803707253397013,27,0,0.161579040001554,28,0,0.156230520465613,29,0,0.0594513753296423,30
"GSM1438103",NA,0,0.075395724178518,1,0,0.0349705939882909,2,0,0.0475317777758425,3,0,0.0579895477090539,4,0,0.0827550150578676,5,0,0.0526014276111701,6,0,0.0636873929687775,7,0,0.0636873929687775,8,0,0.0636873929687775,9,0,0.145557356650214,10,0,0.0315323465830026,11,0,0.0349705939882909,12,0,0.0526014276111701,13,0,0.0924375267357898,14,0,0.0636873929687775,15,0,0.0385287983321253,16,0,0.0526014276111701,17,0,0.0427632648611504,18,0,0.0427632648611504,19,0,0.0475317777758425,20,0,0.075395724178518,21,0,0.0697264842949562,22,0,0.102795432803404,23,0,0.0385287983321253,24,0,0.075395724178518,25,0,0.0579895477090539,26,0,0.0385287983321253,27,0,0.126308119811852,28,0,0.115959045467207,29,0,0.0219695678105239,30
"GSM1438108",NA,1,0.159372623577108,1,1,0.207132179601916,2,1,0.182007127520191,3,1,0.171365482482436,4,1,0.159511798512899,5,1,0.176565027307963,6,1,0.166389998153753,7,1,0.166389998153753,8,1,0.166389998153753,9,1,0.23766389632611,10,1,0.218925194884055,11,1,0.207132179601916,12,1,0.176565027307963,13,1,0.159510990056309,14,1,0.166389998153753,15,1,0.195436944176949,16,1,0.176565027307963,17,1,0.187790012779999,18,1,0.187790012779999,19,1,0.182007127520191,20,1,0.159372623577108,21,1,0.161531656521789,22,1,0.160085036785684,23,1,0.195436944176949,24,1,0.159372623577108,25,1,0.171365482482436,26,1,0.195436944176949,27,1,0.180927970940042,28,1,0.17166608418816,29,1,0.264920044709749,30
"GSM1438109",NA,0,0.39989341762873,1,0,0.317923092206615,2,0,0.346051814129193,3,0,0.371321768021936,4,0,0.399389174852858,5,0,0.358216402518744,6,0,0.385248306917561,7,0,0.385248306917561,8,0,0.385248306917561,9,0,0.432063030022461,10,0,0.309675369340675,11,0,0.317923092206615,12,0,0.358216402518744,13,0,0.404130197839135,14,0,0.385248306917561,15,0,0.324944208673101,16,0,0.358216402518744,17,0,0.334633774042463,18,0,0.334633774042463,19,0,0.346051814129193,20,0,0.39989341762873,21,0,0.400344154744892,22,0,0.409839943296311,23,0,0.324944208673101,24,0,0.39989341762873,25,0,0.371321768021936,26,0,0.324944208673101,27,0,0.438619998626881,28,0,0.426255636974867,29,0,0.283566753005464,30
"GSM1438112",NA,0,0.127400900985834,1,0,0.0917150582896132,2,0,0.104959107668733,3,0,0.114311289289088,4,0,0.130397231738244,5,0,0.109684539427424,6,0,0.118857874867709,7,0,0.118857874867709,8,0,0.118857874867709,9,0,0.166954647977264,10,0,0.0874455463027769,11,0,0.0917150582896132,12,0,0.109684539427424,13,0,0.132197484540172,14,0,0.118857874867709,15,0,0.0956347777093018,16,0,0.109684539427424,17,0,0.100123354364668,18,0,0.100123354364668,19,0,0.104959107668733,20,0,0.127400900985834,21,0,0.123326132238806,22,0,0.133964038662257,23,0,0.0956347777093018,24,0,0.127400900985834,25,0,0.114311289289088,26,0,0.0956347777093018,27,0,0.14273018209221,28,0,0.135616147198726,29,0,0.0710397058612949,30
"GSM1438115",NA,0,0.293318590879427,1,0,0.20731626263477,2,0,0.240524245804782,3,0,0.260548608054528,4,0,0.313864325298889,5,0,0.250596858303701,6,0,0.270452261260958,7,0,0.270452261260958,8,0,0.270452261260958,9,0,0.478883967865366,10,0,0.195825412342104,11,0,0.20731626263477,12,0,0.250596858303701,13,0,0.339867174754216,14,0,0.270452261260958,15,0,0.219445368415093,16,0,0.250596858303701,17,0,0.230326865986953,18,0,0.230326865986953,19,0,0.240524245804782,20,0,0.293318590879427,21,0,0.280267290285346,22,0,0.366746659825694,23,0,0.219445368415093,24,0,0.293318590879427,25,0,0.260548608054528,26,0,0.219445368415093,27,0,0.397924730787663,28,0,0.389450355170453,29,0,0.160821491672987,30
"GSM1438121",NA,1,0.392250386761178,1,1,0.4467826321352,2,1,0.431870359848651,3,1,0.417681511251172,4,1,0.382072835848284,5,1,0.425064117320664,6,1,0.409773403614015,7,1,0.409773403614015,8,1,0.409773403614015,9,1,0.330521392345897,10,1,0.450972307335225,11,1,0.4467826321352,12,1,0.425064117320664,13,1,0.369193499379986,14,1,0.409773403614015,15,1,0.443376499916713,16,1,0.425064117320664,17,1,0.438112503933695,18,1,0.438112503933695,19,1,0.431870359848651,20,1,0.392250386761178,21,1,0.401276956441182,22,1,0.356081822674927,23,1,0.443376499916713,24,1,0.392250386761178,25,1,0.417681511251172,26,1,0.443376499916713,27,1,0.334128853593394,28,1,0.341825292754374,29,1,0.460229393328585,30
"GSM1438122",NA,1,0.465864640566005,1,1,0.616623420086272,2,1,0.554247238888137,3,1,0.519257307896438,4,1,0.434746862458646,5,1,0.53644327958234,6,1,0.502501292904925,7,1,0.502501292904925,8,1,0.502501292904925,9,1,0.265575157039946,10,1,0.639526848170328,11,1,0.616623420086272,12,1,0.53644327958234,13,1,0.395894786093123,14,1,0.502501292904925,15,1,0.593076941569503,16,1,0.53644327958234,17,1,0.572690308934348,18,1,0.572690308934348,19,1,0.554247238888137,20,1,0.465864640566005,21,1,0.486259319688289,22,1,0.35688456437294,23,1,0.593076941569503,24,1,0.465864640566005,25,1,0.519257307896438,26,1,0.593076941569503,27,1,0.305248031018361,28,1,0.324246531719187,29,1,0.716271362064203,30
"GSM1438124",NA,1,0.607333453472041,1,1,0.768365281451448,2,1,0.709867456100461,3,1,0.669698559149937,4,1,0.580173527636795,5,1,0.689959885118647,6,1,0.649050281298821,7,1,0.649050281298821,8,1,0.649050281298821,9,1,0.396057043117805,10,1,0.785825861300377,11,1,0.768365281451448,12,1,0.689959885118647,13,1,0.549060541513261,14,1,0.649050281298821,15,1,0.749000132700301,16,1,0.689959885118647,17,1,0.729394464108661,18,1,0.729394464108661,19,1,0.709867456100461,20,1,0.607333453472041,21,1,0.628077053800054,22,1,0.517487263285951,23,1,0.749000132700301,24,1,0.607333453472041,25,1,0.669698559149937,26,1,0.749000132700301,27,1,0.476752163083647,28,1,0.489818616718663,29,1,0.835672427654178,30
"GSM1438126",NA,1,0.113583260167836,1,1,0.161093327853162,2,1,0.137700628909595,3,1,0.12568986542527,4,1,0.114430038498037,5,1,0.131565807858441,6,1,0.120068093554546,7,1,0.120068093554546,8,1,0.120068093554546,9,1,0.151126302934825,10,1,0.171917651426556,11,1,0.161093327853162,12,1,0.131565807858441,13,1,0.114733535648885,14,1,0.120068093554546,15,1,0.151493523800086,16,1,0.131565807858441,17,1,0.144198312492197,18,1,0.144198312492197,19,1,0.137700628909595,20,1,0.113583260167836,21,1,0.114588524403951,22,1,0.114664288183287,23,1,0.151493523800086,24,1,0.113583260167836,25,1,0.12568986542527,26,1,0.151493523800086,27,1,0.123348253914233,28,1,0.118643688773342,29,1,0.216926263662789,30
