"","pred_Bridge","y.test","p","kcross","y.test","p","kcross","y.test","p","kcross","y.test","p","kcross","y.test","p","kcross","y.test","p","kcross","y.test","p","kcross","y.test","p","kcross","y.test","p","kcross","y.test","p","kcross","y.test","p","kcross","y.test","p","kcross","y.test","p","kcross","y.test","p","kcross","y.test","p","kcross","y.test","p","kcross","y.test","p","kcross","y.test","p","kcross","y.test","p","kcross","y.test","p","kcross","y.test","p","kcross","y.test","p","kcross","y.test","p","kcross","y.test","p","kcross","y.test","p","kcross","y.test","p","kcross","y.test","p","kcross","y.test","p","kcross","y.test","p","kcross","y.test","p","kcross"
"GSM1437801",NA,0,0.999999999999998,1,0,0.999999999999998,2,0,0.999999999999998,3,0,0.999999999999998,4,0,0.999999999999998,5,0,0.999999999999998,6,0,0.999999999999998,7,0,0.999999999999998,8,0,0.999999999999998,9,0,0.999999999999998,10,0,0.999999999999998,11,0,0.999999999999998,12,0,0.999999999999998,13,0,0.999999999999998,14,0,0.999999999999998,15,0,0.999999999999998,16,0,0.999999999999998,17,0,0.999999999999998,18,0,0.999999999999998,19,0,0.999999999999998,20,0,0.999999999999998,21,0,0.999999999999998,22,0,0.999999999999998,23,0,0.999999999999998,24,0,0.999999999999998,25,0,0.999999999999998,26,0,0.999999999999998,27,0,0.999999999999998,28,0,0.999999999999998,29,0,0.999999999999998,30
"GSM1437802",NA,0,0.985265074830873,1,0,0.985265074830873,2,0,0.985265074830873,3,0,0.985265074830873,4,0,0.985265074830873,5,0,0.985265074830873,6,0,0.985265074830873,7,0,0.985265074830873,8,0,0.985265074830873,9,0,0.985265074830873,10,0,0.985265074830873,11,0,0.985265074830873,12,0,0.985265074830873,13,0,0.985265074830873,14,0,0.985265074830873,15,0,0.985265074830873,16,0,0.985265074830873,17,0,0.985265074830873,18,0,0.985265074830873,19,0,0.985265074830873,20,0,0.985265074830873,21,0,0.985265074830873,22,0,0.985265074830873,23,0,0.985265074830873,24,0,0.985265074830873,25,0,0.985265074830873,26,0,0.985265074830873,27,0,0.985265074830873,28,0,0.985265074830873,29,0,0.985265074830873,30
"GSM1437803",NA,0,5.36413608712607e-35,1,0,5.36413608712607e-35,2,0,5.36413608712607e-35,3,0,5.36413608712607e-35,4,0,5.36413608712607e-35,5,0,5.36413608712607e-35,6,0,5.36413608712607e-35,7,0,5.36413608712607e-35,8,0,5.36413608712607e-35,9,0,5.36413608712607e-35,10,0,5.36413608712607e-35,11,0,5.36413608712607e-35,12,0,5.36413608712607e-35,13,0,5.36413608712607e-35,14,0,5.36413608712607e-35,15,0,5.36413608712607e-35,16,0,5.36413608712607e-35,17,0,5.36413608712607e-35,18,0,5.36413608712607e-35,19,0,5.36413608712607e-35,20,0,5.36413608712607e-35,21,0,5.36413608712607e-35,22,0,5.36413608712607e-35,23,0,5.36413608712607e-35,24,0,5.36413608712607e-35,25,0,5.36413608712607e-35,26,0,5.36413608712607e-35,27,0,5.36413608712607e-35,28,0,5.36413608712607e-35,29,0,5.36413608712607e-35,30
"GSM1437805",NA,0,1.75692661072057e-14,1,0,1.75692661072057e-14,2,0,1.75692661072057e-14,3,0,1.75692661072057e-14,4,0,1.75692661072057e-14,5,0,1.75692661072057e-14,6,0,1.75692661072057e-14,7,0,1.75692661072057e-14,8,0,1.75692661072057e-14,9,0,1.75692661072057e-14,10,0,1.75692661072057e-14,11,0,1.75692661072057e-14,12,0,1.75692661072057e-14,13,0,1.75692661072057e-14,14,0,1.75692661072057e-14,15,0,1.75692661072057e-14,16,0,1.75692661072057e-14,17,0,1.75692661072057e-14,18,0,1.75692661072057e-14,19,0,1.75692661072057e-14,20,0,1.75692661072057e-14,21,0,1.75692661072057e-14,22,0,1.75692661072057e-14,23,0,1.75692661072057e-14,24,0,1.75692661072057e-14,25,0,1.75692661072057e-14,26,0,1.75692661072057e-14,27,0,1.75692661072057e-14,28,0,1.75692661072057e-14,29,0,1.75692661072057e-14,30
"GSM1437806",NA,0,1.46021363077324e-19,1,0,1.46021363077324e-19,2,0,1.46021363077324e-19,3,0,1.46021363077324e-19,4,0,1.46021363077324e-19,5,0,1.46021363077324e-19,6,0,1.46021363077324e-19,7,0,1.46021363077324e-19,8,0,1.46021363077324e-19,9,0,1.46021363077324e-19,10,0,1.46021363077324e-19,11,0,1.46021363077324e-19,12,0,1.46021363077324e-19,13,0,1.46021363077324e-19,14,0,1.46021363077324e-19,15,0,1.46021363077324e-19,16,0,1.46021363077324e-19,17,0,1.46021363077324e-19,18,0,1.46021363077324e-19,19,0,1.46021363077324e-19,20,0,1.46021363077324e-19,21,0,1.46021363077324e-19,22,0,1.46021363077324e-19,23,0,1.46021363077324e-19,24,0,1.46021363077324e-19,25,0,1.46021363077324e-19,26,0,1.46021363077324e-19,27,0,1.46021363077324e-19,28,0,1.46021363077324e-19,29,0,1.46021363077324e-19,30
"GSM1437808",NA,0,9.41157042018316e-11,1,0,9.41157042018316e-11,2,0,9.41157042018316e-11,3,0,9.41157042018316e-11,4,0,9.41157042018316e-11,5,0,9.41157042018316e-11,6,0,9.41157042018316e-11,7,0,9.41157042018316e-11,8,0,9.41157042018316e-11,9,0,9.41157042018316e-11,10,0,9.41157042018316e-11,11,0,9.41157042018316e-11,12,0,9.41157042018316e-11,13,0,9.41157042018316e-11,14,0,9.41157042018316e-11,15,0,9.41157042018316e-11,16,0,9.41157042018316e-11,17,0,9.41157042018316e-11,18,0,9.41157042018316e-11,19,0,9.41157042018316e-11,20,0,9.41157042018316e-11,21,0,9.41157042018316e-11,22,0,9.41157042018316e-11,23,0,9.41157042018316e-11,24,0,9.41157042018316e-11,25,0,9.41157042018316e-11,26,0,9.41157042018316e-11,27,0,9.41157042018316e-11,28,0,9.41157042018316e-11,29,0,9.41157042018316e-11,30
"GSM1437810",NA,1,0.999999992289744,1,1,0.999999992289744,2,1,0.999999992289744,3,1,0.999999992289744,4,1,0.999999992289744,5,1,0.999999992289744,6,1,0.999999992289744,7,1,0.999999992289744,8,1,0.999999992289744,9,1,0.999999992289744,10,1,0.999999992289744,11,1,0.999999992289744,12,1,0.999999992289744,13,1,0.999999992289744,14,1,0.999999992289744,15,1,0.999999992289744,16,1,0.999999992289744,17,1,0.999999992289744,18,1,0.999999992289744,19,1,0.999999992289744,20,1,0.999999992289744,21,1,0.999999992289744,22,1,0.999999992289744,23,1,0.999999992289744,24,1,0.999999992289744,25,1,0.999999992289744,26,1,0.999999992289744,27,1,0.999999992289744,28,1,0.999999992289744,29,1,0.999999992289744,30
"GSM1437816",NA,0,6.02501317640451e-35,1,0,6.02501317640451e-35,2,0,6.02501317640451e-35,3,0,6.02501317640451e-35,4,0,6.02501317640451e-35,5,0,6.02501317640451e-35,6,0,6.02501317640451e-35,7,0,6.02501317640451e-35,8,0,6.02501317640451e-35,9,0,6.02501317640451e-35,10,0,6.02501317640451e-35,11,0,6.02501317640451e-35,12,0,6.02501317640451e-35,13,0,6.02501317640451e-35,14,0,6.02501317640451e-35,15,0,6.02501317640451e-35,16,0,6.02501317640451e-35,17,0,6.02501317640451e-35,18,0,6.02501317640451e-35,19,0,6.02501317640451e-35,20,0,6.02501317640451e-35,21,0,6.02501317640451e-35,22,0,6.02501317640451e-35,23,0,6.02501317640451e-35,24,0,6.02501317640451e-35,25,0,6.02501317640451e-35,26,0,6.02501317640451e-35,27,0,6.02501317640451e-35,28,0,6.02501317640451e-35,29,0,6.02501317640451e-35,30
"GSM1437817",NA,0,5.4834323196589e-09,1,0,5.4834323196589e-09,2,0,5.4834323196589e-09,3,0,5.4834323196589e-09,4,0,5.4834323196589e-09,5,0,5.4834323196589e-09,6,0,5.4834323196589e-09,7,0,5.4834323196589e-09,8,0,5.4834323196589e-09,9,0,5.4834323196589e-09,10,0,5.4834323196589e-09,11,0,5.4834323196589e-09,12,0,5.4834323196589e-09,13,0,5.4834323196589e-09,14,0,5.4834323196589e-09,15,0,5.4834323196589e-09,16,0,5.4834323196589e-09,17,0,5.4834323196589e-09,18,0,5.4834323196589e-09,19,0,5.4834323196589e-09,20,0,5.4834323196589e-09,21,0,5.4834323196589e-09,22,0,5.4834323196589e-09,23,0,5.4834323196589e-09,24,0,5.4834323196589e-09,25,0,5.4834323196589e-09,26,0,5.4834323196589e-09,27,0,5.4834323196589e-09,28,0,5.4834323196589e-09,29,0,5.4834323196589e-09,30
"GSM1437819",NA,0,9.53583933450274e-11,1,0,9.53583933450274e-11,2,0,9.53583933450274e-11,3,0,9.53583933450274e-11,4,0,9.53583933450274e-11,5,0,9.53583933450274e-11,6,0,9.53583933450274e-11,7,0,9.53583933450274e-11,8,0,9.53583933450274e-11,9,0,9.53583933450274e-11,10,0,9.53583933450274e-11,11,0,9.53583933450274e-11,12,0,9.53583933450274e-11,13,0,9.53583933450274e-11,14,0,9.53583933450274e-11,15,0,9.53583933450274e-11,16,0,9.53583933450274e-11,17,0,9.53583933450274e-11,18,0,9.53583933450274e-11,19,0,9.53583933450274e-11,20,0,9.53583933450274e-11,21,0,9.53583933450274e-11,22,0,9.53583933450274e-11,23,0,9.53583933450274e-11,24,0,9.53583933450274e-11,25,0,9.53583933450274e-11,26,0,9.53583933450274e-11,27,0,9.53583933450274e-11,28,0,9.53583933450274e-11,29,0,9.53583933450274e-11,30
"GSM1437820",NA,0,1.10631107831406e-18,1,0,1.10631107831406e-18,2,0,1.10631107831406e-18,3,0,1.10631107831406e-18,4,0,1.10631107831406e-18,5,0,1.10631107831406e-18,6,0,1.10631107831406e-18,7,0,1.10631107831406e-18,8,0,1.10631107831406e-18,9,0,1.10631107831406e-18,10,0,1.10631107831406e-18,11,0,1.10631107831406e-18,12,0,1.10631107831406e-18,13,0,1.10631107831406e-18,14,0,1.10631107831406e-18,15,0,1.10631107831406e-18,16,0,1.10631107831406e-18,17,0,1.10631107831406e-18,18,0,1.10631107831406e-18,19,0,1.10631107831406e-18,20,0,1.10631107831406e-18,21,0,1.10631107831406e-18,22,0,1.10631107831406e-18,23,0,1.10631107831406e-18,24,0,1.10631107831406e-18,25,0,1.10631107831406e-18,26,0,1.10631107831406e-18,27,0,1.10631107831406e-18,28,0,1.10631107831406e-18,29,0,1.10631107831406e-18,30
"GSM1437824",NA,0,0.999992776011057,1,0,0.999992776011057,2,0,0.999992776011057,3,0,0.999992776011057,4,0,0.999992776011057,5,0,0.999992776011057,6,0,0.999992776011057,7,0,0.999992776011057,8,0,0.999992776011057,9,0,0.999992776011057,10,0,0.999992776011057,11,0,0.999992776011057,12,0,0.999992776011057,13,0,0.999992776011057,14,0,0.999992776011057,15,0,0.999992776011057,16,0,0.999992776011057,17,0,0.999992776011057,18,0,0.999992776011057,19,0,0.999992776011057,20,0,0.999992776011057,21,0,0.999992776011057,22,0,0.999992776011057,23,0,0.999992776011057,24,0,0.999992776011057,25,0,0.999992776011057,26,0,0.999992776011057,27,0,0.999992776011057,28,0,0.999992776011057,29,0,0.999992776011057,30
"GSM1437828",NA,0,1.50603046720671e-25,1,0,1.50603046720671e-25,2,0,1.50603046720671e-25,3,0,1.50603046720671e-25,4,0,1.50603046720671e-25,5,0,1.50603046720671e-25,6,0,1.50603046720671e-25,7,0,1.50603046720671e-25,8,0,1.50603046720671e-25,9,0,1.50603046720671e-25,10,0,1.50603046720671e-25,11,0,1.50603046720671e-25,12,0,1.50603046720671e-25,13,0,1.50603046720671e-25,14,0,1.50603046720671e-25,15,0,1.50603046720671e-25,16,0,1.50603046720671e-25,17,0,1.50603046720671e-25,18,0,1.50603046720671e-25,19,0,1.50603046720671e-25,20,0,1.50603046720671e-25,21,0,1.50603046720671e-25,22,0,1.50603046720671e-25,23,0,1.50603046720671e-25,24,0,1.50603046720671e-25,25,0,1.50603046720671e-25,26,0,1.50603046720671e-25,27,0,1.50603046720671e-25,28,0,1.50603046720671e-25,29,0,1.50603046720671e-25,30
"GSM1437836",NA,0,2.01004657482348e-57,1,0,2.01004657482348e-57,2,0,2.01004657482348e-57,3,0,2.01004657482348e-57,4,0,2.01004657482348e-57,5,0,2.01004657482348e-57,6,0,2.01004657482348e-57,7,0,2.01004657482348e-57,8,0,2.01004657482348e-57,9,0,2.01004657482348e-57,10,0,2.01004657482348e-57,11,0,2.01004657482348e-57,12,0,2.01004657482348e-57,13,0,2.01004657482348e-57,14,0,2.01004657482348e-57,15,0,2.01004657482348e-57,16,0,2.01004657482348e-57,17,0,2.01004657482348e-57,18,0,2.01004657482348e-57,19,0,2.01004657482348e-57,20,0,2.01004657482348e-57,21,0,2.01004657482348e-57,22,0,2.01004657482348e-57,23,0,2.01004657482348e-57,24,0,2.01004657482348e-57,25,0,2.01004657482348e-57,26,0,2.01004657482348e-57,27,0,2.01004657482348e-57,28,0,2.01004657482348e-57,29,0,2.01004657482348e-57,30
"GSM1437844",NA,1,3.04581884852206e-10,1,1,3.04581884852206e-10,2,1,3.04581884852206e-10,3,1,3.04581884852206e-10,4,1,3.04581884852206e-10,5,1,3.04581884852206e-10,6,1,3.04581884852206e-10,7,1,3.04581884852206e-10,8,1,3.04581884852206e-10,9,1,3.04581884852206e-10,10,1,3.04581884852206e-10,11,1,3.04581884852206e-10,12,1,3.04581884852206e-10,13,1,3.04581884852206e-10,14,1,3.04581884852206e-10,15,1,3.04581884852206e-10,16,1,3.04581884852206e-10,17,1,3.04581884852206e-10,18,1,3.04581884852206e-10,19,1,3.04581884852206e-10,20,1,3.04581884852206e-10,21,1,3.04581884852206e-10,22,1,3.04581884852206e-10,23,1,3.04581884852206e-10,24,1,3.04581884852206e-10,25,1,3.04581884852206e-10,26,1,3.04581884852206e-10,27,1,3.04581884852206e-10,28,1,3.04581884852206e-10,29,1,3.04581884852206e-10,30
"GSM1437854",NA,0,7.53330859388688e-45,1,0,7.53330859388688e-45,2,0,7.53330859388688e-45,3,0,7.53330859388688e-45,4,0,7.53330859388688e-45,5,0,7.53330859388688e-45,6,0,7.53330859388688e-45,7,0,7.53330859388688e-45,8,0,7.53330859388688e-45,9,0,7.53330859388688e-45,10,0,7.53330859388688e-45,11,0,7.53330859388688e-45,12,0,7.53330859388688e-45,13,0,7.53330859388688e-45,14,0,7.53330859388688e-45,15,0,7.53330859388688e-45,16,0,7.53330859388688e-45,17,0,7.53330859388688e-45,18,0,7.53330859388688e-45,19,0,7.53330859388688e-45,20,0,7.53330859388688e-45,21,0,7.53330859388688e-45,22,0,7.53330859388688e-45,23,0,7.53330859388688e-45,24,0,7.53330859388688e-45,25,0,7.53330859388688e-45,26,0,7.53330859388688e-45,27,0,7.53330859388688e-45,28,0,7.53330859388688e-45,29,0,7.53330859388688e-45,30
"GSM1437855",NA,0,7.33582852922769e-24,1,0,7.33582852922769e-24,2,0,7.33582852922769e-24,3,0,7.33582852922769e-24,4,0,7.33582852922769e-24,5,0,7.33582852922769e-24,6,0,7.33582852922769e-24,7,0,7.33582852922769e-24,8,0,7.33582852922769e-24,9,0,7.33582852922769e-24,10,0,7.33582852922769e-24,11,0,7.33582852922769e-24,12,0,7.33582852922769e-24,13,0,7.33582852922769e-24,14,0,7.33582852922769e-24,15,0,7.33582852922769e-24,16,0,7.33582852922769e-24,17,0,7.33582852922769e-24,18,0,7.33582852922769e-24,19,0,7.33582852922769e-24,20,0,7.33582852922769e-24,21,0,7.33582852922769e-24,22,0,7.33582852922769e-24,23,0,7.33582852922769e-24,24,0,7.33582852922769e-24,25,0,7.33582852922769e-24,26,0,7.33582852922769e-24,27,0,7.33582852922769e-24,28,0,7.33582852922769e-24,29,0,7.33582852922769e-24,30
"GSM1437856",NA,1,0.999999716654081,1,1,0.999999716654081,2,1,0.999999716654081,3,1,0.999999716654081,4,1,0.999999716654081,5,1,0.999999716654081,6,1,0.999999716654081,7,1,0.999999716654081,8,1,0.999999716654081,9,1,0.999999716654081,10,1,0.999999716654081,11,1,0.999999716654081,12,1,0.999999716654081,13,1,0.999999716654081,14,1,0.999999716654081,15,1,0.999999716654081,16,1,0.999999716654081,17,1,0.999999716654081,18,1,0.999999716654081,19,1,0.999999716654081,20,1,0.999999716654081,21,1,0.999999716654081,22,1,0.999999716654081,23,1,0.999999716654081,24,1,0.999999716654081,25,1,0.999999716654081,26,1,0.999999716654081,27,1,0.999999716654081,28,1,0.999999716654081,29,1,0.999999716654081,30
"GSM1437861",NA,1,1,1,1,1,2,1,1,3,1,1,4,1,1,5,1,1,6,1,1,7,1,1,8,1,1,9,1,1,10,1,1,11,1,1,12,1,1,13,1,1,14,1,1,15,1,1,16,1,1,17,1,1,18,1,1,19,1,1,20,1,1,21,1,1,22,1,1,23,1,1,24,1,1,25,1,1,26,1,1,27,1,1,28,1,1,29,1,1,30
"GSM1437862",NA,0,1.02918002965581e-26,1,0,1.02918002965581e-26,2,0,1.02918002965581e-26,3,0,1.02918002965581e-26,4,0,1.02918002965581e-26,5,0,1.02918002965581e-26,6,0,1.02918002965581e-26,7,0,1.02918002965581e-26,8,0,1.02918002965581e-26,9,0,1.02918002965581e-26,10,0,1.02918002965581e-26,11,0,1.02918002965581e-26,12,0,1.02918002965581e-26,13,0,1.02918002965581e-26,14,0,1.02918002965581e-26,15,0,1.02918002965581e-26,16,0,1.02918002965581e-26,17,0,1.02918002965581e-26,18,0,1.02918002965581e-26,19,0,1.02918002965581e-26,20,0,1.02918002965581e-26,21,0,1.02918002965581e-26,22,0,1.02918002965581e-26,23,0,1.02918002965581e-26,24,0,1.02918002965581e-26,25,0,1.02918002965581e-26,26,0,1.02918002965581e-26,27,0,1.02918002965581e-26,28,0,1.02918002965581e-26,29,0,1.02918002965581e-26,30
"GSM1437873",NA,0,5.30851800484448e-19,1,0,5.30851800484448e-19,2,0,5.30851800484448e-19,3,0,5.30851800484448e-19,4,0,5.30851800484448e-19,5,0,5.30851800484448e-19,6,0,5.30851800484448e-19,7,0,5.30851800484448e-19,8,0,5.30851800484448e-19,9,0,5.30851800484448e-19,10,0,5.30851800484448e-19,11,0,5.30851800484448e-19,12,0,5.30851800484448e-19,13,0,5.30851800484448e-19,14,0,5.30851800484448e-19,15,0,5.30851800484448e-19,16,0,5.30851800484448e-19,17,0,5.30851800484448e-19,18,0,5.30851800484448e-19,19,0,5.30851800484448e-19,20,0,5.30851800484448e-19,21,0,5.30851800484448e-19,22,0,5.30851800484448e-19,23,0,5.30851800484448e-19,24,0,5.30851800484448e-19,25,0,5.30851800484448e-19,26,0,5.30851800484448e-19,27,0,5.30851800484448e-19,28,0,5.30851800484448e-19,29,0,5.30851800484448e-19,30
"GSM1437874",NA,0,1.19861905038163e-09,1,0,1.19861905038163e-09,2,0,1.19861905038163e-09,3,0,1.19861905038163e-09,4,0,1.19861905038163e-09,5,0,1.19861905038163e-09,6,0,1.19861905038163e-09,7,0,1.19861905038163e-09,8,0,1.19861905038163e-09,9,0,1.19861905038163e-09,10,0,1.19861905038163e-09,11,0,1.19861905038163e-09,12,0,1.19861905038163e-09,13,0,1.19861905038163e-09,14,0,1.19861905038163e-09,15,0,1.19861905038163e-09,16,0,1.19861905038163e-09,17,0,1.19861905038163e-09,18,0,1.19861905038163e-09,19,0,1.19861905038163e-09,20,0,1.19861905038163e-09,21,0,1.19861905038163e-09,22,0,1.19861905038163e-09,23,0,1.19861905038163e-09,24,0,1.19861905038163e-09,25,0,1.19861905038163e-09,26,0,1.19861905038163e-09,27,0,1.19861905038163e-09,28,0,1.19861905038163e-09,29,0,1.19861905038163e-09,30
"GSM1437876",NA,0,7.21750545888004e-16,1,0,7.21750545888004e-16,2,0,7.21750545888004e-16,3,0,7.21750545888004e-16,4,0,7.21750545888004e-16,5,0,7.21750545888004e-16,6,0,7.21750545888004e-16,7,0,7.21750545888004e-16,8,0,7.21750545888004e-16,9,0,7.21750545888004e-16,10,0,7.21750545888004e-16,11,0,7.21750545888004e-16,12,0,7.21750545888004e-16,13,0,7.21750545888004e-16,14,0,7.21750545888004e-16,15,0,7.21750545888004e-16,16,0,7.21750545888004e-16,17,0,7.21750545888004e-16,18,0,7.21750545888004e-16,19,0,7.21750545888004e-16,20,0,7.21750545888004e-16,21,0,7.21750545888004e-16,22,0,7.21750545888004e-16,23,0,7.21750545888004e-16,24,0,7.21750545888004e-16,25,0,7.21750545888004e-16,26,0,7.21750545888004e-16,27,0,7.21750545888004e-16,28,0,7.21750545888004e-16,29,0,7.21750545888004e-16,30
"GSM1437885",NA,1,1,1,1,1,2,1,1,3,1,1,4,1,1,5,1,1,6,1,1,7,1,1,8,1,1,9,1,1,10,1,1,11,1,1,12,1,1,13,1,1,14,1,1,15,1,1,16,1,1,17,1,1,18,1,1,19,1,1,20,1,1,21,1,1,22,1,1,23,1,1,24,1,1,25,1,1,26,1,1,27,1,1,28,1,1,29,1,1,30
"GSM1437898",NA,1,0.999997094499961,1,1,0.999997094499961,2,1,0.999997094499961,3,1,0.999997094499961,4,1,0.999997094499961,5,1,0.999997094499961,6,1,0.999997094499961,7,1,0.999997094499961,8,1,0.999997094499961,9,1,0.999997094499961,10,1,0.999997094499961,11,1,0.999997094499961,12,1,0.999997094499961,13,1,0.999997094499961,14,1,0.999997094499961,15,1,0.999997094499961,16,1,0.999997094499961,17,1,0.999997094499961,18,1,0.999997094499961,19,1,0.999997094499961,20,1,0.999997094499961,21,1,0.999997094499961,22,1,0.999997094499961,23,1,0.999997094499961,24,1,0.999997094499961,25,1,0.999997094499961,26,1,0.999997094499961,27,1,0.999997094499961,28,1,0.999997094499961,29,1,0.999997094499961,30
"GSM1437900",NA,0,2.15141846528099e-37,1,0,2.15141846528099e-37,2,0,2.15141846528099e-37,3,0,2.15141846528099e-37,4,0,2.15141846528099e-37,5,0,2.15141846528099e-37,6,0,2.15141846528099e-37,7,0,2.15141846528099e-37,8,0,2.15141846528099e-37,9,0,2.15141846528099e-37,10,0,2.15141846528099e-37,11,0,2.15141846528099e-37,12,0,2.15141846528099e-37,13,0,2.15141846528099e-37,14,0,2.15141846528099e-37,15,0,2.15141846528099e-37,16,0,2.15141846528099e-37,17,0,2.15141846528099e-37,18,0,2.15141846528099e-37,19,0,2.15141846528099e-37,20,0,2.15141846528099e-37,21,0,2.15141846528099e-37,22,0,2.15141846528099e-37,23,0,2.15141846528099e-37,24,0,2.15141846528099e-37,25,0,2.15141846528099e-37,26,0,2.15141846528099e-37,27,0,2.15141846528099e-37,28,0,2.15141846528099e-37,29,0,2.15141846528099e-37,30
"GSM1437905",NA,0,1.54726605633487e-38,1,0,1.54726605633487e-38,2,0,1.54726605633487e-38,3,0,1.54726605633487e-38,4,0,1.54726605633487e-38,5,0,1.54726605633487e-38,6,0,1.54726605633487e-38,7,0,1.54726605633487e-38,8,0,1.54726605633487e-38,9,0,1.54726605633487e-38,10,0,1.54726605633487e-38,11,0,1.54726605633487e-38,12,0,1.54726605633487e-38,13,0,1.54726605633487e-38,14,0,1.54726605633487e-38,15,0,1.54726605633487e-38,16,0,1.54726605633487e-38,17,0,1.54726605633487e-38,18,0,1.54726605633487e-38,19,0,1.54726605633487e-38,20,0,1.54726605633487e-38,21,0,1.54726605633487e-38,22,0,1.54726605633487e-38,23,0,1.54726605633487e-38,24,0,1.54726605633487e-38,25,0,1.54726605633487e-38,26,0,1.54726605633487e-38,27,0,1.54726605633487e-38,28,0,1.54726605633487e-38,29,0,1.54726605633487e-38,30
"GSM1437906",NA,0,8.68629373295637e-81,1,0,8.68629373295637e-81,2,0,8.68629373295637e-81,3,0,8.68629373295637e-81,4,0,8.68629373295637e-81,5,0,8.68629373295637e-81,6,0,8.68629373295637e-81,7,0,8.68629373295637e-81,8,0,8.68629373295637e-81,9,0,8.68629373295637e-81,10,0,8.68629373295637e-81,11,0,8.68629373295637e-81,12,0,8.68629373295637e-81,13,0,8.68629373295637e-81,14,0,8.68629373295637e-81,15,0,8.68629373295637e-81,16,0,8.68629373295637e-81,17,0,8.68629373295637e-81,18,0,8.68629373295637e-81,19,0,8.68629373295637e-81,20,0,8.68629373295637e-81,21,0,8.68629373295637e-81,22,0,8.68629373295637e-81,23,0,8.68629373295637e-81,24,0,8.68629373295637e-81,25,0,8.68629373295637e-81,26,0,8.68629373295637e-81,27,0,8.68629373295637e-81,28,0,8.68629373295637e-81,29,0,8.68629373295637e-81,30
"GSM1437911",NA,0,1.30168473736506e-07,1,0,1.30168473736506e-07,2,0,1.30168473736506e-07,3,0,1.30168473736506e-07,4,0,1.30168473736506e-07,5,0,1.30168473736506e-07,6,0,1.30168473736506e-07,7,0,1.30168473736506e-07,8,0,1.30168473736506e-07,9,0,1.30168473736506e-07,10,0,1.30168473736506e-07,11,0,1.30168473736506e-07,12,0,1.30168473736506e-07,13,0,1.30168473736506e-07,14,0,1.30168473736506e-07,15,0,1.30168473736506e-07,16,0,1.30168473736506e-07,17,0,1.30168473736506e-07,18,0,1.30168473736506e-07,19,0,1.30168473736506e-07,20,0,1.30168473736506e-07,21,0,1.30168473736506e-07,22,0,1.30168473736506e-07,23,0,1.30168473736506e-07,24,0,1.30168473736506e-07,25,0,1.30168473736506e-07,26,0,1.30168473736506e-07,27,0,1.30168473736506e-07,28,0,1.30168473736506e-07,29,0,1.30168473736506e-07,30
"GSM1437912",NA,0,1.15893025827921e-08,1,0,1.15893025827921e-08,2,0,1.15893025827921e-08,3,0,1.15893025827921e-08,4,0,1.15893025827921e-08,5,0,1.15893025827921e-08,6,0,1.15893025827921e-08,7,0,1.15893025827921e-08,8,0,1.15893025827921e-08,9,0,1.15893025827921e-08,10,0,1.15893025827921e-08,11,0,1.15893025827921e-08,12,0,1.15893025827921e-08,13,0,1.15893025827921e-08,14,0,1.15893025827921e-08,15,0,1.15893025827921e-08,16,0,1.15893025827921e-08,17,0,1.15893025827921e-08,18,0,1.15893025827921e-08,19,0,1.15893025827921e-08,20,0,1.15893025827921e-08,21,0,1.15893025827921e-08,22,0,1.15893025827921e-08,23,0,1.15893025827921e-08,24,0,1.15893025827921e-08,25,0,1.15893025827921e-08,26,0,1.15893025827921e-08,27,0,1.15893025827921e-08,28,0,1.15893025827921e-08,29,0,1.15893025827921e-08,30
"GSM1437917",NA,0,1.30938212769208e-57,1,0,1.30938212769208e-57,2,0,1.30938212769208e-57,3,0,1.30938212769208e-57,4,0,1.30938212769208e-57,5,0,1.30938212769208e-57,6,0,1.30938212769208e-57,7,0,1.30938212769208e-57,8,0,1.30938212769208e-57,9,0,1.30938212769208e-57,10,0,1.30938212769208e-57,11,0,1.30938212769208e-57,12,0,1.30938212769208e-57,13,0,1.30938212769208e-57,14,0,1.30938212769208e-57,15,0,1.30938212769208e-57,16,0,1.30938212769208e-57,17,0,1.30938212769208e-57,18,0,1.30938212769208e-57,19,0,1.30938212769208e-57,20,0,1.30938212769208e-57,21,0,1.30938212769208e-57,22,0,1.30938212769208e-57,23,0,1.30938212769208e-57,24,0,1.30938212769208e-57,25,0,1.30938212769208e-57,26,0,1.30938212769208e-57,27,0,1.30938212769208e-57,28,0,1.30938212769208e-57,29,0,1.30938212769208e-57,30
"GSM1437920",NA,0,5.79989296265214e-12,1,0,5.79989296265214e-12,2,0,5.79989296265214e-12,3,0,5.79989296265214e-12,4,0,5.79989296265214e-12,5,0,5.79989296265214e-12,6,0,5.79989296265214e-12,7,0,5.79989296265214e-12,8,0,5.79989296265214e-12,9,0,5.79989296265214e-12,10,0,5.79989296265214e-12,11,0,5.79989296265214e-12,12,0,5.79989296265214e-12,13,0,5.79989296265214e-12,14,0,5.79989296265214e-12,15,0,5.79989296265214e-12,16,0,5.79989296265214e-12,17,0,5.79989296265214e-12,18,0,5.79989296265214e-12,19,0,5.79989296265214e-12,20,0,5.79989296265214e-12,21,0,5.79989296265214e-12,22,0,5.79989296265214e-12,23,0,5.79989296265214e-12,24,0,5.79989296265214e-12,25,0,5.79989296265214e-12,26,0,5.79989296265214e-12,27,0,5.79989296265214e-12,28,0,5.79989296265214e-12,29,0,5.79989296265214e-12,30
"GSM1437921",NA,1,1.23372733337407e-24,1,1,1.23372733337407e-24,2,1,1.23372733337407e-24,3,1,1.23372733337407e-24,4,1,1.23372733337407e-24,5,1,1.23372733337407e-24,6,1,1.23372733337407e-24,7,1,1.23372733337407e-24,8,1,1.23372733337407e-24,9,1,1.23372733337407e-24,10,1,1.23372733337407e-24,11,1,1.23372733337407e-24,12,1,1.23372733337407e-24,13,1,1.23372733337407e-24,14,1,1.23372733337407e-24,15,1,1.23372733337407e-24,16,1,1.23372733337407e-24,17,1,1.23372733337407e-24,18,1,1.23372733337407e-24,19,1,1.23372733337407e-24,20,1,1.23372733337407e-24,21,1,1.23372733337407e-24,22,1,1.23372733337407e-24,23,1,1.23372733337407e-24,24,1,1.23372733337407e-24,25,1,1.23372733337407e-24,26,1,1.23372733337407e-24,27,1,1.23372733337407e-24,28,1,1.23372733337407e-24,29,1,1.23372733337407e-24,30
"GSM1437922",NA,0,3.47190240279039e-37,1,0,3.47190240279039e-37,2,0,3.47190240279039e-37,3,0,3.47190240279039e-37,4,0,3.47190240279039e-37,5,0,3.47190240279039e-37,6,0,3.47190240279039e-37,7,0,3.47190240279039e-37,8,0,3.47190240279039e-37,9,0,3.47190240279039e-37,10,0,3.47190240279039e-37,11,0,3.47190240279039e-37,12,0,3.47190240279039e-37,13,0,3.47190240279039e-37,14,0,3.47190240279039e-37,15,0,3.47190240279039e-37,16,0,3.47190240279039e-37,17,0,3.47190240279039e-37,18,0,3.47190240279039e-37,19,0,3.47190240279039e-37,20,0,3.47190240279039e-37,21,0,3.47190240279039e-37,22,0,3.47190240279039e-37,23,0,3.47190240279039e-37,24,0,3.47190240279039e-37,25,0,3.47190240279039e-37,26,0,3.47190240279039e-37,27,0,3.47190240279039e-37,28,0,3.47190240279039e-37,29,0,3.47190240279039e-37,30
"GSM1437923",NA,0,1.23566391428821e-09,1,0,1.23566391428821e-09,2,0,1.23566391428821e-09,3,0,1.23566391428821e-09,4,0,1.23566391428821e-09,5,0,1.23566391428821e-09,6,0,1.23566391428821e-09,7,0,1.23566391428821e-09,8,0,1.23566391428821e-09,9,0,1.23566391428821e-09,10,0,1.23566391428821e-09,11,0,1.23566391428821e-09,12,0,1.23566391428821e-09,13,0,1.23566391428821e-09,14,0,1.23566391428821e-09,15,0,1.23566391428821e-09,16,0,1.23566391428821e-09,17,0,1.23566391428821e-09,18,0,1.23566391428821e-09,19,0,1.23566391428821e-09,20,0,1.23566391428821e-09,21,0,1.23566391428821e-09,22,0,1.23566391428821e-09,23,0,1.23566391428821e-09,24,0,1.23566391428821e-09,25,0,1.23566391428821e-09,26,0,1.23566391428821e-09,27,0,1.23566391428821e-09,28,0,1.23566391428821e-09,29,0,1.23566391428821e-09,30
"GSM1437925",NA,0,1,1,0,1,2,0,1,3,0,1,4,0,1,5,0,1,6,0,1,7,0,1,8,0,1,9,0,1,10,0,1,11,0,1,12,0,1,13,0,1,14,0,1,15,0,1,16,0,1,17,0,1,18,0,1,19,0,1,20,0,1,21,0,1,22,0,1,23,0,1,24,0,1,25,0,1,26,0,1,27,0,1,28,0,1,29,0,1,30
"GSM1437930",NA,0,8.31608097067036e-13,1,0,8.31608097067036e-13,2,0,8.31608097067036e-13,3,0,8.31608097067036e-13,4,0,8.31608097067036e-13,5,0,8.31608097067036e-13,6,0,8.31608097067036e-13,7,0,8.31608097067036e-13,8,0,8.31608097067036e-13,9,0,8.31608097067036e-13,10,0,8.31608097067036e-13,11,0,8.31608097067036e-13,12,0,8.31608097067036e-13,13,0,8.31608097067036e-13,14,0,8.31608097067036e-13,15,0,8.31608097067036e-13,16,0,8.31608097067036e-13,17,0,8.31608097067036e-13,18,0,8.31608097067036e-13,19,0,8.31608097067036e-13,20,0,8.31608097067036e-13,21,0,8.31608097067036e-13,22,0,8.31608097067036e-13,23,0,8.31608097067036e-13,24,0,8.31608097067036e-13,25,0,8.31608097067036e-13,26,0,8.31608097067036e-13,27,0,8.31608097067036e-13,28,0,8.31608097067036e-13,29,0,8.31608097067036e-13,30
"GSM1437935",NA,0,3.26479483607521e-42,1,0,3.26479483607521e-42,2,0,3.26479483607521e-42,3,0,3.26479483607521e-42,4,0,3.26479483607521e-42,5,0,3.26479483607521e-42,6,0,3.26479483607521e-42,7,0,3.26479483607521e-42,8,0,3.26479483607521e-42,9,0,3.26479483607521e-42,10,0,3.26479483607521e-42,11,0,3.26479483607521e-42,12,0,3.26479483607521e-42,13,0,3.26479483607521e-42,14,0,3.26479483607521e-42,15,0,3.26479483607521e-42,16,0,3.26479483607521e-42,17,0,3.26479483607521e-42,18,0,3.26479483607521e-42,19,0,3.26479483607521e-42,20,0,3.26479483607521e-42,21,0,3.26479483607521e-42,22,0,3.26479483607521e-42,23,0,3.26479483607521e-42,24,0,3.26479483607521e-42,25,0,3.26479483607521e-42,26,0,3.26479483607521e-42,27,0,3.26479483607521e-42,28,0,3.26479483607521e-42,29,0,3.26479483607521e-42,30
"GSM1437939",NA,0,2.43091884391641e-14,1,0,2.43091884391641e-14,2,0,2.43091884391641e-14,3,0,2.43091884391641e-14,4,0,2.43091884391641e-14,5,0,2.43091884391641e-14,6,0,2.43091884391641e-14,7,0,2.43091884391641e-14,8,0,2.43091884391641e-14,9,0,2.43091884391641e-14,10,0,2.43091884391641e-14,11,0,2.43091884391641e-14,12,0,2.43091884391641e-14,13,0,2.43091884391641e-14,14,0,2.43091884391641e-14,15,0,2.43091884391641e-14,16,0,2.43091884391641e-14,17,0,2.43091884391641e-14,18,0,2.43091884391641e-14,19,0,2.43091884391641e-14,20,0,2.43091884391641e-14,21,0,2.43091884391641e-14,22,0,2.43091884391641e-14,23,0,2.43091884391641e-14,24,0,2.43091884391641e-14,25,0,2.43091884391641e-14,26,0,2.43091884391641e-14,27,0,2.43091884391641e-14,28,0,2.43091884391641e-14,29,0,2.43091884391641e-14,30
"GSM1437943",NA,1,0.999996904002865,1,1,0.999996904002865,2,1,0.999996904002865,3,1,0.999996904002865,4,1,0.999996904002865,5,1,0.999996904002865,6,1,0.999996904002865,7,1,0.999996904002865,8,1,0.999996904002865,9,1,0.999996904002865,10,1,0.999996904002865,11,1,0.999996904002865,12,1,0.999996904002865,13,1,0.999996904002865,14,1,0.999996904002865,15,1,0.999996904002865,16,1,0.999996904002865,17,1,0.999996904002865,18,1,0.999996904002865,19,1,0.999996904002865,20,1,0.999996904002865,21,1,0.999996904002865,22,1,0.999996904002865,23,1,0.999996904002865,24,1,0.999996904002865,25,1,0.999996904002865,26,1,0.999996904002865,27,1,0.999996904002865,28,1,0.999996904002865,29,1,0.999996904002865,30
"GSM1437951",NA,1,1,1,1,1,2,1,1,3,1,1,4,1,1,5,1,1,6,1,1,7,1,1,8,1,1,9,1,1,10,1,1,11,1,1,12,1,1,13,1,1,14,1,1,15,1,1,16,1,1,17,1,1,18,1,1,19,1,1,20,1,1,21,1,1,22,1,1,23,1,1,24,1,1,25,1,1,26,1,1,27,1,1,28,1,1,29,1,1,30
"GSM1437952",NA,1,1,1,1,1,2,1,1,3,1,1,4,1,1,5,1,1,6,1,1,7,1,1,8,1,1,9,1,1,10,1,1,11,1,1,12,1,1,13,1,1,14,1,1,15,1,1,16,1,1,17,1,1,18,1,1,19,1,1,20,1,1,21,1,1,22,1,1,23,1,1,24,1,1,25,1,1,26,1,1,27,1,1,28,1,1,29,1,1,30
"GSM1437956",NA,0,1.73129984649619e-18,1,0,1.73129984649619e-18,2,0,1.73129984649619e-18,3,0,1.73129984649619e-18,4,0,1.73129984649619e-18,5,0,1.73129984649619e-18,6,0,1.73129984649619e-18,7,0,1.73129984649619e-18,8,0,1.73129984649619e-18,9,0,1.73129984649619e-18,10,0,1.73129984649619e-18,11,0,1.73129984649619e-18,12,0,1.73129984649619e-18,13,0,1.73129984649619e-18,14,0,1.73129984649619e-18,15,0,1.73129984649619e-18,16,0,1.73129984649619e-18,17,0,1.73129984649619e-18,18,0,1.73129984649619e-18,19,0,1.73129984649619e-18,20,0,1.73129984649619e-18,21,0,1.73129984649619e-18,22,0,1.73129984649619e-18,23,0,1.73129984649619e-18,24,0,1.73129984649619e-18,25,0,1.73129984649619e-18,26,0,1.73129984649619e-18,27,0,1.73129984649619e-18,28,0,1.73129984649619e-18,29,0,1.73129984649619e-18,30
"GSM1437960",NA,1,1,1,1,1,2,1,1,3,1,1,4,1,1,5,1,1,6,1,1,7,1,1,8,1,1,9,1,1,10,1,1,11,1,1,12,1,1,13,1,1,14,1,1,15,1,1,16,1,1,17,1,1,18,1,1,19,1,1,20,1,1,21,1,1,22,1,1,23,1,1,24,1,1,25,1,1,26,1,1,27,1,1,28,1,1,29,1,1,30
"GSM1437961",NA,0,8.59480414787101e-19,1,0,8.59480414787101e-19,2,0,8.59480414787101e-19,3,0,8.59480414787101e-19,4,0,8.59480414787101e-19,5,0,8.59480414787101e-19,6,0,8.59480414787101e-19,7,0,8.59480414787101e-19,8,0,8.59480414787101e-19,9,0,8.59480414787101e-19,10,0,8.59480414787101e-19,11,0,8.59480414787101e-19,12,0,8.59480414787101e-19,13,0,8.59480414787101e-19,14,0,8.59480414787101e-19,15,0,8.59480414787101e-19,16,0,8.59480414787101e-19,17,0,8.59480414787101e-19,18,0,8.59480414787101e-19,19,0,8.59480414787101e-19,20,0,8.59480414787101e-19,21,0,8.59480414787101e-19,22,0,8.59480414787101e-19,23,0,8.59480414787101e-19,24,0,8.59480414787101e-19,25,0,8.59480414787101e-19,26,0,8.59480414787101e-19,27,0,8.59480414787101e-19,28,0,8.59480414787101e-19,29,0,8.59480414787101e-19,30
"GSM1437965",NA,0,7.6951960466926e-83,1,0,7.6951960466926e-83,2,0,7.6951960466926e-83,3,0,7.6951960466926e-83,4,0,7.6951960466926e-83,5,0,7.6951960466926e-83,6,0,7.6951960466926e-83,7,0,7.6951960466926e-83,8,0,7.6951960466926e-83,9,0,7.6951960466926e-83,10,0,7.6951960466926e-83,11,0,7.6951960466926e-83,12,0,7.6951960466926e-83,13,0,7.6951960466926e-83,14,0,7.6951960466926e-83,15,0,7.6951960466926e-83,16,0,7.6951960466926e-83,17,0,7.6951960466926e-83,18,0,7.6951960466926e-83,19,0,7.6951960466926e-83,20,0,7.6951960466926e-83,21,0,7.6951960466926e-83,22,0,7.6951960466926e-83,23,0,7.6951960466926e-83,24,0,7.6951960466926e-83,25,0,7.6951960466926e-83,26,0,7.6951960466926e-83,27,0,7.6951960466926e-83,28,0,7.6951960466926e-83,29,0,7.6951960466926e-83,30
"GSM1437967",NA,1,0.999999999998553,1,1,0.999999999998553,2,1,0.999999999998553,3,1,0.999999999998553,4,1,0.999999999998553,5,1,0.999999999998553,6,1,0.999999999998553,7,1,0.999999999998553,8,1,0.999999999998553,9,1,0.999999999998553,10,1,0.999999999998553,11,1,0.999999999998553,12,1,0.999999999998553,13,1,0.999999999998553,14,1,0.999999999998553,15,1,0.999999999998553,16,1,0.999999999998553,17,1,0.999999999998553,18,1,0.999999999998553,19,1,0.999999999998553,20,1,0.999999999998553,21,1,0.999999999998553,22,1,0.999999999998553,23,1,0.999999999998553,24,1,0.999999999998553,25,1,0.999999999998553,26,1,0.999999999998553,27,1,0.999999999998553,28,1,0.999999999998553,29,1,0.999999999998553,30
"GSM1437974",NA,0,4.1325873600119e-33,1,0,4.1325873600119e-33,2,0,4.1325873600119e-33,3,0,4.1325873600119e-33,4,0,4.1325873600119e-33,5,0,4.1325873600119e-33,6,0,4.1325873600119e-33,7,0,4.1325873600119e-33,8,0,4.1325873600119e-33,9,0,4.1325873600119e-33,10,0,4.1325873600119e-33,11,0,4.1325873600119e-33,12,0,4.1325873600119e-33,13,0,4.1325873600119e-33,14,0,4.1325873600119e-33,15,0,4.1325873600119e-33,16,0,4.1325873600119e-33,17,0,4.1325873600119e-33,18,0,4.1325873600119e-33,19,0,4.1325873600119e-33,20,0,4.1325873600119e-33,21,0,4.1325873600119e-33,22,0,4.1325873600119e-33,23,0,4.1325873600119e-33,24,0,4.1325873600119e-33,25,0,4.1325873600119e-33,26,0,4.1325873600119e-33,27,0,4.1325873600119e-33,28,0,4.1325873600119e-33,29,0,4.1325873600119e-33,30
"GSM1437981",NA,0,1.4793352877686e-19,1,0,1.4793352877686e-19,2,0,1.4793352877686e-19,3,0,1.4793352877686e-19,4,0,1.4793352877686e-19,5,0,1.4793352877686e-19,6,0,1.4793352877686e-19,7,0,1.4793352877686e-19,8,0,1.4793352877686e-19,9,0,1.4793352877686e-19,10,0,1.4793352877686e-19,11,0,1.4793352877686e-19,12,0,1.4793352877686e-19,13,0,1.4793352877686e-19,14,0,1.4793352877686e-19,15,0,1.4793352877686e-19,16,0,1.4793352877686e-19,17,0,1.4793352877686e-19,18,0,1.4793352877686e-19,19,0,1.4793352877686e-19,20,0,1.4793352877686e-19,21,0,1.4793352877686e-19,22,0,1.4793352877686e-19,23,0,1.4793352877686e-19,24,0,1.4793352877686e-19,25,0,1.4793352877686e-19,26,0,1.4793352877686e-19,27,0,1.4793352877686e-19,28,0,1.4793352877686e-19,29,0,1.4793352877686e-19,30
"GSM1437984",NA,0,1.8607649774339e-52,1,0,1.8607649774339e-52,2,0,1.8607649774339e-52,3,0,1.8607649774339e-52,4,0,1.8607649774339e-52,5,0,1.8607649774339e-52,6,0,1.8607649774339e-52,7,0,1.8607649774339e-52,8,0,1.8607649774339e-52,9,0,1.8607649774339e-52,10,0,1.8607649774339e-52,11,0,1.8607649774339e-52,12,0,1.8607649774339e-52,13,0,1.8607649774339e-52,14,0,1.8607649774339e-52,15,0,1.8607649774339e-52,16,0,1.8607649774339e-52,17,0,1.8607649774339e-52,18,0,1.8607649774339e-52,19,0,1.8607649774339e-52,20,0,1.8607649774339e-52,21,0,1.8607649774339e-52,22,0,1.8607649774339e-52,23,0,1.8607649774339e-52,24,0,1.8607649774339e-52,25,0,1.8607649774339e-52,26,0,1.8607649774339e-52,27,0,1.8607649774339e-52,28,0,1.8607649774339e-52,29,0,1.8607649774339e-52,30
"GSM1437986",NA,1,0.999999924639548,1,1,0.999999924639548,2,1,0.999999924639548,3,1,0.999999924639548,4,1,0.999999924639548,5,1,0.999999924639548,6,1,0.999999924639548,7,1,0.999999924639548,8,1,0.999999924639548,9,1,0.999999924639548,10,1,0.999999924639548,11,1,0.999999924639548,12,1,0.999999924639548,13,1,0.999999924639548,14,1,0.999999924639548,15,1,0.999999924639548,16,1,0.999999924639548,17,1,0.999999924639548,18,1,0.999999924639548,19,1,0.999999924639548,20,1,0.999999924639548,21,1,0.999999924639548,22,1,0.999999924639548,23,1,0.999999924639548,24,1,0.999999924639548,25,1,0.999999924639548,26,1,0.999999924639548,27,1,0.999999924639548,28,1,0.999999924639548,29,1,0.999999924639548,30
"GSM1437991",NA,1,0.999999998687359,1,1,0.999999998687359,2,1,0.999999998687359,3,1,0.999999998687359,4,1,0.999999998687359,5,1,0.999999998687359,6,1,0.999999998687359,7,1,0.999999998687359,8,1,0.999999998687359,9,1,0.999999998687359,10,1,0.999999998687359,11,1,0.999999998687359,12,1,0.999999998687359,13,1,0.999999998687359,14,1,0.999999998687359,15,1,0.999999998687359,16,1,0.999999998687359,17,1,0.999999998687359,18,1,0.999999998687359,19,1,0.999999998687359,20,1,0.999999998687359,21,1,0.999999998687359,22,1,0.999999998687359,23,1,0.999999998687359,24,1,0.999999998687359,25,1,0.999999998687359,26,1,0.999999998687359,27,1,0.999999998687359,28,1,0.999999998687359,29,1,0.999999998687359,30
"GSM1437995",NA,0,2.81385097838349e-52,1,0,2.81385097838349e-52,2,0,2.81385097838349e-52,3,0,2.81385097838349e-52,4,0,2.81385097838349e-52,5,0,2.81385097838349e-52,6,0,2.81385097838349e-52,7,0,2.81385097838349e-52,8,0,2.81385097838349e-52,9,0,2.81385097838349e-52,10,0,2.81385097838349e-52,11,0,2.81385097838349e-52,12,0,2.81385097838349e-52,13,0,2.81385097838349e-52,14,0,2.81385097838349e-52,15,0,2.81385097838349e-52,16,0,2.81385097838349e-52,17,0,2.81385097838349e-52,18,0,2.81385097838349e-52,19,0,2.81385097838349e-52,20,0,2.81385097838349e-52,21,0,2.81385097838349e-52,22,0,2.81385097838349e-52,23,0,2.81385097838349e-52,24,0,2.81385097838349e-52,25,0,2.81385097838349e-52,26,0,2.81385097838349e-52,27,0,2.81385097838349e-52,28,0,2.81385097838349e-52,29,0,2.81385097838349e-52,30
"GSM1437996",NA,0,5.91542602226402e-25,1,0,5.91542602226402e-25,2,0,5.91542602226402e-25,3,0,5.91542602226402e-25,4,0,5.91542602226402e-25,5,0,5.91542602226402e-25,6,0,5.91542602226402e-25,7,0,5.91542602226402e-25,8,0,5.91542602226402e-25,9,0,5.91542602226402e-25,10,0,5.91542602226402e-25,11,0,5.91542602226402e-25,12,0,5.91542602226402e-25,13,0,5.91542602226402e-25,14,0,5.91542602226402e-25,15,0,5.91542602226402e-25,16,0,5.91542602226402e-25,17,0,5.91542602226402e-25,18,0,5.91542602226402e-25,19,0,5.91542602226402e-25,20,0,5.91542602226402e-25,21,0,5.91542602226402e-25,22,0,5.91542602226402e-25,23,0,5.91542602226402e-25,24,0,5.91542602226402e-25,25,0,5.91542602226402e-25,26,0,5.91542602226402e-25,27,0,5.91542602226402e-25,28,0,5.91542602226402e-25,29,0,5.91542602226402e-25,30
"GSM1438001",NA,0,3.88824380538131e-28,1,0,3.88824380538131e-28,2,0,3.88824380538131e-28,3,0,3.88824380538131e-28,4,0,3.88824380538131e-28,5,0,3.88824380538131e-28,6,0,3.88824380538131e-28,7,0,3.88824380538131e-28,8,0,3.88824380538131e-28,9,0,3.88824380538131e-28,10,0,3.88824380538131e-28,11,0,3.88824380538131e-28,12,0,3.88824380538131e-28,13,0,3.88824380538131e-28,14,0,3.88824380538131e-28,15,0,3.88824380538131e-28,16,0,3.88824380538131e-28,17,0,3.88824380538131e-28,18,0,3.88824380538131e-28,19,0,3.88824380538131e-28,20,0,3.88824380538131e-28,21,0,3.88824380538131e-28,22,0,3.88824380538131e-28,23,0,3.88824380538131e-28,24,0,3.88824380538131e-28,25,0,3.88824380538131e-28,26,0,3.88824380538131e-28,27,0,3.88824380538131e-28,28,0,3.88824380538131e-28,29,0,3.88824380538131e-28,30
"GSM1438007",NA,0,8.28774920277693e-16,1,0,8.28774920277693e-16,2,0,8.28774920277693e-16,3,0,8.28774920277693e-16,4,0,8.28774920277693e-16,5,0,8.28774920277693e-16,6,0,8.28774920277693e-16,7,0,8.28774920277693e-16,8,0,8.28774920277693e-16,9,0,8.28774920277693e-16,10,0,8.28774920277693e-16,11,0,8.28774920277693e-16,12,0,8.28774920277693e-16,13,0,8.28774920277693e-16,14,0,8.28774920277693e-16,15,0,8.28774920277693e-16,16,0,8.28774920277693e-16,17,0,8.28774920277693e-16,18,0,8.28774920277693e-16,19,0,8.28774920277693e-16,20,0,8.28774920277693e-16,21,0,8.28774920277693e-16,22,0,8.28774920277693e-16,23,0,8.28774920277693e-16,24,0,8.28774920277693e-16,25,0,8.28774920277693e-16,26,0,8.28774920277693e-16,27,0,8.28774920277693e-16,28,0,8.28774920277693e-16,29,0,8.28774920277693e-16,30
"GSM1438008",NA,0,6.81057073407421e-25,1,0,6.81057073407421e-25,2,0,6.81057073407421e-25,3,0,6.81057073407421e-25,4,0,6.81057073407421e-25,5,0,6.81057073407421e-25,6,0,6.81057073407421e-25,7,0,6.81057073407421e-25,8,0,6.81057073407421e-25,9,0,6.81057073407421e-25,10,0,6.81057073407421e-25,11,0,6.81057073407421e-25,12,0,6.81057073407421e-25,13,0,6.81057073407421e-25,14,0,6.81057073407421e-25,15,0,6.81057073407421e-25,16,0,6.81057073407421e-25,17,0,6.81057073407421e-25,18,0,6.81057073407421e-25,19,0,6.81057073407421e-25,20,0,6.81057073407421e-25,21,0,6.81057073407421e-25,22,0,6.81057073407421e-25,23,0,6.81057073407421e-25,24,0,6.81057073407421e-25,25,0,6.81057073407421e-25,26,0,6.81057073407421e-25,27,0,6.81057073407421e-25,28,0,6.81057073407421e-25,29,0,6.81057073407421e-25,30
"GSM1438009",NA,0,0.000491017280359663,1,0,0.000491017280359663,2,0,0.000491017280359663,3,0,0.000491017280359663,4,0,0.000491017280359663,5,0,0.000491017280359663,6,0,0.000491017280359663,7,0,0.000491017280359663,8,0,0.000491017280359663,9,0,0.000491017280359663,10,0,0.000491017280359663,11,0,0.000491017280359663,12,0,0.000491017280359663,13,0,0.000491017280359663,14,0,0.000491017280359663,15,0,0.000491017280359663,16,0,0.000491017280359663,17,0,0.000491017280359663,18,0,0.000491017280359663,19,0,0.000491017280359663,20,0,0.000491017280359663,21,0,0.000491017280359663,22,0,0.000491017280359663,23,0,0.000491017280359663,24,0,0.000491017280359663,25,0,0.000491017280359663,26,0,0.000491017280359663,27,0,0.000491017280359663,28,0,0.000491017280359663,29,0,0.000491017280359663,30
"GSM1438010",NA,0,0.999995936298223,1,0,0.999995936298223,2,0,0.999995936298223,3,0,0.999995936298223,4,0,0.999995936298223,5,0,0.999995936298223,6,0,0.999995936298223,7,0,0.999995936298223,8,0,0.999995936298223,9,0,0.999995936298223,10,0,0.999995936298223,11,0,0.999995936298223,12,0,0.999995936298223,13,0,0.999995936298223,14,0,0.999995936298223,15,0,0.999995936298223,16,0,0.999995936298223,17,0,0.999995936298223,18,0,0.999995936298223,19,0,0.999995936298223,20,0,0.999995936298223,21,0,0.999995936298223,22,0,0.999995936298223,23,0,0.999995936298223,24,0,0.999995936298223,25,0,0.999995936298223,26,0,0.999995936298223,27,0,0.999995936298223,28,0,0.999995936298223,29,0,0.999995936298223,30
"GSM1438014",NA,1,0.179461476212605,1,1,0.179461476212605,2,1,0.179461476212605,3,1,0.179461476212605,4,1,0.179461476212605,5,1,0.179461476212605,6,1,0.179461476212605,7,1,0.179461476212605,8,1,0.179461476212605,9,1,0.179461476212605,10,1,0.179461476212605,11,1,0.179461476212605,12,1,0.179461476212605,13,1,0.179461476212605,14,1,0.179461476212605,15,1,0.179461476212605,16,1,0.179461476212605,17,1,0.179461476212605,18,1,0.179461476212605,19,1,0.179461476212605,20,1,0.179461476212605,21,1,0.179461476212605,22,1,0.179461476212605,23,1,0.179461476212605,24,1,0.179461476212605,25,1,0.179461476212605,26,1,0.179461476212605,27,1,0.179461476212605,28,1,0.179461476212605,29,1,0.179461476212605,30
"GSM1438019",NA,0,1,1,0,1,2,0,1,3,0,1,4,0,1,5,0,1,6,0,1,7,0,1,8,0,1,9,0,1,10,0,1,11,0,1,12,0,1,13,0,1,14,0,1,15,0,1,16,0,1,17,0,1,18,0,1,19,0,1,20,0,1,21,0,1,22,0,1,23,0,1,24,0,1,25,0,1,26,0,1,27,0,1,28,0,1,29,0,1,30
"GSM1438023",NA,0,7.0775831480427e-12,1,0,7.0775831480427e-12,2,0,7.0775831480427e-12,3,0,7.0775831480427e-12,4,0,7.0775831480427e-12,5,0,7.0775831480427e-12,6,0,7.0775831480427e-12,7,0,7.0775831480427e-12,8,0,7.0775831480427e-12,9,0,7.0775831480427e-12,10,0,7.0775831480427e-12,11,0,7.0775831480427e-12,12,0,7.0775831480427e-12,13,0,7.0775831480427e-12,14,0,7.0775831480427e-12,15,0,7.0775831480427e-12,16,0,7.0775831480427e-12,17,0,7.0775831480427e-12,18,0,7.0775831480427e-12,19,0,7.0775831480427e-12,20,0,7.0775831480427e-12,21,0,7.0775831480427e-12,22,0,7.0775831480427e-12,23,0,7.0775831480427e-12,24,0,7.0775831480427e-12,25,0,7.0775831480427e-12,26,0,7.0775831480427e-12,27,0,7.0775831480427e-12,28,0,7.0775831480427e-12,29,0,7.0775831480427e-12,30
"GSM1438025",NA,1,0.999976558551867,1,1,0.999976558551867,2,1,0.999976558551867,3,1,0.999976558551867,4,1,0.999976558551867,5,1,0.999976558551867,6,1,0.999976558551867,7,1,0.999976558551867,8,1,0.999976558551867,9,1,0.999976558551867,10,1,0.999976558551867,11,1,0.999976558551867,12,1,0.999976558551867,13,1,0.999976558551867,14,1,0.999976558551867,15,1,0.999976558551867,16,1,0.999976558551867,17,1,0.999976558551867,18,1,0.999976558551867,19,1,0.999976558551867,20,1,0.999976558551867,21,1,0.999976558551867,22,1,0.999976558551867,23,1,0.999976558551867,24,1,0.999976558551867,25,1,0.999976558551867,26,1,0.999976558551867,27,1,0.999976558551867,28,1,0.999976558551867,29,1,0.999976558551867,30
"GSM1438029",NA,0,7.05253067482227e-44,1,0,7.05253067482227e-44,2,0,7.05253067482227e-44,3,0,7.05253067482227e-44,4,0,7.05253067482227e-44,5,0,7.05253067482227e-44,6,0,7.05253067482227e-44,7,0,7.05253067482227e-44,8,0,7.05253067482227e-44,9,0,7.05253067482227e-44,10,0,7.05253067482227e-44,11,0,7.05253067482227e-44,12,0,7.05253067482227e-44,13,0,7.05253067482227e-44,14,0,7.05253067482227e-44,15,0,7.05253067482227e-44,16,0,7.05253067482227e-44,17,0,7.05253067482227e-44,18,0,7.05253067482227e-44,19,0,7.05253067482227e-44,20,0,7.05253067482227e-44,21,0,7.05253067482227e-44,22,0,7.05253067482227e-44,23,0,7.05253067482227e-44,24,0,7.05253067482227e-44,25,0,7.05253067482227e-44,26,0,7.05253067482227e-44,27,0,7.05253067482227e-44,28,0,7.05253067482227e-44,29,0,7.05253067482227e-44,30
"GSM1438033",NA,0,6.26107593323542e-19,1,0,6.26107593323542e-19,2,0,6.26107593323542e-19,3,0,6.26107593323542e-19,4,0,6.26107593323542e-19,5,0,6.26107593323542e-19,6,0,6.26107593323542e-19,7,0,6.26107593323542e-19,8,0,6.26107593323542e-19,9,0,6.26107593323542e-19,10,0,6.26107593323542e-19,11,0,6.26107593323542e-19,12,0,6.26107593323542e-19,13,0,6.26107593323542e-19,14,0,6.26107593323542e-19,15,0,6.26107593323542e-19,16,0,6.26107593323542e-19,17,0,6.26107593323542e-19,18,0,6.26107593323542e-19,19,0,6.26107593323542e-19,20,0,6.26107593323542e-19,21,0,6.26107593323542e-19,22,0,6.26107593323542e-19,23,0,6.26107593323542e-19,24,0,6.26107593323542e-19,25,0,6.26107593323542e-19,26,0,6.26107593323542e-19,27,0,6.26107593323542e-19,28,0,6.26107593323542e-19,29,0,6.26107593323542e-19,30
"GSM1438034",NA,0,1.12338701255804e-30,1,0,1.12338701255804e-30,2,0,1.12338701255804e-30,3,0,1.12338701255804e-30,4,0,1.12338701255804e-30,5,0,1.12338701255804e-30,6,0,1.12338701255804e-30,7,0,1.12338701255804e-30,8,0,1.12338701255804e-30,9,0,1.12338701255804e-30,10,0,1.12338701255804e-30,11,0,1.12338701255804e-30,12,0,1.12338701255804e-30,13,0,1.12338701255804e-30,14,0,1.12338701255804e-30,15,0,1.12338701255804e-30,16,0,1.12338701255804e-30,17,0,1.12338701255804e-30,18,0,1.12338701255804e-30,19,0,1.12338701255804e-30,20,0,1.12338701255804e-30,21,0,1.12338701255804e-30,22,0,1.12338701255804e-30,23,0,1.12338701255804e-30,24,0,1.12338701255804e-30,25,0,1.12338701255804e-30,26,0,1.12338701255804e-30,27,0,1.12338701255804e-30,28,0,1.12338701255804e-30,29,0,1.12338701255804e-30,30
"GSM1438035",NA,0,1,1,0,1,2,0,1,3,0,1,4,0,1,5,0,1,6,0,1,7,0,1,8,0,1,9,0,1,10,0,1,11,0,1,12,0,1,13,0,1,14,0,1,15,0,1,16,0,1,17,0,1,18,0,1,19,0,1,20,0,1,21,0,1,22,0,1,23,0,1,24,0,1,25,0,1,26,0,1,27,0,1,28,0,1,29,0,1,30
"GSM1438038",NA,0,3.01260886104569e-58,1,0,3.01260886104569e-58,2,0,3.01260886104569e-58,3,0,3.01260886104569e-58,4,0,3.01260886104569e-58,5,0,3.01260886104569e-58,6,0,3.01260886104569e-58,7,0,3.01260886104569e-58,8,0,3.01260886104569e-58,9,0,3.01260886104569e-58,10,0,3.01260886104569e-58,11,0,3.01260886104569e-58,12,0,3.01260886104569e-58,13,0,3.01260886104569e-58,14,0,3.01260886104569e-58,15,0,3.01260886104569e-58,16,0,3.01260886104569e-58,17,0,3.01260886104569e-58,18,0,3.01260886104569e-58,19,0,3.01260886104569e-58,20,0,3.01260886104569e-58,21,0,3.01260886104569e-58,22,0,3.01260886104569e-58,23,0,3.01260886104569e-58,24,0,3.01260886104569e-58,25,0,3.01260886104569e-58,26,0,3.01260886104569e-58,27,0,3.01260886104569e-58,28,0,3.01260886104569e-58,29,0,3.01260886104569e-58,30
"GSM1438039",NA,0,4.09848287589397e-48,1,0,4.09848287589397e-48,2,0,4.09848287589397e-48,3,0,4.09848287589397e-48,4,0,4.09848287589397e-48,5,0,4.09848287589397e-48,6,0,4.09848287589397e-48,7,0,4.09848287589397e-48,8,0,4.09848287589397e-48,9,0,4.09848287589397e-48,10,0,4.09848287589397e-48,11,0,4.09848287589397e-48,12,0,4.09848287589397e-48,13,0,4.09848287589397e-48,14,0,4.09848287589397e-48,15,0,4.09848287589397e-48,16,0,4.09848287589397e-48,17,0,4.09848287589397e-48,18,0,4.09848287589397e-48,19,0,4.09848287589397e-48,20,0,4.09848287589397e-48,21,0,4.09848287589397e-48,22,0,4.09848287589397e-48,23,0,4.09848287589397e-48,24,0,4.09848287589397e-48,25,0,4.09848287589397e-48,26,0,4.09848287589397e-48,27,0,4.09848287589397e-48,28,0,4.09848287589397e-48,29,0,4.09848287589397e-48,30
"GSM1438041",NA,1,2.8133186207201e-12,1,1,2.8133186207201e-12,2,1,2.8133186207201e-12,3,1,2.8133186207201e-12,4,1,2.8133186207201e-12,5,1,2.8133186207201e-12,6,1,2.8133186207201e-12,7,1,2.8133186207201e-12,8,1,2.8133186207201e-12,9,1,2.8133186207201e-12,10,1,2.8133186207201e-12,11,1,2.8133186207201e-12,12,1,2.8133186207201e-12,13,1,2.8133186207201e-12,14,1,2.8133186207201e-12,15,1,2.8133186207201e-12,16,1,2.8133186207201e-12,17,1,2.8133186207201e-12,18,1,2.8133186207201e-12,19,1,2.8133186207201e-12,20,1,2.8133186207201e-12,21,1,2.8133186207201e-12,22,1,2.8133186207201e-12,23,1,2.8133186207201e-12,24,1,2.8133186207201e-12,25,1,2.8133186207201e-12,26,1,2.8133186207201e-12,27,1,2.8133186207201e-12,28,1,2.8133186207201e-12,29,1,2.8133186207201e-12,30
"GSM1438042",NA,1,0.00209843978879845,1,1,0.00209843978879845,2,1,0.00209843978879845,3,1,0.00209843978879845,4,1,0.00209843978879845,5,1,0.00209843978879845,6,1,0.00209843978879845,7,1,0.00209843978879845,8,1,0.00209843978879845,9,1,0.00209843978879845,10,1,0.00209843978879845,11,1,0.00209843978879845,12,1,0.00209843978879845,13,1,0.00209843978879845,14,1,0.00209843978879845,15,1,0.00209843978879845,16,1,0.00209843978879845,17,1,0.00209843978879845,18,1,0.00209843978879845,19,1,0.00209843978879845,20,1,0.00209843978879845,21,1,0.00209843978879845,22,1,0.00209843978879845,23,1,0.00209843978879845,24,1,0.00209843978879845,25,1,0.00209843978879845,26,1,0.00209843978879845,27,1,0.00209843978879845,28,1,0.00209843978879845,29,1,0.00209843978879845,30
"GSM1438043",NA,0,4.75295280361748e-47,1,0,4.75295280361748e-47,2,0,4.75295280361748e-47,3,0,4.75295280361748e-47,4,0,4.75295280361748e-47,5,0,4.75295280361748e-47,6,0,4.75295280361748e-47,7,0,4.75295280361748e-47,8,0,4.75295280361748e-47,9,0,4.75295280361748e-47,10,0,4.75295280361748e-47,11,0,4.75295280361748e-47,12,0,4.75295280361748e-47,13,0,4.75295280361748e-47,14,0,4.75295280361748e-47,15,0,4.75295280361748e-47,16,0,4.75295280361748e-47,17,0,4.75295280361748e-47,18,0,4.75295280361748e-47,19,0,4.75295280361748e-47,20,0,4.75295280361748e-47,21,0,4.75295280361748e-47,22,0,4.75295280361748e-47,23,0,4.75295280361748e-47,24,0,4.75295280361748e-47,25,0,4.75295280361748e-47,26,0,4.75295280361748e-47,27,0,4.75295280361748e-47,28,0,4.75295280361748e-47,29,0,4.75295280361748e-47,30
"GSM1438050",NA,1,0.999233040050257,1,1,0.999233040050257,2,1,0.999233040050257,3,1,0.999233040050257,4,1,0.999233040050257,5,1,0.999233040050257,6,1,0.999233040050257,7,1,0.999233040050257,8,1,0.999233040050257,9,1,0.999233040050257,10,1,0.999233040050257,11,1,0.999233040050257,12,1,0.999233040050257,13,1,0.999233040050257,14,1,0.999233040050257,15,1,0.999233040050257,16,1,0.999233040050257,17,1,0.999233040050257,18,1,0.999233040050257,19,1,0.999233040050257,20,1,0.999233040050257,21,1,0.999233040050257,22,1,0.999233040050257,23,1,0.999233040050257,24,1,0.999233040050257,25,1,0.999233040050257,26,1,0.999233040050257,27,1,0.999233040050257,28,1,0.999233040050257,29,1,0.999233040050257,30
"GSM1438051",NA,1,1,1,1,1,2,1,1,3,1,1,4,1,1,5,1,1,6,1,1,7,1,1,8,1,1,9,1,1,10,1,1,11,1,1,12,1,1,13,1,1,14,1,1,15,1,1,16,1,1,17,1,1,18,1,1,19,1,1,20,1,1,21,1,1,22,1,1,23,1,1,24,1,1,25,1,1,26,1,1,27,1,1,28,1,1,29,1,1,30
"GSM1438052",NA,1,0.999999664707126,1,1,0.999999664707126,2,1,0.999999664707126,3,1,0.999999664707126,4,1,0.999999664707126,5,1,0.999999664707126,6,1,0.999999664707126,7,1,0.999999664707126,8,1,0.999999664707126,9,1,0.999999664707126,10,1,0.999999664707126,11,1,0.999999664707126,12,1,0.999999664707126,13,1,0.999999664707126,14,1,0.999999664707126,15,1,0.999999664707126,16,1,0.999999664707126,17,1,0.999999664707126,18,1,0.999999664707126,19,1,0.999999664707126,20,1,0.999999664707126,21,1,0.999999664707126,22,1,0.999999664707126,23,1,0.999999664707126,24,1,0.999999664707126,25,1,0.999999664707126,26,1,0.999999664707126,27,1,0.999999664707126,28,1,0.999999664707126,29,1,0.999999664707126,30
"GSM1438057",NA,1,1.89572470060079e-11,1,1,1.89572470060079e-11,2,1,1.89572470060079e-11,3,1,1.89572470060079e-11,4,1,1.89572470060079e-11,5,1,1.89572470060079e-11,6,1,1.89572470060079e-11,7,1,1.89572470060079e-11,8,1,1.89572470060079e-11,9,1,1.89572470060079e-11,10,1,1.89572470060079e-11,11,1,1.89572470060079e-11,12,1,1.89572470060079e-11,13,1,1.89572470060079e-11,14,1,1.89572470060079e-11,15,1,1.89572470060079e-11,16,1,1.89572470060079e-11,17,1,1.89572470060079e-11,18,1,1.89572470060079e-11,19,1,1.89572470060079e-11,20,1,1.89572470060079e-11,21,1,1.89572470060079e-11,22,1,1.89572470060079e-11,23,1,1.89572470060079e-11,24,1,1.89572470060079e-11,25,1,1.89572470060079e-11,26,1,1.89572470060079e-11,27,1,1.89572470060079e-11,28,1,1.89572470060079e-11,29,1,1.89572470060079e-11,30
"GSM1438059",NA,1,5.29410024496604e-15,1,1,5.29410024496604e-15,2,1,5.29410024496604e-15,3,1,5.29410024496604e-15,4,1,5.29410024496604e-15,5,1,5.29410024496604e-15,6,1,5.29410024496604e-15,7,1,5.29410024496604e-15,8,1,5.29410024496604e-15,9,1,5.29410024496604e-15,10,1,5.29410024496604e-15,11,1,5.29410024496604e-15,12,1,5.29410024496604e-15,13,1,5.29410024496604e-15,14,1,5.29410024496604e-15,15,1,5.29410024496604e-15,16,1,5.29410024496604e-15,17,1,5.29410024496604e-15,18,1,5.29410024496604e-15,19,1,5.29410024496604e-15,20,1,5.29410024496604e-15,21,1,5.29410024496604e-15,22,1,5.29410024496604e-15,23,1,5.29410024496604e-15,24,1,5.29410024496604e-15,25,1,5.29410024496604e-15,26,1,5.29410024496604e-15,27,1,5.29410024496604e-15,28,1,5.29410024496604e-15,29,1,5.29410024496604e-15,30
"GSM1438071",NA,1,1,1,1,1,2,1,1,3,1,1,4,1,1,5,1,1,6,1,1,7,1,1,8,1,1,9,1,1,10,1,1,11,1,1,12,1,1,13,1,1,14,1,1,15,1,1,16,1,1,17,1,1,18,1,1,19,1,1,20,1,1,21,1,1,22,1,1,23,1,1,24,1,1,25,1,1,26,1,1,27,1,1,28,1,1,29,1,1,30
"GSM1438072",NA,1,2.72267861671261e-14,1,1,2.72267861671261e-14,2,1,2.72267861671261e-14,3,1,2.72267861671261e-14,4,1,2.72267861671261e-14,5,1,2.72267861671261e-14,6,1,2.72267861671261e-14,7,1,2.72267861671261e-14,8,1,2.72267861671261e-14,9,1,2.72267861671261e-14,10,1,2.72267861671261e-14,11,1,2.72267861671261e-14,12,1,2.72267861671261e-14,13,1,2.72267861671261e-14,14,1,2.72267861671261e-14,15,1,2.72267861671261e-14,16,1,2.72267861671261e-14,17,1,2.72267861671261e-14,18,1,2.72267861671261e-14,19,1,2.72267861671261e-14,20,1,2.72267861671261e-14,21,1,2.72267861671261e-14,22,1,2.72267861671261e-14,23,1,2.72267861671261e-14,24,1,2.72267861671261e-14,25,1,2.72267861671261e-14,26,1,2.72267861671261e-14,27,1,2.72267861671261e-14,28,1,2.72267861671261e-14,29,1,2.72267861671261e-14,30
"GSM1438073",NA,1,1,1,1,1,2,1,1,3,1,1,4,1,1,5,1,1,6,1,1,7,1,1,8,1,1,9,1,1,10,1,1,11,1,1,12,1,1,13,1,1,14,1,1,15,1,1,16,1,1,17,1,1,18,1,1,19,1,1,20,1,1,21,1,1,22,1,1,23,1,1,24,1,1,25,1,1,26,1,1,27,1,1,28,1,1,29,1,1,30
"GSM1438076",NA,0,0.999999999953019,1,0,0.999999999953019,2,0,0.999999999953019,3,0,0.999999999953019,4,0,0.999999999953019,5,0,0.999999999953019,6,0,0.999999999953019,7,0,0.999999999953019,8,0,0.999999999953019,9,0,0.999999999953019,10,0,0.999999999953019,11,0,0.999999999953019,12,0,0.999999999953019,13,0,0.999999999953019,14,0,0.999999999953019,15,0,0.999999999953019,16,0,0.999999999953019,17,0,0.999999999953019,18,0,0.999999999953019,19,0,0.999999999953019,20,0,0.999999999953019,21,0,0.999999999953019,22,0,0.999999999953019,23,0,0.999999999953019,24,0,0.999999999953019,25,0,0.999999999953019,26,0,0.999999999953019,27,0,0.999999999953019,28,0,0.999999999953019,29,0,0.999999999953019,30
"GSM1438081",NA,1,0.97120764744607,1,1,0.97120764744607,2,1,0.97120764744607,3,1,0.97120764744607,4,1,0.97120764744607,5,1,0.97120764744607,6,1,0.97120764744607,7,1,0.97120764744607,8,1,0.97120764744607,9,1,0.97120764744607,10,1,0.97120764744607,11,1,0.97120764744607,12,1,0.97120764744607,13,1,0.97120764744607,14,1,0.97120764744607,15,1,0.97120764744607,16,1,0.97120764744607,17,1,0.97120764744607,18,1,0.97120764744607,19,1,0.97120764744607,20,1,0.97120764744607,21,1,0.97120764744607,22,1,0.97120764744607,23,1,0.97120764744607,24,1,0.97120764744607,25,1,0.97120764744607,26,1,0.97120764744607,27,1,0.97120764744607,28,1,0.97120764744607,29,1,0.97120764744607,30
"GSM1438088",NA,0,4.82832742487365e-12,1,0,4.82832742487365e-12,2,0,4.82832742487365e-12,3,0,4.82832742487365e-12,4,0,4.82832742487365e-12,5,0,4.82832742487365e-12,6,0,4.82832742487365e-12,7,0,4.82832742487365e-12,8,0,4.82832742487365e-12,9,0,4.82832742487365e-12,10,0,4.82832742487365e-12,11,0,4.82832742487365e-12,12,0,4.82832742487365e-12,13,0,4.82832742487365e-12,14,0,4.82832742487365e-12,15,0,4.82832742487365e-12,16,0,4.82832742487365e-12,17,0,4.82832742487365e-12,18,0,4.82832742487365e-12,19,0,4.82832742487365e-12,20,0,4.82832742487365e-12,21,0,4.82832742487365e-12,22,0,4.82832742487365e-12,23,0,4.82832742487365e-12,24,0,4.82832742487365e-12,25,0,4.82832742487365e-12,26,0,4.82832742487365e-12,27,0,4.82832742487365e-12,28,0,4.82832742487365e-12,29,0,4.82832742487365e-12,30
"GSM1438091",NA,0,2.05676022134058e-29,1,0,2.05676022134058e-29,2,0,2.05676022134058e-29,3,0,2.05676022134058e-29,4,0,2.05676022134058e-29,5,0,2.05676022134058e-29,6,0,2.05676022134058e-29,7,0,2.05676022134058e-29,8,0,2.05676022134058e-29,9,0,2.05676022134058e-29,10,0,2.05676022134058e-29,11,0,2.05676022134058e-29,12,0,2.05676022134058e-29,13,0,2.05676022134058e-29,14,0,2.05676022134058e-29,15,0,2.05676022134058e-29,16,0,2.05676022134058e-29,17,0,2.05676022134058e-29,18,0,2.05676022134058e-29,19,0,2.05676022134058e-29,20,0,2.05676022134058e-29,21,0,2.05676022134058e-29,22,0,2.05676022134058e-29,23,0,2.05676022134058e-29,24,0,2.05676022134058e-29,25,0,2.05676022134058e-29,26,0,2.05676022134058e-29,27,0,2.05676022134058e-29,28,0,2.05676022134058e-29,29,0,2.05676022134058e-29,30
"GSM1438095",NA,1,0.104004704519061,1,1,0.104004704519061,2,1,0.104004704519061,3,1,0.104004704519061,4,1,0.104004704519061,5,1,0.104004704519061,6,1,0.104004704519061,7,1,0.104004704519061,8,1,0.104004704519061,9,1,0.104004704519061,10,1,0.104004704519061,11,1,0.104004704519061,12,1,0.104004704519061,13,1,0.104004704519061,14,1,0.104004704519061,15,1,0.104004704519061,16,1,0.104004704519061,17,1,0.104004704519061,18,1,0.104004704519061,19,1,0.104004704519061,20,1,0.104004704519061,21,1,0.104004704519061,22,1,0.104004704519061,23,1,0.104004704519061,24,1,0.104004704519061,25,1,0.104004704519061,26,1,0.104004704519061,27,1,0.104004704519061,28,1,0.104004704519061,29,1,0.104004704519061,30
"GSM1438098",NA,0,1.30086646354613e-09,1,0,1.30086646354613e-09,2,0,1.30086646354613e-09,3,0,1.30086646354613e-09,4,0,1.30086646354613e-09,5,0,1.30086646354613e-09,6,0,1.30086646354613e-09,7,0,1.30086646354613e-09,8,0,1.30086646354613e-09,9,0,1.30086646354613e-09,10,0,1.30086646354613e-09,11,0,1.30086646354613e-09,12,0,1.30086646354613e-09,13,0,1.30086646354613e-09,14,0,1.30086646354613e-09,15,0,1.30086646354613e-09,16,0,1.30086646354613e-09,17,0,1.30086646354613e-09,18,0,1.30086646354613e-09,19,0,1.30086646354613e-09,20,0,1.30086646354613e-09,21,0,1.30086646354613e-09,22,0,1.30086646354613e-09,23,0,1.30086646354613e-09,24,0,1.30086646354613e-09,25,0,1.30086646354613e-09,26,0,1.30086646354613e-09,27,0,1.30086646354613e-09,28,0,1.30086646354613e-09,29,0,1.30086646354613e-09,30
"GSM1438099",NA,0,1.10132739943397e-05,1,0,1.10132739943397e-05,2,0,1.10132739943397e-05,3,0,1.10132739943397e-05,4,0,1.10132739943397e-05,5,0,1.10132739943397e-05,6,0,1.10132739943397e-05,7,0,1.10132739943397e-05,8,0,1.10132739943397e-05,9,0,1.10132739943397e-05,10,0,1.10132739943397e-05,11,0,1.10132739943397e-05,12,0,1.10132739943397e-05,13,0,1.10132739943397e-05,14,0,1.10132739943397e-05,15,0,1.10132739943397e-05,16,0,1.10132739943397e-05,17,0,1.10132739943397e-05,18,0,1.10132739943397e-05,19,0,1.10132739943397e-05,20,0,1.10132739943397e-05,21,0,1.10132739943397e-05,22,0,1.10132739943397e-05,23,0,1.10132739943397e-05,24,0,1.10132739943397e-05,25,0,1.10132739943397e-05,26,0,1.10132739943397e-05,27,0,1.10132739943397e-05,28,0,1.10132739943397e-05,29,0,1.10132739943397e-05,30
"GSM1438100",NA,0,4.15561678733453e-12,1,0,4.15561678733453e-12,2,0,4.15561678733453e-12,3,0,4.15561678733453e-12,4,0,4.15561678733453e-12,5,0,4.15561678733453e-12,6,0,4.15561678733453e-12,7,0,4.15561678733453e-12,8,0,4.15561678733453e-12,9,0,4.15561678733453e-12,10,0,4.15561678733453e-12,11,0,4.15561678733453e-12,12,0,4.15561678733453e-12,13,0,4.15561678733453e-12,14,0,4.15561678733453e-12,15,0,4.15561678733453e-12,16,0,4.15561678733453e-12,17,0,4.15561678733453e-12,18,0,4.15561678733453e-12,19,0,4.15561678733453e-12,20,0,4.15561678733453e-12,21,0,4.15561678733453e-12,22,0,4.15561678733453e-12,23,0,4.15561678733453e-12,24,0,4.15561678733453e-12,25,0,4.15561678733453e-12,26,0,4.15561678733453e-12,27,0,4.15561678733453e-12,28,0,4.15561678733453e-12,29,0,4.15561678733453e-12,30
"GSM1438103",NA,0,4.92170605615487e-46,1,0,4.92170605615487e-46,2,0,4.92170605615487e-46,3,0,4.92170605615487e-46,4,0,4.92170605615487e-46,5,0,4.92170605615487e-46,6,0,4.92170605615487e-46,7,0,4.92170605615487e-46,8,0,4.92170605615487e-46,9,0,4.92170605615487e-46,10,0,4.92170605615487e-46,11,0,4.92170605615487e-46,12,0,4.92170605615487e-46,13,0,4.92170605615487e-46,14,0,4.92170605615487e-46,15,0,4.92170605615487e-46,16,0,4.92170605615487e-46,17,0,4.92170605615487e-46,18,0,4.92170605615487e-46,19,0,4.92170605615487e-46,20,0,4.92170605615487e-46,21,0,4.92170605615487e-46,22,0,4.92170605615487e-46,23,0,4.92170605615487e-46,24,0,4.92170605615487e-46,25,0,4.92170605615487e-46,26,0,4.92170605615487e-46,27,0,4.92170605615487e-46,28,0,4.92170605615487e-46,29,0,4.92170605615487e-46,30
"GSM1438108",NA,1,8.77120177248897e-08,1,1,8.77120177248897e-08,2,1,8.77120177248897e-08,3,1,8.77120177248897e-08,4,1,8.77120177248897e-08,5,1,8.77120177248897e-08,6,1,8.77120177248897e-08,7,1,8.77120177248897e-08,8,1,8.77120177248897e-08,9,1,8.77120177248897e-08,10,1,8.77120177248897e-08,11,1,8.77120177248897e-08,12,1,8.77120177248897e-08,13,1,8.77120177248897e-08,14,1,8.77120177248897e-08,15,1,8.77120177248897e-08,16,1,8.77120177248897e-08,17,1,8.77120177248897e-08,18,1,8.77120177248897e-08,19,1,8.77120177248897e-08,20,1,8.77120177248897e-08,21,1,8.77120177248897e-08,22,1,8.77120177248897e-08,23,1,8.77120177248897e-08,24,1,8.77120177248897e-08,25,1,8.77120177248897e-08,26,1,8.77120177248897e-08,27,1,8.77120177248897e-08,28,1,8.77120177248897e-08,29,1,8.77120177248897e-08,30
"GSM1438109",NA,0,2.73702526391146e-17,1,0,2.73702526391146e-17,2,0,2.73702526391146e-17,3,0,2.73702526391146e-17,4,0,2.73702526391146e-17,5,0,2.73702526391146e-17,6,0,2.73702526391146e-17,7,0,2.73702526391146e-17,8,0,2.73702526391146e-17,9,0,2.73702526391146e-17,10,0,2.73702526391146e-17,11,0,2.73702526391146e-17,12,0,2.73702526391146e-17,13,0,2.73702526391146e-17,14,0,2.73702526391146e-17,15,0,2.73702526391146e-17,16,0,2.73702526391146e-17,17,0,2.73702526391146e-17,18,0,2.73702526391146e-17,19,0,2.73702526391146e-17,20,0,2.73702526391146e-17,21,0,2.73702526391146e-17,22,0,2.73702526391146e-17,23,0,2.73702526391146e-17,24,0,2.73702526391146e-17,25,0,2.73702526391146e-17,26,0,2.73702526391146e-17,27,0,2.73702526391146e-17,28,0,2.73702526391146e-17,29,0,2.73702526391146e-17,30
"GSM1438112",NA,0,6.95452376253855e-43,1,0,6.95452376253855e-43,2,0,6.95452376253855e-43,3,0,6.95452376253855e-43,4,0,6.95452376253855e-43,5,0,6.95452376253855e-43,6,0,6.95452376253855e-43,7,0,6.95452376253855e-43,8,0,6.95452376253855e-43,9,0,6.95452376253855e-43,10,0,6.95452376253855e-43,11,0,6.95452376253855e-43,12,0,6.95452376253855e-43,13,0,6.95452376253855e-43,14,0,6.95452376253855e-43,15,0,6.95452376253855e-43,16,0,6.95452376253855e-43,17,0,6.95452376253855e-43,18,0,6.95452376253855e-43,19,0,6.95452376253855e-43,20,0,6.95452376253855e-43,21,0,6.95452376253855e-43,22,0,6.95452376253855e-43,23,0,6.95452376253855e-43,24,0,6.95452376253855e-43,25,0,6.95452376253855e-43,26,0,6.95452376253855e-43,27,0,6.95452376253855e-43,28,0,6.95452376253855e-43,29,0,6.95452376253855e-43,30
"GSM1438115",NA,0,4.71783045764107e-05,1,0,4.71783045764107e-05,2,0,4.71783045764107e-05,3,0,4.71783045764107e-05,4,0,4.71783045764107e-05,5,0,4.71783045764107e-05,6,0,4.71783045764107e-05,7,0,4.71783045764107e-05,8,0,4.71783045764107e-05,9,0,4.71783045764107e-05,10,0,4.71783045764107e-05,11,0,4.71783045764107e-05,12,0,4.71783045764107e-05,13,0,4.71783045764107e-05,14,0,4.71783045764107e-05,15,0,4.71783045764107e-05,16,0,4.71783045764107e-05,17,0,4.71783045764107e-05,18,0,4.71783045764107e-05,19,0,4.71783045764107e-05,20,0,4.71783045764107e-05,21,0,4.71783045764107e-05,22,0,4.71783045764107e-05,23,0,4.71783045764107e-05,24,0,4.71783045764107e-05,25,0,4.71783045764107e-05,26,0,4.71783045764107e-05,27,0,4.71783045764107e-05,28,0,4.71783045764107e-05,29,0,4.71783045764107e-05,30
"GSM1438121",NA,1,0.999999999997133,1,1,0.999999999997133,2,1,0.999999999997133,3,1,0.999999999997133,4,1,0.999999999997133,5,1,0.999999999997133,6,1,0.999999999997133,7,1,0.999999999997133,8,1,0.999999999997133,9,1,0.999999999997133,10,1,0.999999999997133,11,1,0.999999999997133,12,1,0.999999999997133,13,1,0.999999999997133,14,1,0.999999999997133,15,1,0.999999999997133,16,1,0.999999999997133,17,1,0.999999999997133,18,1,0.999999999997133,19,1,0.999999999997133,20,1,0.999999999997133,21,1,0.999999999997133,22,1,0.999999999997133,23,1,0.999999999997133,24,1,0.999999999997133,25,1,0.999999999997133,26,1,0.999999999997133,27,1,0.999999999997133,28,1,0.999999999997133,29,1,0.999999999997133,30
"GSM1438122",NA,1,1,1,1,1,2,1,1,3,1,1,4,1,1,5,1,1,6,1,1,7,1,1,8,1,1,9,1,1,10,1,1,11,1,1,12,1,1,13,1,1,14,1,1,15,1,1,16,1,1,17,1,1,18,1,1,19,1,1,20,1,1,21,1,1,22,1,1,23,1,1,24,1,1,25,1,1,26,1,1,27,1,1,28,1,1,29,1,1,30
"GSM1438124",NA,1,1,1,1,1,2,1,1,3,1,1,4,1,1,5,1,1,6,1,1,7,1,1,8,1,1,9,1,1,10,1,1,11,1,1,12,1,1,13,1,1,14,1,1,15,1,1,16,1,1,17,1,1,18,1,1,19,1,1,20,1,1,21,1,1,22,1,1,23,1,1,24,1,1,25,1,1,26,1,1,27,1,1,28,1,1,29,1,1,30
"GSM1438126",NA,1,0.0810606830120125,1,1,0.0810606830120125,2,1,0.0810606830120125,3,1,0.0810606830120125,4,1,0.0810606830120125,5,1,0.0810606830120125,6,1,0.0810606830120125,7,1,0.0810606830120125,8,1,0.0810606830120125,9,1,0.0810606830120125,10,1,0.0810606830120125,11,1,0.0810606830120125,12,1,0.0810606830120125,13,1,0.0810606830120125,14,1,0.0810606830120125,15,1,0.0810606830120125,16,1,0.0810606830120125,17,1,0.0810606830120125,18,1,0.0810606830120125,19,1,0.0810606830120125,20,1,0.0810606830120125,21,1,0.0810606830120125,22,1,0.0810606830120125,23,1,0.0810606830120125,24,1,0.0810606830120125,25,1,0.0810606830120125,26,1,0.0810606830120125,27,1,0.0810606830120125,28,1,0.0810606830120125,29,1,0.0810606830120125,30
