"","coef_elastic","s0","tcross","s0","tcross","s0","tcross","s0","tcross","s0","tcross","s0","tcross","s0","tcross","s0","tcross","s0","tcross","s0","tcross","s0","tcross","s0","tcross","s0","tcross","s0","tcross","s0","tcross","s0","tcross","s0","tcross","s0","tcross","s0","tcross","s0","tcross","s0","tcross","s0","tcross","s0","tcross","s0","tcross","s0","tcross","s0","tcross","s0","tcross","s0","tcross","s0","tcross","s0","tcross"
"(Intercept)",NA,-1.39496730700493,1,-1.66321382346937,2,-1.41707007654453,3,-1.13924097248337,4,-1.439384337249,5,-1.439384337249,6,-1.41707007654453,7,-1.48566272817497,8,-1.1247365527465,9,-1.39496730700493,10,-1.46220556458325,11,-1.15465043530154,12,-1.53428083616885,13,-1.439384337249,14,-1.46220556458325,15,-1.39496730700493,16,-1.37352253978128,17,-1.29316721116107,18,-1.37352253978128,19,-1.53428083616885,20,-1.15465043530154,21,-1.27447125757239,22,-1.39496730700493,23,-1.15465043530154,24,-1.25545423341309,25,-1.29316721116107,26,-1.439384337249,27,-1.31232431344157,28,-1.27447125757239,29,-1.35258606994713,30
"PF4V1",NA,0.120237244929631,1,0.18859548047917,2,0.126370111884935,3,0.0776401850451467,4,0.132424919885545,5,0.132424919885545,6,0.126370111884935,7,0.14545907605209,8,0.0783747511464125,9,0.120237244929631,10,0.138832126288142,11,0.0767144538987054,12,0.158985608045631,13,0.132424919885545,14,0.138832126288142,15,0.120237244929631,16,0.11392802053698,17,0.0872925302143097,18,0.11392802053698,19,0.158985608045631,20,0.0767144538987054,21,0.0819526431289038,22,0.120237244929631,23,0.0767144538987054,24,0.0772834891825093,25,0.0872925302143097,26,0.132424919885545,27,0.0930475694383892,28,0.0819526431289038,29,0.106944643554651,30
"CD177",NA,0.161911630130857,1,0.217658535634882,2,0.16730201419704,3,0.0763580243670206,4,0.172518850755227,5,0.172518850755227,6,0.16730201419704,7,0.182280595670777,8,0.0701269574159999,9,0.161911630130857,10,0.177430165279729,11,0.0829486830337084,12,0.192292830012134,13,0.172518850755227,14,0.177430165279729,15,0.161911630130857,16,0.156041933426959,17,0.129640356239446,18,0.156041933426959,19,0.192292830012134,20,0.0829486830337084,21,0.12233206063593,22,0.161911630130857,23,0.0829486830337084,24,0.115975674031154,25,0.129640356239446,26,0.172518850755227,27,0.137071195123988,28,0.12233206063593,29,0.149741769218807,30
"FADS2",NA,0.261516821710066,1,0.407759637631769,2,0.274297807716258,3,0.124794493805437,4,0.288143866944582,5,0.288143866944582,6,0.274297807716258,7,0.316175602226395,8,0.115806752133679,9,0.261516821710066,10,0.30222537079316,11,0.13285348597284,12,0.343682799238123,13,0.288143866944582,14,0.30222537079316,15,0.261516821710066,16,0.248633912356489,17,0.201252804078899,18,0.248633912356489,19,0.343682799238123,20,0.13285348597284,21,0.191811724340353,22,0.261516821710066,23,0.13285348597284,24,0.18259698503217,25,0.201252804078899,26,0.288143866944582,27,0.21194701941657,28,0.191811724340353,29,0.236085243002936,30
"MMRN1",NA,0,1,0,2,0,3,0,4,0,5,0,6,0,7,0,8,0,9,0,10,0,11,0,12,0,13,0,14,0,15,0,16,0,17,0,18,0,19,0,20,0,21,0,22,0,23,0,24,0,25,0,26,0,27,0,28,0,29,0,30
"VNN1",NA,0.0641969869258983,1,0.101947334963327,2,0.0674784594501119,3,0.00834507778083586,4,0.0707476309977694,5,0.0707476309977694,6,0.0674784594501119,7,0.0775477074950301,8,0.00521501529551994,9,0.0641969869258983,10,0.0740613429791601,11,0.0119733816757451,12,0.084745170335393,13,0.0707476309977694,14,0.0740613429791601,15,0.0641969869258983,16,0.0609300623826647,17,0.043624868593305,18,0.0609300623826647,19,0.084745170335393,20,0.0119733816757451,21,0.0374256630131458,22,0.0641969869258983,23,0.0119733816757451,24,0.0331857201372638,25,0.043624868593305,26,0.0707476309977694,27,0.048752504487357,28,0.0374256630131458,29,0.0573053460407712,30
"CMTM5",NA,0,1,0,2,0,3,0,4,0,5,0,6,0,7,0,8,0,9,0,10,0,11,0,12,0,13,0,14,0,15,0,16,0,17,0,18,0,19,0,20,0,21,0,22,0,23,0,24,0,25,0,26,0,27,0,28,0,29,0,30
"WASF3",NA,0,1,0,2,0,3,0,4,0,5,0,6,0,7,0,8,0,9,0,10,0,11,0,12,0,13,0,14,0,15,0,16,0,17,0,18,0,19,0,20,0,21,0,22,0,23,0,24,0,25,0,26,0,27,0,28,0,29,0,30
"CXCR2P1",NA,0,1,0,2,0,3,0,4,0,5,0,6,0,7,0,8,0,9,0,10,0,11,0,12,0,13,0,14,0,15,0,16,0,17,0,18,0,19,0,20,0,21,0,22,0,23,0,24,0,25,0,26,0,27,0,28,0,29,0,30
"LINC00989",NA,0,1,0,2,0,3,0,4,0,5,0,6,0,7,0,8,0,9,0,10,0,11,0,12,0,13,0,14,0,15,0,16,0,17,0,18,0,19,0,20,0,21,0,22,0,23,0,24,0,25,0,26,0,27,0,28,0,29,0,30
"RBPMS2",NA,0,1,0,2,0,3,0,4,0,5,0,6,0,7,0,8,0,9,0,10,0,11,0,12,0,13,0,14,0,15,0,16,0,17,0,18,0,19,0,20,0,21,0,22,0,23,0,24,0,25,0,26,0,27,0,28,0,29,0,30
"SIGLEC17P",NA,-0.113621766927832,1,-0.183534522060071,2,-0.121032229552379,3,-0.0419291728783851,4,-0.128082448048813,5,-0.128082448048813,6,-0.121032229552379,7,-0.1407503272556,8,-0.0394322504504899,9,-0.113621766927832,10,-0.134470301817233,11,-0.0444703867114371,12,-0.152859978261798,13,-0.128082448048813,14,-0.134470301817233,15,-0.113621766927832,16,-0.106165247763371,17,-0.0746710719420906,18,-0.106165247763371,19,-0.152859978261798,20,-0.0444703867114371,21,-0.0661924248349516,22,-0.113621766927832,23,-0.0444703867114371,24,-0.0595316235987037,25,-0.0746710719420906,26,-0.128082448048813,27,-0.0828121694443735,28,-0.0661924248349516,29,-0.0986315974588413,30
"PROS1",NA,0,1,0,2,0,3,0,4,0,5,0,6,0,7,0,8,0,9,0,10,0,11,0,12,0,13,0,14,0,15,0,16,0,17,0,18,0,19,0,20,0,21,0,22,0,23,0,24,0,25,0,26,0,27,0,28,0,29,0,30
"PPBP",NA,0,1,0,2,0,3,0,4,0,5,0,6,0,7,0,8,0,9,0,10,0,11,0,12,0,13,0,14,0,15,0,16,0,17,0,18,0,19,0,20,0,21,0,22,0,23,0,24,0,25,0,26,0,27,0,28,0,29,0,30
"MYCT1",NA,0,1,0,2,0,3,0,4,0,5,0,6,0,7,0,8,0,9,0,10,0,11,0,12,0,13,0,14,0,15,0,16,0,17,0,18,0,19,0,20,0,21,0,22,0,23,0,24,0,25,0,26,0,27,0,28,0,29,0,30
"GUCY1B1",NA,0,1,0,2,0,3,0,4,0,5,0,6,0,7,0,8,0,9,0,10,0,11,0,12,0,13,0,14,0,15,0,16,0,17,0,18,0,19,0,20,0,21,0,22,0,23,0,24,0,25,0,26,0,27,0,28,0,29,0,30
"P2RY12",NA,0,1,0,2,0,3,0,4,0,5,0,6,0,7,0,8,0,9,0,10,0,11,0,12,0,13,0,14,0,15,0,16,0,17,0,18,0,19,0,20,0,21,0,22,0,23,0,24,0,25,0,26,0,27,0,28,0,29,0,30
"MGAM2",NA,0,1,0,2,0,3,0,4,0,5,0,6,0,7,0,8,0,9,0,10,0,11,0,12,0,13,0,14,0,15,0,16,0,17,0,18,0,19,0,20,0,21,0,22,0,23,0,24,0,25,0,26,0,27,0,28,0,29,0,30
"TMEM40",NA,0,1,0,2,0,3,0,4,0,5,0,6,0,7,0,8,0,9,0,10,0,11,0,12,0,13,0,14,0,15,0,16,0,17,0,18,0,19,0,20,0,21,0,22,0,23,0,24,0,25,0,26,0,27,0,28,0,29,0,30
"KIR3DL1",NA,-0.0395084428373636,1,-0.0734704555224616,2,-0.0443181594643858,3,0,4,-0.0484127783657026,5,-0.0484127783657026,6,-0.0443181594643858,7,-0.0562956832714951,8,0,9,-0.0395084428373636,10,-0.0524152981962852,11,0,12,-0.0634879256067419,13,-0.0484127783657026,14,-0.0524152981962852,15,-0.0395084428373636,16,-0.0345958949607338,17,-0.0144222134711751,18,-0.0345958949607338,19,-0.0634879256067419,20,0,21,-0.00859677558325474,22,-0.0395084428373636,23,0,24,-0.00425823042958036,25,-0.0144222134711751,26,-0.0484127783657026,27,-0.0196656757527585,28,-0.00859677558325474,29,-0.0294550412259077,30
"RAB27B",NA,0,1,0,2,0,3,0,4,0,5,0,6,0,7,0,8,0,9,0,10,0,11,0,12,0,13,0,14,0,15,0,16,0,17,0,18,0,19,0,20,0,21,0,22,0,23,0,24,0,25,0,26,0,27,0,28,0,29,0,30
"ANGPT1",NA,0.0546007346500477,1,0.0606415990665041,2,0.0558997292592548,3,0,4,0.0568425612011115,5,0.0568425612011115,6,0.0558997292592548,7,0.0589056325481507,8,0,9,0.0546007346500477,10,0.0578747242295487,11,0.00351040245541789,12,0.0608913774507272,13,0.0568425612011115,14,0.0578747242295487,15,0.0546007346500477,16,0.05317360979937,17,0.0415619451526804,18,0.05317360979937,19,0.0608913774507272,20,0.00351040245541789,21,0.03544506134423,22,0.0546007346500477,23,0.00351040245541789,24,0.0289193901718409,25,0.0415619451526804,26,0.0568425612011115,27,0.0458415346087115,28,0.03544506134423,29,0.0512158792272302,30
"C19orf33",NA,0.150143633965399,1,0.240619402242641,2,0.157522461822047,3,0.0695998508375082,4,0.165675223194216,5,0.165675223194216,6,0.157522461822047,7,0.182107378431566,8,0.0643581341683383,9,0.150143633965399,10,0.173918710519294,11,0.0741067305170399,12,0.198209287780042,13,0.165675223194216,14,0.173918710519294,15,0.150143633965399,16,0.143040795265742,17,0.113896263820901,18,0.143040795265742,19,0.198209287780042,20,0.0741067305170399,21,0.106374200826829,22,0.150143633965399,23,0.0741067305170399,24,0.100623072587263,25,0.113896263820901,26,0.165675223194216,27,0.121950208312775,28,0.106374200826829,29,0.136307805768855,30
"GUSBP1",NA,0,1,0,2,0,3,0,4,0,5,0,6,0,7,0,8,0,9,0,10,0,11,0,12,0,13,0,14,0,15,0,16,0,17,0,18,0,19,0,20,0,21,0,22,0,23,0,24,0,25,0,26,0,27,0,28,0,29,0,30
"PF4",NA,0,1,0,2,0,3,0,4,0,5,0,6,0,7,0,8,0,9,0,10,0,11,0,12,0,13,0,14,0,15,0,16,0,17,0,18,0,19,0,20,0,21,0,22,0,23,0,24,0,25,0,26,0,27,0,28,0,29,0,30
"AVPR1A",NA,0,1,0.0152222311978943,2,0,3,0,4,0,5,0,6,0,7,0,8,0,9,0,10,0,11,0,12,0,13,0,14,0,15,0,16,0,17,0,18,0,19,0,20,0,21,0,22,0,23,0,24,0,25,0,26,0,27,0,28,0,29,0,30
"TRAV6",NA,0,1,0,2,0,3,0,4,0,5,0,6,0,7,0,8,0,9,0,10,0,11,0,12,0,13,0,14,0,15,0,16,0,17,0,18,0,19,0,20,0,21,0,22,0,23,0,24,0,25,0,26,0,27,0,28,0,29,0,30
"TRBV5.6",NA,0,1,0,2,0,3,0,4,0,5,0,6,0,7,0,8,0,9,0,10,0,11,0,12,0,13,0,14,0,15,0,16,0,17,0,18,0,19,0,20,0,21,0,22,0,23,0,24,0,25,0,26,0,27,0,28,0,29,0,30
"IRAK1BP1",NA,0,1,0,2,0,3,0,4,0,5,0,6,0,7,0,8,0,9,0,10,0,11,0,12,0,13,0,14,0,15,0,16,0,17,0,18,0,19,0,20,0,21,0,22,0,23,0,24,0,25,0,26,0,27,0,28,0,29,0,30
"PKHD1L1",NA,0,1,0,2,0,3,0,4,0,5,0,6,0,7,0,8,0,9,0,10,0,11,0,12,0,13,0,14,0,15,0,16,0,17,0,18,0,19,0,20,0,21,0,22,0,23,0,24,0,25,0,26,0,27,0,28,0,29,0,30
"C2orf88",NA,0,1,0,2,0,3,0,4,0,5,0,6,0,7,0,8,0,9,0,10,0,11,0,12,0,13,0,14,0,15,0,16,0,17,0,18,0,19,0,20,0,21,0,22,0,23,0,24,0,25,0,26,0,27,0,28,0,29,0,30
"AK5",NA,0,1,0,2,0,3,0,4,0,5,0,6,0,7,0,8,0,9,0,10,0,11,0,12,0,13,0,14,0,15,0,16,0,17,0,18,0,19,0,20,0,21,0,22,0,23,0,24,0,25,0,26,0,27,0,28,0,29,0,30
"LGALSL",NA,0,1,0,2,0,3,0,4,0,5,0,6,0,7,0,8,0,9,0,10,0,11,0,12,0,13,0,14,0,15,0,16,0,17,0,18,0,19,0,20,0,21,0,22,0,23,0,24,0,25,0,26,0,27,0,28,0,29,0,30
"KIF20B",NA,0,1,0,2,0,3,0,4,0,5,0,6,0,7,0,8,0,9,0,10,0,11,0,12,0,13,0,14,0,15,0,16,0,17,0,18,0,19,0,20,0,21,0,22,0,23,0,24,0,25,0,26,0,27,0,28,0,29,0,30
"PDGFD",NA,0,1,0,2,0,3,0,4,0,5,0,6,0,7,0,8,0,9,0,10,0,11,0,12,0,13,0,14,0,15,0,16,0,17,0,18,0,19,0,20,0,21,0,22,0,23,0,24,0,25,0,26,0,27,0,28,0,29,0,30
"C8orf88",NA,0,1,0,2,0,3,0,4,0,5,0,6,0,7,0,8,0,9,0,10,0,11,0,12,0,13,0,14,0,15,0,16,0,17,0,18,0,19,0,20,0,21,0,22,0,23,0,24,0,25,0,26,0,27,0,28,0,29,0,30
"NECAB1",NA,0,1,0,2,0,3,0,4,0,5,0,6,0,7,0,8,0,9,0,10,0,11,0,12,0,13,0,14,0,15,0,16,0,17,0,18,0,19,0,20,0,21,0,22,0,23,0,24,0,25,0,26,0,27,0,28,0,29,0,30
"TRDJ3",NA,0,1,0,2,0,3,0,4,0,5,0,6,0,7,0,8,0,9,0,10,0,11,0,12,0,13,0,14,0,15,0,16,0,17,0,18,0,19,0,20,0,21,0,22,0,23,0,24,0,25,0,26,0,27,0,28,0,29,0,30
"RPH3A",NA,0,1,0,2,0,3,0,4,0,5,0,6,0,7,0,8,0,9,0,10,0,11,0,12,0,13,0,14,0,15,0,16,0,17,0,18,0,19,0,20,0,21,0,22,0,23,0,24,0,25,0,26,0,27,0,28,0,29,0,30
"DOCK4",NA,0,1,0,2,0,3,0,4,0,5,0,6,0,7,0,8,0,9,0,10,0,11,0,12,0,13,0,14,0,15,0,16,0,17,0,18,0,19,0,20,0,21,0,22,0,23,0,24,0,25,0,26,0,27,0,28,0,29,0,30
"ZNF749",NA,0,1,0,2,0,3,0,4,0,5,0,6,0,7,0,8,0,9,0,10,0,11,0,12,0,13,0,14,0,15,0,16,0,17,0,18,0,19,0,20,0,21,0,22,0,23,0,24,0,25,0,26,0,27,0,28,0,29,0,30
"BCL7A",NA,0,1,0,2,0,3,0,4,0,5,0,6,0,7,0,8,0,9,0,10,0,11,0,12,0,13,0,14,0,15,0,16,0,17,0,18,0,19,0,20,0,21,0,22,0,23,0,24,0,25,0,26,0,27,0,28,0,29,0,30
"TRBV6.6",NA,0,1,0,2,0,3,0,4,0,5,0,6,0,7,0,8,0,9,0,10,0,11,0,12,0,13,0,14,0,15,0,16,0,17,0,18,0,19,0,20,0,21,0,22,0,23,0,24,0,25,0,26,0,27,0,28,0,29,0,30
"PCDHGA12",NA,-0.256599813555377,1,-0.324224039212001,2,-0.262440197577108,3,-0.175302398052536,4,-0.268563735624519,5,-0.268563735624519,6,-0.262440197577108,7,-0.281213957156837,8,-0.169532850994967,9,-0.256599813555377,10,-0.27484669225695,11,-0.18043782008302,12,-0.294065043057011,13,-0.268563735624519,14,-0.27484669225695,15,-0.256599813555377,16,-0.250794677829682,17,-0.226853802238972,18,-0.250794677829682,19,-0.294065043057011,20,-0.18043782008302,21,-0.219491594285422,22,-0.256599813555377,23,-0.18043782008302,24,-0.212755576359145,25,-0.226853802238972,26,-0.268563735624519,27,-0.233339290854159,28,-0.219491594285422,29,-0.24512429969901,30
"TRAV2",NA,0,1,0,2,0,3,0,4,0,5,0,6,0,7,0,8,0,9,0,10,0,11,0,12,0,13,0,14,0,15,0,16,0,17,0,18,0,19,0,20,0,21,0,22,0,23,0,24,0,25,0,26,0,27,0,28,0,29,0,30
"GRB10",NA,0,1,0,2,0,3,0,4,0,5,0,6,0,7,0,8,0,9,0,10,0,11,0,12,0,13,0,14,0,15,0,16,0,17,0,18,0,19,0,20,0,21,0,22,0,23,0,24,0,25,0,26,0,27,0,28,0,29,0,30
"MIR601",NA,0.18713995888099,1,0.276872350988476,2,0.195212359706308,3,0.0646407918995694,4,0.203164627584021,5,0.203164627584021,6,0.195212359706308,7,0.219184565611058,8,0.0553534474969273,9,0.18713995888099,10,0.21121111077245,11,0.0734233498476983,12,0.235012465847095,13,0.203164627584021,14,0.21121111077245,15,0.18713995888099,16,0.178966164797588,17,0.143637855539391,18,0.178966164797588,19,0.235012465847095,20,0.0734233498476983,21,0.133809713625895,22,0.18713995888099,23,0.0734233498476983,24,0.125159241767924,25,0.143637855539391,26,0.203164627584021,27,0.15350576307951,28,0.133809713625895,29,0.170751622548658,30
"ZNF594",NA,0,1,0,2,0,3,0,4,0,5,0,6,0,7,0,8,0,9,0,10,0,11,0,12,0,13,0,14,0,15,0,16,0,17,0,18,0,19,0,20,0,21,0,22,0,23,0,24,0,25,0,26,0,27,0,28,0,29,0,30
"MIR4762",NA,0,1,0,2,0,3,0,4,0,5,0,6,0,7,0,8,0,9,0,10,0,11,0,12,0,13,0,14,0,15,0,16,0,17,0,18,0,19,0,20,0,21,0,22,0,23,0,24,0,25,0,26,0,27,0,28,0,29,0,30
"SLC8A1.AS1",NA,0,1,0,2,0,3,0,4,0,5,0,6,0,7,0,8,0,9,0,10,0,11,0,12,0,13,0,14,0,15,0,16,0,17,0,18,0,19,0,20,0,21,0,22,0,23,0,24,0,25,0,26,0,27,0,28,0,29,0,30
"CCDC152",NA,0,1,0,2,0,3,0,4,0,5,0,6,0,7,0,8,0,9,0,10,0,11,0,12,0,13,0,14,0,15,0,16,0,17,0,18,0,19,0,20,0,21,0,22,0,23,0,24,0,25,0,26,0,27,0,28,0,29,0,30
"KIF3A",NA,0,1,0,2,0,3,0,4,0,5,0,6,0,7,0,8,0,9,0,10,0,11,0,12,0,13,0,14,0,15,0,16,0,17,0,18,0,19,0,20,0,21,0,22,0,23,0,24,0,25,0,26,0,27,0,28,0,29,0,30
"TRAV4",NA,-0.173522196344847,1,-0.291763320828771,2,-0.184046537332749,3,-0.0621907459593468,4,-0.194672104019033,5,-0.194672104019033,6,-0.184046537332749,7,-0.215968654542972,8,-0.0569752075213385,9,-0.173522196344847,10,-0.205347983634174,11,-0.0676574045955984,12,-0.237041297383436,13,-0.194672104019033,14,-0.205347983634174,15,-0.173522196344847,16,-0.16279939549394,17,-0.11980676784045,18,-0.16279939549394,19,-0.237041297383436,20,-0.0676574045955984,21,-0.11042669459012,22,-0.173522196344847,23,-0.0676574045955984,24,-0.102382115435818,25,-0.11980676784045,26,-0.194672104019033,27,-0.130124247951356,28,-0.11042669459012,29,-0.151765612748769,30
"PCDHGB5",NA,-0.0865777981630459,1,-0.142319034036767,2,-0.0912531944327488,3,-0.0290123041892213,4,-0.096650264868908,5,-0.096650264868908,6,-0.0912531944327488,7,-0.106812095427433,8,-0.0251469141336004,9,-0.0865777981630459,10,-0.101739249411598,11,-0.0324688750855387,12,-0.116838645045255,13,-0.096650264868908,14,-0.101739249411598,15,-0.0865777981630459,16,-0.0821035980359528,17,-0.0667277465897564,18,-0.0821035980359528,19,-0.116838645045255,20,-0.0324688750855387,21,-0.0632462929899392,22,-0.0865777981630459,23,-0.0324688750855387,24,-0.0583133951769294,25,-0.0667277465897564,26,-0.096650264868908,27,-0.0702515078838097,28,-0.0632462929899392,29,-0.0776510448954345,30
"MED12L",NA,0,1,0,2,0,3,0,4,0,5,0,6,0,7,0,8,0,9,0,10,0,11,0,12,0,13,0,14,0,15,0,16,0,17,0,18,0,19,0,20,0,21,0,22,0,23,0,24,0,25,0,26,0,27,0,28,0,29,0,30
"ZNF605",NA,0,1,0,2,0,3,0,4,0,5,0,6,0,7,0,8,0,9,0,10,0,11,0,12,0,13,0,14,0,15,0,16,0,17,0,18,0,19,0,20,0,21,0,22,0,23,0,24,0,25,0,26,0,27,0,28,0,29,0,30
"SLC25A4",NA,0,1,0,2,0,3,0,4,0,5,0,6,0,7,0,8,0,9,0,10,0,11,0,12,0,13,0,14,0,15,0,16,0,17,0,18,0,19,0,20,0,21,0,22,0,23,0,24,0,25,0,26,0,27,0,28,0,29,0,30
"MIR3151",NA,0.0293073370970659,1,0.0297525591927452,2,0.0299377729276185,3,0.0175217314891003,4,0.0301450883162281,5,0.0301450883162281,6,0.0299377729276185,7,0.0294483607114768,8,0.015753125411242,9,0.0293073370970659,10,0.0297642464417938,11,0.0188344225822201,12,0.0290800743965947,13,0.0301450883162281,14,0.0297642464417938,15,0.0293073370970659,16,0.0285932284777343,17,0.0253061177332526,18,0.0285932284777343,19,0.0290800743965947,20,0.0188344225822201,21,0.0244193900461619,22,0.0293073370970659,23,0.0188344225822201,24,0.0235602045353721,25,0.0253061177332526,26,0.0301450883162281,27,0.0254810705749262,28,0.0244193900461619,29,0.0273235203163795,30
"NCALD",NA,0,1,0,2,0,3,0,4,0,5,0,6,0,7,0,8,0,9,0,10,0,11,0,12,0,13,0,14,0,15,0,16,0,17,0,18,0,19,0,20,0,21,0,22,0,23,0,24,0,25,0,26,0,27,0,28,0,29,0,30
"FAM86EP",NA,0,1,0,2,0,3,0,4,0,5,0,6,0,7,0,8,0,9,0,10,0,11,0,12,0,13,0,14,0,15,0,16,0,17,0,18,0,19,0,20,0,21,0,22,0,23,0,24,0,25,0,26,0,27,0,28,0,29,0,30
"SIPA1L2",NA,0,1,0,2,0,3,0,4,0,5,0,6,0,7,0,8,0,9,0,10,0,11,0,12,0,13,0,14,0,15,0,16,0,17,0,18,0,19,0,20,0,21,0,22,0,23,0,24,0,25,0,26,0,27,0,28,0,29,0,30
"SRGAP3.AS2",NA,0,1,0,2,0,3,0,4,0,5,0,6,0,7,0,8,0,9,0,10,0,11,0,12,0,13,0,14,0,15,0,16,0,17,0,18,0,19,0,20,0,21,0,22,0,23,0,24,0,25,0,26,0,27,0,28,0,29,0,30
"ZNF284",NA,0,1,0,2,0,3,-0.0415191472766086,4,0,5,0,6,0,7,0,8,-0.0498169187783475,9,0,10,0,11,-0.0329027874058387,12,0,13,0,14,0,15,0,16,0,17,0,18,0,19,0,20,-0.0329027874058387,21,0,22,0,23,-0.0329027874058387,24,0,25,0,26,0,27,0,28,0,29,0,30
"ZNF33B",NA,-0.0731266616108483,1,-0.0986453389890626,2,-0.0759455343564003,3,-0.0760754363145637,4,-0.0785351684438112,5,-0.0785351684438112,6,-0.0759455343564003,7,-0.0839685651018307,8,-0.0788194211040784,9,-0.0731266616108483,10,-0.0811772904505248,11,-0.073245007962709,12,-0.0887042035975076,13,-0.0785351684438112,14,-0.0811772904505248,15,-0.0731266616108483,16,-0.0703461859833715,17,-0.0571950387487839,18,-0.0703461859833715,19,-0.0887042035975076,20,-0.073245007962709,21,-0.0549417982953205,22,-0.0731266616108483,23,-0.073245007962709,24,-0.0547787850861114,25,-0.0571950387487839,26,-0.0785351684438112,27,-0.0603324183352455,28,-0.0549417982953205,29,-0.067371963168323,30
"SNX25",NA,0,1,0,2,0,3,0,4,0,5,0,6,0,7,0,8,0,9,0,10,0,11,0,12,0,13,0,14,0,15,0,16,0,17,0,18,0,19,0,20,0,21,0,22,0,23,0,24,0,25,0,26,0,27,0,28,0,29,0,30
"MAGOHB",NA,0,1,0,2,0,3,0,4,0,5,0,6,0,7,0,8,0,9,0,10,0,11,0,12,0,13,0,14,0,15,0,16,0,17,0,18,0,19,0,20,0,21,0,22,0,23,0,24,0,25,0,26,0,27,0,28,0,29,0,30
"SCARF1",NA,0,1,0,2,0,3,0,4,0,5,0,6,0,7,0,8,0,9,0,10,0,11,0,12,0,13,0,14,0,15,0,16,0,17,0,18,0,19,0,20,0,21,0,22,0,23,0,24,0,25,0,26,0,27,0,28,0,29,0,30
"THBS3",NA,0,1,0,2,0,3,0,4,0,5,0,6,0,7,0,8,0,9,0,10,0,11,0,12,0,13,0,14,0,15,0,16,0,17,0,18,0,19,0,20,0,21,0,22,0,23,0,24,0,25,0,26,0,27,0,28,0,29,0,30
"CD3G",NA,0,1,0,2,0,3,0,4,0,5,0,6,0,7,0,8,0,9,0,10,0,11,0,12,0,13,0,14,0,15,0,16,0,17,0,18,0,19,0,20,0,21,0,22,0,23,0,24,0,25,0,26,0,27,0,28,0,29,0,30
"TRBV6.5",NA,0,1,0,2,0,3,0,4,0,5,0,6,0,7,0,8,0,9,0,10,0,11,0,12,0,13,0,14,0,15,0,16,0,17,0,18,0,19,0,20,0,21,0,22,0,23,0,24,0,25,0,26,0,27,0,28,0,29,0,30
"ABCD2",NA,0,1,0,2,0,3,0,4,0,5,0,6,0,7,0,8,0,9,0,10,0,11,0,12,0,13,0,14,0,15,0,16,0,17,0,18,0,19,0,20,0,21,0,22,0,23,0,24,0,25,0,26,0,27,0,28,0,29,0,30
"PAQR8",NA,0,1,0,2,0,3,0,4,0,5,0,6,0,7,0,8,0,9,0,10,0,11,0,12,0,13,0,14,0,15,0,16,0,17,0,18,0,19,0,20,0,21,0,22,0,23,0,24,0,25,0,26,0,27,0,28,0,29,0,30
"CHML",NA,0,1,0,2,0,3,0,4,0,5,0,6,0,7,0,8,0,9,0,10,0,11,0,12,0,13,0,14,0,15,0,16,0,17,0,18,0,19,0,20,0,21,0,22,0,23,0,24,0,25,0,26,0,27,0,28,0,29,0,30
"TRBJ2.6",NA,0,1,0,2,0,3,0,4,0,5,0,6,0,7,0,8,0,9,0,10,0,11,0,12,0,13,0,14,0,15,0,16,0,17,0,18,0,19,0,20,0,21,0,22,0,23,0,24,0,25,0,26,0,27,0,28,0,29,0,30
"SHROOM4",NA,0,1,0,2,0,3,0,4,0,5,0,6,0,7,0,8,0,9,0,10,0,11,0,12,0,13,0,14,0,15,0,16,0,17,0,18,0,19,0,20,0,21,0,22,0,23,0,24,0,25,0,26,0,27,0,28,0,29,0,30
"BCAS4",NA,0,1,0,2,0,3,0,4,0,5,0,6,0,7,0,8,0,9,0,10,0,11,0,12,0,13,0,14,0,15,0,16,0,17,0,18,0,19,0,20,0,21,0,22,0,23,0,24,0,25,0,26,0,27,0,28,0,29,0,30
"TRAJ10",NA,0,1,0,2,0,3,0,4,0,5,0,6,0,7,0,8,0,9,0,10,0,11,0,12,0,13,0,14,0,15,0,16,0,17,0,18,0,19,0,20,0,21,0,22,0,23,0,24,0,25,0,26,0,27,0,28,0,29,0,30
"LTV1",NA,0,1,0.120689548327551,2,0.000628335927545455,3,0,4,0.0135421021801714,5,0.0135421021801714,6,0.000628335927545455,7,0.0382646135166409,8,0,9,0,10,0.0261548827617864,11,0,12,0.0631260530059718,13,0.0135421021801714,14,0.0261548827617864,15,0,16,0,17,0,18,0,19,0.0631260530059718,20,0,21,0,22,0,23,0,24,0,25,0,26,0.0135421021801714,27,0,28,0,29,0,30
"IGF2BP3",NA,0,1,0,2,0,3,0,4,0,5,0,6,0,7,0,8,0,9,0,10,0,11,0,12,0,13,0,14,0,15,0,16,0,17,0,18,0,19,0,20,0,21,0,22,0,23,0,24,0,25,0,26,0,27,0,28,0,29,0,30
"CD6",NA,0,1,0,2,0,3,0,4,0,5,0,6,0,7,0,8,0,9,0,10,0,11,0,12,0,13,0,14,0,15,0,16,0,17,0,18,0,19,0,20,0,21,0,22,0,23,0,24,0,25,0,26,0,27,0,28,0,29,0,30
"PLD4",NA,-0.0268933407378379,1,-0.00689283720908826,2,-0.0239027917259736,3,-0.0648661792386567,4,-0.0216108507881907,5,-0.0216108507881907,6,-0.0239027917259736,7,-0.0179320301537079,8,-0.066589683101499,9,-0.0268933407378379,10,-0.0195887865233018,11,-0.0633909801520945,12,-0.0143300778496662,13,-0.0216108507881907,14,-0.0195887865233018,15,-0.0268933407378379,16,-0.0299811067332178,17,-0.0401895420195671,18,-0.0299811067332178,19,-0.0143300778496662,20,-0.0633909801520945,21,-0.0420208819773261,22,-0.0268933407378379,23,-0.0633909801520945,24,-0.0490384160685133,25,-0.0401895420195671,26,-0.0216108507881907,27,-0.0380222705577884,28,-0.0420208819773261,29,-0.0326175182782021,30
"CEP78",NA,0,1,0,2,0,3,0,4,0,5,0,6,0,7,0,8,0,9,0,10,0,11,0,12,0,13,0,14,0,15,0,16,0,17,0,18,0,19,0,20,0,21,0,22,0,23,0,24,0,25,0,26,0,27,0,28,0,29,0,30
"LDHB",NA,0,1,0,2,0,3,0,4,0,5,0,6,0,7,0,8,0,9,0,10,0,11,0,12,0,13,0,14,0,15,0,16,0,17,0,18,0,19,0,20,0,21,0,22,0,23,0,24,0,25,0,26,0,27,0,28,0,29,0,30
"PTCH1",NA,0,1,0,2,0,3,0,4,0,5,0,6,0,7,0,8,0,9,0,10,0,11,0,12,0,13,0,14,0,15,0,16,0,17,0,18,0,19,0,20,0,21,0,22,0,23,0,24,0,25,0,26,0,27,0,28,0,29,0,30
"LHFPL6",NA,0,1,0,2,0,3,0,4,0,5,0,6,0,7,0,8,0,9,0,10,0,11,0,12,0,13,0,14,0,15,0,16,0,17,0,18,0,19,0,20,0,21,0,22,0,23,0,24,0,25,0,26,0,27,0,28,0,29,0,30
"TRBJ2.2",NA,0,1,0,2,0,3,0,4,0,5,0,6,0,7,0,8,0,9,0,10,0,11,0,12,0,13,0,14,0,15,0,16,0,17,0,18,0,19,0,20,0,21,0,22,0,23,0,24,0,25,0,26,0,27,0,28,0,29,0,30
"LOC389765",NA,0,1,0,2,0,3,0,4,0,5,0,6,0,7,0,8,0,9,0,10,0,11,0,12,0,13,0,14,0,15,0,16,0,17,0,18,0,19,0,20,0,21,0,22,0,23,0,24,0,25,0,26,0,27,0,28,0,29,0,30
"ZNF607",NA,0,1,0,2,0,3,0,4,0,5,0,6,0,7,0,8,0,9,0,10,0,11,0,12,0,13,0,14,0,15,0,16,0,17,0,18,0,19,0,20,0,21,0,22,0,23,0,24,0,25,0,26,0,27,0,28,0,29,0,30
"CHCHD7",NA,0,1,0,2,0,3,0,4,0,5,0,6,0,7,0,8,0,9,0,10,0,11,0,12,0,13,0,14,0,15,0,16,0,17,0,18,0,19,0,20,0,21,0,22,0,23,0,24,0,25,0,26,0,27,0,28,0,29,0,30
"TRBJ2.5",NA,0,1,0,2,0,3,0,4,0,5,0,6,0,7,0,8,0,9,0,10,0,11,0,12,0,13,0,14,0,15,0,16,0,17,0,18,0,19,0,20,0,21,0,22,0,23,0,24,0,25,0,26,0,27,0,28,0,29,0,30
"SGCB",NA,0,1,0,2,0,3,0,4,0,5,0,6,0,7,0,8,0,9,0,10,0,11,0,12,0,13,0,14,0,15,0,16,0,17,0,18,0,19,0,20,0,21,0,22,0,23,0,24,0,25,0,26,0,27,0,28,0,29,0,30
"CLIC3",NA,-0.0117091580303349,1,-0.0475661683992458,2,-0.0144107951223712,3,0,4,-0.0171199685835648,5,-0.0171199685835648,6,-0.0144107951223712,7,-0.0229721671333352,8,0,9,-0.0117091580303349,10,-0.01997420703347,11,0,12,-0.0291702627008173,13,-0.0171199685835648,14,-0.01997420703347,15,-0.0117091580303349,16,-0.00919445912208328,17,-4.86212310069279e-05,18,-0.00919445912208328,19,-0.0291702627008173,20,0,21,0,22,-0.0117091580303349,23,0,24,0,25,-4.86212310069279e-05,26,-0.0171199685835648,27,-0.00338990173914188,28,0,29,-0.00755248040918549,30
"TAF1B",NA,0,1,0,2,0,3,0,4,0,5,0,6,0,7,0,8,0,9,0,10,0,11,0,12,0,13,0,14,0,15,0,16,0,17,0,18,0,19,0,20,0,21,0,22,0,23,0,24,0,25,0,26,0,27,0,28,0,29,0,30
"ASRGL1",NA,-0.229175277729427,1,-0.27205488302165,2,-0.232997666985215,3,-0.172894461654811,4,-0.237048712718467,5,-0.237048712718467,6,-0.232997666985215,7,-0.245569521744122,8,-0.167466470520801,9,-0.229175277729427,10,-0.241301047806973,11,-0.177541622745829,12,-0.253638891713699,13,-0.237048712718467,14,-0.241301047806973,15,-0.229175277729427,16,-0.225447772013458,17,-0.210737626940951,18,-0.225447772013458,19,-0.253638891713699,20,-0.177541622745829,21,-0.207986548598348,22,-0.229175277729427,23,-0.177541622745829,24,-0.205354582568916,25,-0.210737626940951,26,-0.237048712718467,27,-0.213747174379589,28,-0.207986548598348,29,-0.221479134989637,30
"IL2RB",NA,0,1,0,2,0,3,0,4,0,5,0,6,0,7,0,8,0,9,0,10,0,11,0,12,0,13,0,14,0,15,0,16,0,17,0,18,0,19,0,20,0,21,0,22,0,23,0,24,0,25,0,26,0,27,0,28,0,29,0,30
"MIR4266",NA,0.0377689322064721,1,0.127871522010986,2,0.0465622372600978,3,0,4,0.0552713695432784,5,0.0552713695432784,6,0.0465622372600978,7,0.071723295428971,8,0,9,0.0377689322064721,10,0.0635160681723752,11,0,12,0.088029357524651,13,0.0552713695432784,14,0.0635160681723752,15,0.0377689322064721,16,0.0287624395782785,17,0,18,0.0287624395782785,19,0.088029357524651,20,0,21,0,22,0.0377689322064721,23,0,24,0,25,0,26,0.0552713695432784,27,0.00235017214914814,28,0,29,0.0195461719130907,30
"NVL",NA,0.0378846939338988,1,0.0924080093224289,2,0.0430850070231386,3,0,4,0.0484572081435202,5,0.0484572081435202,6,0.0430850070231386,7,0.0591327839803828,8,0,9,0.0378846939338988,10,0.0539577302417022,11,0,12,0.0694380935951292,13,0.0484572081435202,14,0.0539577302417022,15,0.0378846939338988,16,0.0325090702376927,17,0,18,0.0325090702376927,19,0.0694380935951292,20,0,21,0,22,0.0378846939338988,23,0,24,0,25,0,26,0.0484572081435202,27,0.00952202665093097,28,0,29,0.0260620113752442,30
"FANCF",NA,0,1,0,2,0,3,0,4,0,5,0,6,0,7,0,8,0,9,0,10,0,11,0,12,0,13,0,14,0,15,0,16,0,17,0,18,0,19,0,20,0,21,0,22,0,23,0,24,0,25,0,26,0,27,0,28,0,29,0,30
"SELENOM",NA,0,1,0,2,0,3,0,4,0,5,0,6,0,7,0,8,0,9,0,10,0,11,0,12,0,13,0,14,0,15,0,16,0,17,0,18,0,19,0,20,0,21,0,22,0,23,0,24,0,25,0,26,0,27,0,28,0,29,0,30
"GPR18",NA,0,1,0,2,0,3,0,4,0,5,0,6,0,7,0,8,0,9,0,10,0,11,0,12,0,13,0,14,0,15,0,16,0,17,0,18,0,19,0,20,0,21,0,22,0,23,0,24,0,25,0,26,0,27,0,28,0,29,0,30
"LOC84214",NA,0,1,0,2,0,3,0,4,0,5,0,6,0,7,0,8,0,9,0,10,0,11,0,12,0,13,0,14,0,15,0,16,0,17,0,18,0,19,0,20,0,21,0,22,0,23,0,24,0,25,0,26,0,27,0,28,0,29,0,30
"STAT4",NA,0.156347524394151,1,0.286341693607256,2,0.168083122387695,3,0,4,0.179827634110369,5,0.179827634110369,6,0.168083122387695,7,0.202637135934049,8,0,9,0.156347524394151,10,0.191532332023211,11,0,12,0.226022187594656,13,0.179827634110369,14,0.191532332023211,15,0.156347524394151,16,0.144007927199244,17,0.0842558484450829,18,0.144007927199244,19,0.226022187594656,20,0,21,0.0653775034456018,22,0.156347524394151,23,0,24,0.034513177247588,25,0.0842558484450829,26,0.179827634110369,27,0.101619834447782,28,0.0653775034456018,29,0.131300322767238,30
"RRP1B",NA,0,1,0,2,0,3,0,4,0,5,0,6,0,7,0,8,0,9,0,10,0,11,0,12,0,13,0,14,0,15,0,16,0,17,0,18,0,19,0,20,0,21,0,22,0,23,0,24,0,25,0,26,0,27,0,28,0,29,0,30
"MOCS2",NA,0,1,0,2,0,3,0,4,0,5,0,6,0,7,0,8,0,9,0,10,0,11,0,12,0,13,0,14,0,15,0,16,0,17,0,18,0,19,0,20,0,21,0,22,0,23,0,24,0,25,0,26,0,27,0,28,0,29,0,30
"ZFP14",NA,0,1,0,2,0,3,0,4,0,5,0,6,0,7,0,8,0,9,0,10,0,11,0,12,0,13,0,14,0,15,0,16,0,17,0,18,0,19,0,20,0,21,0,22,0,23,0,24,0,25,0,26,0,27,0,28,0,29,0,30
"XPA",NA,0,1,0,2,0,3,0,4,0,5,0,6,0,7,0,8,0,9,0,10,0,11,0,12,0,13,0,14,0,15,0,16,0,17,0,18,0,19,0,20,0,21,0,22,0,23,0,24,0,25,0,26,0,27,0,28,0,29,0,30
"RIOK2",NA,0,1,0,2,0,3,0,4,0,5,0,6,0,7,0,8,0,9,0,10,0,11,0,12,0,13,0,14,0,15,0,16,0,17,0,18,0,19,0,20,0,21,0,22,0,23,0,24,0,25,0,26,0,27,0,28,0,29,0,30
"MFSD4A",NA,-0.231627296325499,1,-0.253696355959589,2,-0.233055573192895,3,-0.177345752283422,4,-0.23510129801287,5,-0.23510129801287,6,-0.233055573192895,7,-0.238874545495059,8,-0.170045621912804,9,-0.231627296325499,10,-0.236991231563568,11,-0.184293595515762,12,-0.24312676818523,13,-0.23510129801287,14,-0.236991231563568,15,-0.231627296325499,16,-0.230208032338314,17,-0.226580839844902,18,-0.230208032338314,19,-0.24312676818523,20,-0.184293595515762,21,-0.22537136802338,22,-0.231627296325499,23,-0.184293595515762,24,-0.220755530483688,25,-0.226580839844902,26,-0.23510129801287,27,-0.227620930235587,28,-0.22537136802338,29,-0.229183665126774,30
"DIS3L",NA,0,1,0,2,0,3,0,4,0,5,0,6,0,7,0,8,0,9,0,10,0,11,0,12,0,13,0,14,0,15,0,16,0,17,0,18,0,19,0,20,0,21,0,22,0,23,0,24,0,25,0,26,0,27,0,28,0,29,0,30
"ZNF836",NA,-0.0873698763056431,1,-0.13779207176355,2,-0.0912117012959592,3,-0.0381406372733503,4,-0.0958840829816602,5,-0.0958840829816602,6,-0.0912117012959592,7,-0.10532216536346,8,-0.036232554319094,9,-0.0873698763056431,10,-0.100612303611867,11,-0.040480924086051,12,-0.114827035590635,13,-0.0958840829816602,14,-0.100612303611867,15,-0.0873698763056431,16,-0.0835007147320017,17,-0.0658392865330641,18,-0.0835007147320017,19,-0.114827035590635,20,-0.040480924086051,21,-0.0611814456660229,22,-0.0873698763056431,23,-0.040480924086051,24,-0.0579024993362978,25,-0.0658392865330641,26,-0.0958840829816602,27,-0.0706372797941708,28,-0.0611814456660229,29,-0.079486204899839,30
"PNO1",NA,0,1,0,2,0,3,0,4,0,5,0,6,0,7,0,8,0,9,0,10,0,11,0,12,0,13,0,14,0,15,0,16,0,17,0,18,0,19,0,20,0,21,0,22,0,23,0,24,0,25,0,26,0,27,0,28,0,29,0,30
"FAM50B",NA,0,1,0,2,0,3,0,4,0,5,0,6,0,7,0,8,0,9,0,10,0,11,0,12,0,13,0,14,0,15,0,16,0,17,0,18,0,19,0,20,0,21,0,22,0,23,0,24,0,25,0,26,0,27,0,28,0,29,0,30
"IKZF3",NA,0,1,0,2,0,3,0,4,0,5,0,6,0,7,0,8,0,9,0,10,0,11,0,12,0,13,0,14,0,15,0,16,0,17,0,18,0,19,0,20,0,21,0,22,0,23,0,24,0,25,0,26,0,27,0,28,0,29,0,30
"CDR2L",NA,0.182582249249256,1,0.279388693630454,2,0.191078101267559,3,0.0849136083180225,4,0.199901277538618,5,0.199901277538618,6,0.191078101267559,7,0.218432845788467,8,0.0791910508666999,9,0.182582249249256,10,0.209149392931903,11,0.0905021217087315,12,0.236527311918541,13,0.199901277538618,14,0.209149392931903,15,0.182582249249256,16,0.174075325765272,17,0.138928448856987,18,0.174075325765272,19,0.236527311918541,20,0.0905021217087315,21,0.131614515234211,22,0.182582249249256,23,0.0905021217087315,24,0.124153468370588,25,0.138928448856987,26,0.199901277538618,27,0.146868367270398,28,0.131614515234211,29,0.164762721641718,30
"HSP90B1",NA,0,1,-0.00693219750040366,2,0,3,0,4,0,5,0,6,0,7,0,8,0,9,0,10,0,11,0,12,0,13,0,14,0,15,0,16,0,17,0,18,0,19,0,20,0,21,0,22,0,23,0,24,0,25,0,26,0,27,0,28,0,29,0,30
"SYT15",NA,0.0990591090571853,1,0.0877798156497202,2,0.0990185043487423,3,0.096269421526346,4,0.0979743754521299,5,0.0979743754521299,6,0.0990185043487423,7,0.0951379337978148,8,0.0941301670744676,9,0.0990591090571853,10,0.0966324280126784,11,0.097989835430051,12,0.092533544140563,13,0.0979743754521299,14,0.0966324280126784,15,0.0990591090571853,16,0.098959538443156,17,0.100816661852232,18,0.098959538443156,19,0.092533544140563,20,0.097989835430051,21,0.102491707212519,22,0.0990591090571853,23,0.097989835430051,24,0.102159628256034,25,0.100816661852232,26,0.0979743754521299,27,0.0998214086843819,28,0.102491707212519,29,0.0989131362140708,30
"SIDT1",NA,0,1,0,2,0,3,0,4,0,5,0,6,0,7,0,8,0,9,0,10,0,11,0,12,0,13,0,14,0,15,0,16,0,17,0,18,0,19,0,20,0,21,0,22,0,23,0,24,0,25,0,26,0,27,0,28,0,29,0,30
"VEGFB",NA,0,1,0,2,0,3,0,4,0,5,0,6,0,7,0,8,0,9,0,10,0,11,0,12,0,13,0,14,0,15,0,16,0,17,0,18,0,19,0,20,0,21,0,22,0,23,0,24,0,25,0,26,0,27,0,28,0,29,0,30
"SPTBN1",NA,0,1,0,2,0,3,0,4,0,5,0,6,0,7,0,8,0,9,0,10,0,11,0,12,0,13,0,14,0,15,0,16,0,17,0,18,0,19,0,20,0,21,0,22,0,23,0,24,0,25,0,26,0,27,0,28,0,29,0,30
"NAA15",NA,0,1,0,2,0,3,0,4,0,5,0,6,0,7,0,8,0,9,0,10,0,11,0,12,0,13,0,14,0,15,0,16,0,17,0,18,0,19,0,20,0,21,0,22,0,23,0,24,0,25,0,26,0,27,0,28,0,29,0,30
"ALDH18A1",NA,0,1,0,2,0,3,0,4,0,5,0,6,0,7,0,8,0,9,0,10,0,11,0,12,0,13,0,14,0,15,0,16,0,17,0,18,0,19,0,20,0,21,0,22,0,23,0,24,0,25,0,26,0,27,0,28,0,29,0,30
"LINC02035",NA,0,1,0,2,0,3,0,4,0,5,0,6,0,7,0,8,0,9,0,10,0,11,0,12,0,13,0,14,0,15,0,16,0,17,0,18,0,19,0,20,0,21,0,22,0,23,0,24,0,25,0,26,0,27,0,28,0,29,0,30
"ZNF383",NA,0,1,0,2,0,3,0,4,0,5,0,6,0,7,0,8,0,9,0,10,0,11,0,12,0,13,0,14,0,15,0,16,0,17,0,18,0,19,0,20,0,21,0,22,0,23,0,24,0,25,0,26,0,27,0,28,0,29,0,30
"WDR3",NA,0,1,0,2,0,3,0,4,0,5,0,6,0,7,0,8,0,9,0,10,0,11,0,12,0,13,0,14,0,15,0,16,0,17,0,18,0,19,0,20,0,21,0,22,0,23,0,24,0,25,0,26,0,27,0,28,0,29,0,30
"CCDC43",NA,0,1,0,2,0,3,0,4,0,5,0,6,0,7,0,8,0,9,0,10,0,11,0,12,0,13,0,14,0,15,0,16,0,17,0,18,0,19,0,20,0,21,0,22,0,23,0,24,0,25,0,26,0,27,0,28,0,29,0,30
"PARP1",NA,0,1,0,2,0,3,0,4,0,5,0,6,0,7,0,8,0,9,0,10,0,11,0,12,0,13,0,14,0,15,0,16,0,17,0,18,0,19,0,20,0,21,0,22,0,23,0,24,0,25,0,26,0,27,0,28,0,29,0,30
"CWF19L2",NA,0,1,0,2,0,3,0,4,0,5,0,6,0,7,0,8,0,9,0,10,0,11,0,12,0,13,0,14,0,15,0,16,0,17,0,18,0,19,0,20,0,21,0,22,0,23,0,24,0,25,0,26,0,27,0,28,0,29,0,30
"NEAT1",NA,0,1,0,2,0,3,0,4,0,5,0,6,0,7,0,8,0,9,0,10,0,11,0,12,0,13,0,14,0,15,0,16,0,17,0,18,0,19,0,20,0,21,0,22,0,23,0,24,0,25,0,26,0,27,0,28,0,29,0,30
"POLR1B",NA,0,1,0,2,0,3,0,4,0,5,0,6,0,7,0,8,0,9,0,10,0,11,0,12,0,13,0,14,0,15,0,16,0,17,0,18,0,19,0,20,0,21,0,22,0,23,0,24,0,25,0,26,0,27,0,28,0,29,0,30
"LINC01310",NA,0,1,0,2,0,3,0,4,0,5,0,6,0,7,0,8,0,9,0,10,0,11,0,12,0,13,0,14,0,15,0,16,0,17,0,18,0,19,0,20,0,21,0,22,0,23,0,24,0,25,0,26,0,27,0,28,0,29,0,30
"WDR92",NA,0,1,0,2,0,3,0,4,0,5,0,6,0,7,0,8,0,9,0,10,0,11,0,12,0,13,0,14,0,15,0,16,0,17,0,18,0,19,0,20,0,21,0,22,0,23,0,24,0,25,0,26,0,27,0,28,0,29,0,30
"BCKDHB",NA,0,1,0,2,0,3,0,4,0,5,0,6,0,7,0,8,0,9,0,10,0,11,0,12,0,13,0,14,0,15,0,16,0,17,0,18,0,19,0,20,0,21,0,22,0,23,0,24,0,25,0,26,0,27,0,28,0,29,0,30
"TSEN54",NA,0,1,0,2,0,3,0,4,0,5,0,6,0,7,0,8,0,9,0,10,0,11,0,12,0,13,0,14,0,15,0,16,0,17,0,18,0,19,0,20,0,21,0,22,0,23,0,24,0,25,0,26,0,27,0,28,0,29,0,30
"TIMM21",NA,0,1,0,2,0,3,0,4,0,5,0,6,0,7,0,8,0,9,0,10,0,11,0,12,0,13,0,14,0,15,0,16,0,17,0,18,0,19,0,20,0,21,0,22,0,23,0,24,0,25,0,26,0,27,0,28,0,29,0,30
"MRPL51",NA,0,1,0,2,0,3,0,4,0,5,0,6,0,7,0,8,0,9,0,10,0,11,0,12,0,13,0,14,0,15,0,16,0,17,0,18,0,19,0,20,0,21,0,22,0,23,0,24,0,25,0,26,0,27,0,28,0,29,0,30
"EIF5B",NA,0,1,0,2,0,3,0,4,0,5,0,6,0,7,0,8,0,9,0,10,0,11,0,12,0,13,0,14,0,15,0,16,0,17,0,18,0,19,0,20,0,21,0,22,0,23,0,24,0,25,0,26,0,27,0,28,0,29,0,30
"PRG1",NA,0.13186201601619,1,0.197185704535616,2,0.138901213308893,3,0.0323355616403918,4,0.145209989474423,5,0.145209989474423,6,0.138901213308893,7,0.157098566128006,8,0.0248442017296629,9,0.13186201601619,10,0.15124355133942,11,0.0398839787433356,12,0.168481947286352,13,0.145209989474423,14,0.15124355133942,15,0.13186201601619,16,0.124754268936109,17,0.0981118936503001,18,0.124754268936109,19,0.168481947286352,20,0.0398839787433356,21,0.0917204900714018,22,0.13186201601619,23,0.0398839787433356,24,0.0843017667996232,25,0.0981118936503001,26,0.145209989474423,27,0.10430982689344,28,0.0917204900714018,29,0.117895939272136,30
"PLRG1",NA,0,1,0,2,0,3,0,4,0,5,0,6,0,7,0,8,0,9,0,10,0,11,0,12,0,13,0,14,0,15,0,16,0,17,0,18,0,19,0,20,0,21,0,22,0,23,0,24,0,25,0,26,0,27,0,28,0,29,0,30
"ZNF699",NA,0,1,0,2,0,3,0,4,0,5,0,6,0,7,0,8,0,9,0,10,0,11,0,12,0,13,0,14,0,15,0,16,0,17,0,18,0,19,0,20,0,21,0,22,0,23,0,24,0,25,0,26,0,27,0,28,0,29,0,30
"ZNF614",NA,0,1,0,2,0,3,0,4,0,5,0,6,0,7,0,8,0,9,0,10,0,11,0,12,0,13,0,14,0,15,0,16,0,17,0,18,0,19,0,20,0,21,0,22,0,23,0,24,0,25,0,26,0,27,0,28,0,29,0,30
"TARS",NA,-0.233505974330239,1,-0.315022486057816,2,-0.239668410294667,3,-0.159623040377002,4,-0.246897886278044,5,-0.246897886278044,6,-0.239668410294667,7,-0.261675409489633,8,-0.153908340104104,9,-0.233505974330239,10,-0.254181021009664,11,-0.165639029704264,12,-0.276919031206492,13,-0.246897886278044,14,-0.254181021009664,15,-0.233505974330239,16,-0.227742833169874,17,-0.206487771583908,18,-0.227742833169874,19,-0.276919031206492,20,-0.165639029704264,21,-0.202304450695498,22,-0.233505974330239,23,-0.165639029704264,24,-0.197262706043907,25,-0.206487771583908,26,-0.246897886278044,27,-0.211711961146137,28,-0.202304450695498,29,-0.222531160542165,30
"STK39",NA,0.000582366975221007,1,0.0165619188163267,2,0.00215877957963709,3,0,4,0.00309664127203211,5,0.00309664127203211,6,0.00215877957963709,7,0.0044568192674703,8,0,9,0.000582366975221007,10,0.00374089838614914,11,0,12,0.0062519284338632,13,0.00309664127203211,14,0.00374089838614914,15,0.000582366975221007,16,0,17,0,18,0,19,0.0062519284338632,20,0,21,0,22,0.000582366975221007,23,0,24,0,25,0,26,0.00309664127203211,27,0,28,0,29,0,30
"CCND2",NA,0,1,0,2,0,3,0,4,0,5,0,6,0,7,0,8,0,9,0,10,0,11,0,12,0,13,0,14,0,15,0,16,0,17,0,18,0,19,0,20,0,21,0,22,0,23,0,24,0,25,0,26,0,27,0,28,0,29,0,30
"LCMT2",NA,0,1,0,2,0,3,0,4,0,5,0,6,0,7,0,8,0,9,0,10,0,11,0,12,0,13,0,14,0,15,0,16,0,17,0,18,0,19,0,20,0,21,0,22,0,23,0,24,0,25,0,26,0,27,0,28,0,29,0,30
"EIF2AK3",NA,0,1,0,2,0,3,0,4,0,5,0,6,0,7,0,8,0,9,0,10,0,11,0,12,0,13,0,14,0,15,0,16,0,17,0,18,0,19,0,20,0,21,0,22,0,23,0,24,0,25,0,26,0,27,0,28,0,29,0,30
"CYB5R1",NA,0,1,0,2,0,3,0,4,0,5,0,6,0,7,0,8,0,9,0,10,0,11,0,12,0,13,0,14,0,15,0,16,0,17,0,18,0,19,0,20,0,21,0,22,0,23,0,24,0,25,0,26,0,27,0,28,0,29,0,30
"NDRG2",NA,0,1,0,2,0,3,0,4,0,5,0,6,0,7,0,8,0,9,0,10,0,11,0,12,0,13,0,14,0,15,0,16,0,17,0,18,0,19,0,20,0,21,0,22,0,23,0,24,0,25,0,26,0,27,0,28,0,29,0,30
"PPP1R16B",NA,0,1,0,2,0,3,0,4,0,5,0,6,0,7,0,8,0,9,0,10,0,11,0,12,0,13,0,14,0,15,0,16,0,17,0,18,0,19,0,20,0,21,0,22,0,23,0,24,0,25,0,26,0,27,0,28,0,29,0,30
"ZNF500",NA,0,1,-0.0654009393387663,2,0,3,0,4,-0.00488148705422875,5,-0.00488148705422875,6,0,7,-0.0189442897220444,8,0,9,0,10,-0.0119441465758305,11,0,12,-0.0327556018849444,13,-0.00488148705422875,14,-0.0119441465758305,15,0,16,0,17,0,18,0,19,-0.0327556018849444,20,0,21,0,22,0,23,0,24,0,25,0,26,-0.00488148705422875,27,0,28,0,29,0,30
"ZNF45",NA,0,1,0,2,0,3,0,4,0,5,0,6,0,7,0,8,0,9,0,10,0,11,0,12,0,13,0,14,0,15,0,16,0,17,0,18,0,19,0,20,0,21,0,22,0,23,0,24,0,25,0,26,0,27,0,28,0,29,0,30
"NOLC1",NA,0,1,0,2,0,3,0,4,0,5,0,6,0,7,0,8,0,9,0,10,0,11,0,12,0,13,0,14,0,15,0,16,0,17,0,18,0,19,0,20,0,21,0,22,0,23,0,24,0,25,0,26,0,27,0,28,0,29,0,30
"PXDNL",NA,-0.0622495099792916,1,-0.0808793852124865,2,-0.0642658501202738,3,0,4,-0.0662673304505707,5,-0.0662673304505707,6,-0.0642658501202738,7,-0.0704086691114303,8,0,9,-0.0622495099792916,10,-0.0683984048066621,11,-0.00570150389145628,12,-0.0741317720980925,13,-0.0662673304505707,14,-0.0683984048066621,15,-0.0622495099792916,16,-0.0600692146830063,17,-0.0530424110682271,18,-0.0600692146830063,19,-0.0741317720980925,20,-0.00570150389145628,21,-0.0508698119949877,22,-0.0622495099792916,23,-0.00570150389145628,24,-0.0458895285377657,25,-0.0530424110682271,26,-0.0662673304505707,27,-0.0546944449968403,28,-0.0508698119949877,29,-0.0581332763584421,30
"CD63",NA,0,1,0,2,0,3,0,4,0,5,0,6,0,7,0,8,0,9,0,10,0,11,0,12,0,13,0,14,0,15,0,16,0,17,0,18,0,19,0,20,0,21,0,22,0,23,0,24,0,25,0,26,0,27,0,28,0,29,0,30
"MCM6",NA,0,1,-0.0285515496194483,2,0,3,0,4,0,5,0,6,0,7,0,8,0,9,0,10,0,11,0,12,-0.00134631430642439,13,0,14,0,15,0,16,0,17,0,18,0,19,-0.00134631430642439,20,0,21,0,22,0,23,0,24,0,25,0,26,0,27,0,28,0,29,0,30
"MCM2",NA,-0.134764999218335,1,-0.175675583139083,2,-0.138405946193766,3,-0.0590820726294176,4,-0.142419618661607,5,-0.142419618661607,6,-0.138405946193766,7,-0.150531018670572,8,-0.0533542295274647,9,-0.134764999218335,10,-0.146380816692618,11,-0.0648204675166665,12,-0.158693497744219,13,-0.142419618661607,14,-0.146380816692618,15,-0.134764999218335,16,-0.131319617115252,17,-0.112947175466973,18,-0.131319617115252,19,-0.158693497744219,20,-0.0648204675166665,21,-0.107898107265652,22,-0.134764999218335,23,-0.0648204675166665,24,-0.102987817131498,25,-0.112947175466973,26,-0.142419618661607,27,-0.118724447731803,28,-0.107898107265652,29,-0.127726061659539,30
"MIR1243",NA,0,1,0,2,0,3,0,4,0,5,0,6,0,7,0,8,0,9,0,10,0,11,0,12,0,13,0,14,0,15,0,16,0,17,0,18,0,19,0,20,0,21,0,22,0,23,0,24,0,25,0,26,0,27,0,28,0,29,0,30
"PLEKHA8P1",NA,0,1,0,2,0,3,0,4,0,5,0,6,0,7,0,8,0,9,0,10,0,11,0,12,0,13,0,14,0,15,0,16,0,17,0,18,0,19,0,20,0,21,0,22,0,23,0,24,0,25,0,26,0,27,0,28,0,29,0,30
"CDKN2A.DT",NA,0.136795871051569,1,0.197885157315828,2,0.142080585920998,3,0.0669128475339063,4,0.147548163732115,5,0.147548163732115,6,0.142080585920998,7,0.158710831923618,8,0.0627911811380114,9,0.136795871051569,10,0.153114507125724,11,0.070942479977715,12,0.169845304633554,13,0.147548163732115,14,0.153114507125724,15,0.136795871051569,16,0.131459875718398,17,0.107675663485065,18,0.131459875718398,19,0.169845304633554,20,0.070942479977715,21,0.101946523896135,22,0.136795871051569,23,0.070942479977715,24,0.0973797424368585,25,0.107675663485065,26,0.147548163732115,27,0.113699709345836,28,0.101946523896135,29,0.125645152241292,30
"HACD3",NA,0,1,0,2,0,3,0,4,0,5,0,6,0,7,0,8,0,9,0,10,0,11,0,12,0,13,0,14,0,15,0,16,0,17,0,18,0,19,0,20,0,21,0,22,0,23,0,24,0,25,0,26,0,27,0,28,0,29,0,30
"SSRP1",NA,0,1,0,2,0,3,0,4,0,5,0,6,0,7,0,8,0,9,0,10,0,11,0,12,0,13,0,14,0,15,0,16,0,17,0,18,0,19,0,20,0,21,0,22,0,23,0,24,0,25,0,26,0,27,0,28,0,29,0,30
"BCL9",NA,0,1,0,2,0,3,0,4,0,5,0,6,0,7,0,8,0,9,0,10,0,11,0,12,0,13,0,14,0,15,0,16,0,17,0,18,0,19,0,20,0,21,0,22,0,23,0,24,0,25,0,26,0,27,0,28,0,29,0,30
"ZNF136",NA,0,1,0,2,0,3,0,4,0,5,0,6,0,7,0,8,0,9,0,10,0,11,0,12,0,13,0,14,0,15,0,16,0,17,0,18,0,19,0,20,0,21,0,22,0,23,0,24,0,25,0,26,0,27,0,28,0,29,0,30
"METTL16",NA,0,1,0,2,0,3,0,4,0,5,0,6,0,7,0,8,0,9,0,10,0,11,0,12,0,13,0,14,0,15,0,16,0,17,0,18,0,19,0,20,0,21,0,22,0,23,0,24,0,25,0,26,0,27,0,28,0,29,0,30
"ANXA6",NA,0,1,0,2,0,3,0,4,0,5,0,6,0,7,0,8,0,9,0,10,0,11,0,12,0,13,0,14,0,15,0,16,0,17,0,18,0,19,0,20,0,21,0,22,0,23,0,24,0,25,0,26,0,27,0,28,0,29,0,30
"SEC14L1P1",NA,0,1,0,2,0,3,0,4,0,5,0,6,0,7,0,8,0,9,0,10,0,11,0,12,0,13,0,14,0,15,0,16,0,17,0,18,0,19,0,20,0,21,0,22,0,23,0,24,0,25,0,26,0,27,0,28,0,29,0,30
"SF3A3",NA,0.0148190030873382,1,0.111974802119943,2,0.0242177921648538,3,0,4,0.0328999294539009,5,0.0328999294539009,6,0.0242177921648538,7,0.0506060945707417,8,0,9,0.0148190030873382,10,0.041795510544875,11,0,12,0.0681955225778696,13,0.0328999294539009,14,0.041795510544875,15,0.0148190030873382,16,0.00512434594467774,17,0,18,0.00512434594467774,19,0.0681955225778696,20,0,21,0,22,0.0148190030873382,23,0,24,0,25,0,26,0.0328999294539009,27,0,28,0,29,0,30
"MPP5",NA,0,1,0,2,0,3,0,4,0,5,0,6,0,7,0,8,0,9,0,10,0,11,0,12,0,13,0,14,0,15,0,16,0,17,0,18,0,19,0,20,0,21,0,22,0,23,0,24,0,25,0,26,0,27,0,28,0,29,0,30
"ZNF331",NA,0,1,0,2,0,3,0,4,0,5,0,6,0,7,0,8,0,9,0,10,0,11,0,12,0,13,0,14,0,15,0,16,0,17,0,18,0,19,0,20,0,21,0,22,0,23,0,24,0,25,0,26,0,27,0,28,0,29,0,30
"RSL1D1",NA,0,1,0,2,0,3,0,4,0,5,0,6,0,7,0,8,0,9,0,10,0,11,0,12,0,13,0,14,0,15,0,16,0,17,0,18,0,19,0,20,0,21,0,22,0,23,0,24,0,25,0,26,0,27,0,28,0,29,0,30
"MIR106B",NA,0.142054513318466,1,0.182467956992049,2,0.146466589504913,3,0.0555560828226062,4,0.150359159849436,5,0.150359159849436,6,0.146466589504913,7,0.157661568565211,8,0.048945380506931,9,0.142054513318466,10,0.153996223648486,11,0.0619664972626574,12,0.164846579256686,13,0.150359159849436,14,0.153996223648486,15,0.142054513318466,16,0.137557561296742,17,0.114644896638165,18,0.137557561296742,19,0.164846579256686,20,0.0619664972626574,21,0.107802106527171,22,0.142054513318466,23,0.0619664972626574,24,0.101701308772927,25,0.114644896638165,26,0.150359159849436,27,0.120959292735661,28,0.107802106527171,29,0.132616255342555,30
"C1orf123",NA,0,1,0,2,0,3,0,4,0,5,0,6,0,7,0,8,0,9,0,10,0,11,0,12,0,13,0,14,0,15,0,16,0,17,0,18,0,19,0,20,0,21,0,22,0,23,0,24,0,25,0,26,0,27,0,28,0,29,0,30
"FBXO31",NA,0.0245022826612852,1,0.0957680301179135,2,0.0317404862699568,3,0,4,0.0390548618684659,5,0.0390548618684659,6,0.0317404862699568,7,0.0533390435237568,8,0,9,0.0245022826612852,10,0.0463564323698067,11,0,12,0.0664465694084427,13,0.0390548618684659,14,0.0463564323698067,15,0.0245022826612852,16,0.0170433400976241,17,0,18,0.0170433400976241,19,0.0664465694084427,20,0,21,0,22,0.0245022826612852,23,0,24,0,25,0,26,0.0390548618684659,27,0,28,0,29,0.0098613960991267,30
"BIN1",NA,0,1,0,2,0,3,0,4,0,5,0,6,0,7,0,8,0,9,0,10,0,11,0,12,0,13,0,14,0,15,0,16,0,17,0,18,0,19,0,20,0,21,0,22,0,23,0,24,0,25,0,26,0,27,0,28,0,29,0,30
"PCDHGB7",NA,0,1,0,2,0,3,0,4,0,5,0,6,0,7,0,8,0,9,0,10,0,11,0,12,0,13,0,14,0,15,0,16,0,17,0,18,0,19,0,20,0,21,0,22,0,23,0,24,0,25,0,26,0,27,0,28,0,29,0,30
"TTC3",NA,0,1,0,2,0,3,0,4,0,5,0,6,0,7,0,8,0,9,0,10,0,11,0,12,0,13,0,14,0,15,0,16,0,17,0,18,0,19,0,20,0,21,0,22,0,23,0,24,0,25,0,26,0,27,0,28,0,29,0,30
"CSTF3",NA,0,1,0,2,0,3,0,4,0,5,0,6,0,7,0,8,0,9,0,10,0,11,0,12,0,13,0,14,0,15,0,16,0,17,0,18,0,19,0,20,0,21,0,22,0,23,0,24,0,25,0,26,0,27,0,28,0,29,0,30
"MAP3K9",NA,-0.0109527526365306,1,-0.0299983249097799,2,-0.0133308514952695,3,0,4,-0.0152850493990989,5,-0.0152850493990989,6,-0.0133308514952695,7,-0.0192529449468765,8,0,9,-0.0109527526365306,10,-0.0173186236847022,11,0,12,-0.0228165947990444,13,-0.0152850493990989,14,-0.0173186236847022,15,-0.0109527526365306,16,-0.00862436583137435,17,0,18,-0.00862436583137435,19,-0.0228165947990444,20,0,21,0,22,-0.0109527526365306,23,0,24,0,25,0,26,-0.0152850493990989,27,-0.00265302628833769,28,0,29,-0.00681254204570093,30
"CFAP298",NA,0,1,0,2,0,3,0,4,0,5,0,6,0,7,0,8,0,9,0,10,0,11,0,12,0,13,0,14,0,15,0,16,0,17,0,18,0,19,0,20,0,21,0,22,0,23,0,24,0,25,0,26,0,27,0,28,0,29,0,30
"NLGN3",NA,0.0900360754137847,1,0.159007336246424,2,0.094971876823196,3,0.0481944549435993,4,0.100928561228735,5,0.100928561228735,6,0.094971876823196,7,0.11411658496689,8,0.0467265567583673,9,0.0900360754137847,10,0.107541544445918,11,0.0494565664877305,12,0.12729541610442,13,0.100928561228735,14,0.107541544445918,15,0.0900360754137847,16,0.0854373866627234,17,0.0693488519579943,18,0.0854373866627234,19,0.12729541610442,20,0.0494565664877305,21,0.0644913137065121,22,0.0900360754137847,23,0.0494565664877305,24,0.0604880857365264,25,0.0693488519579943,26,0.100928561228735,27,0.0736848467895182,28,0.0644913137065121,29,0.0817423796943084,30
"HTATSF1",NA,0,1,0,2,0,3,0,4,0,5,0,6,0,7,0,8,0,9,0,10,0,11,0,12,0,13,0,14,0,15,0,16,0,17,0,18,0,19,0,20,0,21,0,22,0,23,0,24,0,25,0,26,0,27,0,28,0,29,0,30
"DDX18",NA,0,1,0,2,0,3,0,4,0,5,0,6,0,7,0,8,0,9,0,10,0,11,0,12,0,13,0,14,0,15,0,16,0,17,0,18,0,19,0,20,0,21,0,22,0,23,0,24,0,25,0,26,0,27,0,28,0,29,0,30
"LAS1L",NA,0,1,0,2,0,3,0,4,0,5,0,6,0,7,0,8,0,9,0,10,0,11,0,12,0,13,0,14,0,15,0,16,0,17,0,18,0,19,0,20,0,21,0,22,0,23,0,24,0,25,0,26,0,27,0,28,0,29,0,30
"UTP20",NA,0,1,0,2,0,3,0,4,0,5,0,6,0,7,0,8,0,9,0,10,0,11,0,12,0,13,0,14,0,15,0,16,0,17,0,18,0,19,0,20,0,21,0,22,0,23,0,24,0,25,0,26,0,27,0,28,0,29,0,30
"IBTK",NA,0,1,0,2,0,3,0,4,0,5,0,6,0,7,0,8,0,9,0,10,0,11,0,12,0,13,0,14,0,15,0,16,0,17,0,18,0,19,0,20,0,21,0,22,0,23,0,24,0,25,0,26,0,27,0,28,0,29,0,30
"IPP",NA,0,1,0,2,0,3,0,4,0,5,0,6,0,7,0,8,0,9,0,10,0,11,0,12,0,13,0,14,0,15,0,16,0,17,0,18,0,19,0,20,0,21,0,22,0,23,0,24,0,25,0,26,0,27,0,28,0,29,0,30
"LINC00330",NA,0,1,0,2,0,3,0,4,0,5,0,6,0,7,0,8,0,9,0,10,0,11,0,12,0,13,0,14,0,15,0,16,0,17,0,18,0,19,0,20,0,21,0,22,0,23,0,24,0,25,0,26,0,27,0,28,0,29,0,30
"MIR4489",NA,0,1,0,2,0,3,0,4,0,5,0,6,0,7,0,8,0,9,0,10,0,11,0,12,0,13,0,14,0,15,0,16,0,17,0,18,0,19,0,20,0,21,0,22,0,23,0,24,0,25,0,26,0,27,0,28,0,29,0,30
"DNAJC21",NA,0,1,0,2,0,3,0,4,0,5,0,6,0,7,0,8,0,9,0,10,0,11,0,12,0,13,0,14,0,15,0,16,0,17,0,18,0,19,0,20,0,21,0,22,0,23,0,24,0,25,0,26,0,27,0,28,0,29,0,30
"SLFN5",NA,0,1,0,2,0,3,0,4,0,5,0,6,0,7,0,8,0,9,0,10,0,11,0,12,0,13,0,14,0,15,0,16,0,17,0,18,0,19,0,20,0,21,0,22,0,23,0,24,0,25,0,26,0,27,0,28,0,29,0,30
"TOMM70",NA,0,1,0,2,0,3,0,4,0,5,0,6,0,7,0,8,0,9,0,10,0,11,0,12,0,13,0,14,0,15,0,16,0,17,0,18,0,19,0,20,0,21,0,22,0,23,0,24,0,25,0,26,0,27,0,28,0,29,0,30
"MTREX",NA,0,1,0,2,0,3,0,4,0,5,0,6,0,7,0,8,0,9,0,10,0,11,0,12,0,13,0,14,0,15,0,16,0,17,0,18,0,19,0,20,0,21,0,22,0,23,0,24,0,25,0,26,0,27,0,28,0,29,0,30
"GTF2H3",NA,0,1,0,2,0,3,0,4,0,5,0,6,0,7,0,8,0,9,0,10,0,11,0,12,0,13,0,14,0,15,0,16,0,17,0,18,0,19,0,20,0,21,0,22,0,23,0,24,0,25,0,26,0,27,0,28,0,29,0,30
"ZBTB3",NA,0,1,0,2,0,3,0,4,0,5,0,6,0,7,0,8,0,9,0,10,0,11,0,12,0,13,0,14,0,15,0,16,0,17,0,18,0,19,0,20,0,21,0,22,0,23,0,24,0,25,0,26,0,27,0,28,0,29,0,30
"SCAMP3",NA,0,1,0,2,0,3,0,4,0,5,0,6,0,7,0,8,0,9,0,10,0,11,0,12,0,13,0,14,0,15,0,16,0,17,0,18,0,19,0,20,0,21,0,22,0,23,0,24,0,25,0,26,0,27,0,28,0,29,0,30
"MAGED1",NA,0,1,0,2,0,3,0,4,0,5,0,6,0,7,0,8,0,9,0,10,0,11,0,12,0,13,0,14,0,15,0,16,0,17,0,18,0,19,0,20,0,21,0,22,0,23,0,24,0,25,0,26,0,27,0,28,0,29,0,30
"NSRP1",NA,0,1,0,2,0,3,0,4,0,5,0,6,0,7,0,8,0,9,0,10,0,11,0,12,0,13,0,14,0,15,0,16,0,17,0,18,0,19,0,20,0,21,0,22,0,23,0,24,0,25,0,26,0,27,0,28,0,29,0,30
"EXOSC2",NA,0,1,0,2,0,3,0,4,0,5,0,6,0,7,0,8,0,9,0,10,0,11,0,12,0,13,0,14,0,15,0,16,0,17,0,18,0,19,0,20,0,21,0,22,0,23,0,24,0,25,0,26,0,27,0,28,0,29,0,30
"PEBP1",NA,0,1,0,2,0,3,0,4,0,5,0,6,0,7,0,8,0,9,0,10,0,11,0,12,0,13,0,14,0,15,0,16,0,17,0,18,0,19,0,20,0,21,0,22,0,23,0,24,0,25,0,26,0,27,0,28,0,29,0,30
"BCAS2",NA,0,1,0,2,0,3,0,4,0,5,0,6,0,7,0,8,0,9,0,10,0,11,0,12,0,13,0,14,0,15,0,16,0,17,0,18,0,19,0,20,0,21,0,22,0,23,0,24,0,25,0,26,0,27,0,28,0,29,0,30
"TULP4",NA,0,1,0,2,0,3,0,4,0,5,0,6,0,7,0,8,0,9,0,10,0,11,0,12,0,13,0,14,0,15,0,16,0,17,0,18,0,19,0,20,0,21,0,22,0,23,0,24,0,25,0,26,0,27,0,28,0,29,0,30
"ZNF649.AS1",NA,0.233002877681448,1,0.311621814776754,2,0.238998014215397,3,0.147432543399574,4,0.246204935237806,5,0.246204935237806,6,0.238998014215397,7,0.260911363749079,8,0.141570831769082,9,0.233002877681448,10,0.253593977324378,11,0.153864530703053,12,0.275832671758083,13,0.246204935237806,14,0.253593977324378,15,0.233002877681448,16,0.227034628477093,17,0.203430896129473,18,0.227034628477093,19,0.275832671758083,20,0.153864530703053,21,0.1973835214805,22,0.233002877681448,23,0.153864530703053,24,0.190325136229901,25,0.203430896129473,26,0.246204935237806,27,0.209199342542957,28,0.1973835214805,29,0.220650198103024,30
"HNRNPR",NA,0,1,0,2,0,3,0,4,0,5,0,6,0,7,0,8,0,9,0,10,0,11,0,12,0,13,0,14,0,15,0,16,0,17,0,18,0,19,0,20,0,21,0,22,0,23,0,24,0,25,0,26,0,27,0,28,0,29,0,30
"SRP72",NA,0,1,0,2,0,3,0,4,0,5,0,6,0,7,0,8,0,9,0,10,0,11,0,12,0,13,0,14,0,15,0,16,0,17,0,18,0,19,0,20,0,21,0,22,0,23,0,24,0,25,0,26,0,27,0,28,0,29,0,30
"KLHL11",NA,0,1,0,2,0,3,0,4,0,5,0,6,0,7,0,8,0,9,0,10,0,11,0,12,0,13,0,14,0,15,0,16,0,17,0,18,0,19,0,20,0,21,0,22,0,23,0,24,0,25,0,26,0,27,0,28,0,29,0,30
"EBAG9",NA,0,1,0,2,0,3,0,4,0,5,0,6,0,7,0,8,0,9,0,10,0,11,0,12,0,13,0,14,0,15,0,16,0,17,0,18,0,19,0,20,0,21,0,22,0,23,0,24,0,25,0,26,0,27,0,28,0,29,0,30
"NCL",NA,0,1,0,2,0,3,0,4,0,5,0,6,0,7,0,8,0,9,0,10,0,11,0,12,0,13,0,14,0,15,0,16,0,17,0,18,0,19,0,20,0,21,0,22,0,23,0,24,0,25,0,26,0,27,0,28,0,29,0,30
"AARS",NA,0,1,0,2,0,3,0,4,0,5,0,6,0,7,0,8,0,9,0,10,0,11,0,12,0,13,0,14,0,15,0,16,0,17,0,18,0,19,0,20,0,21,0,22,0,23,0,24,0,25,0,26,0,27,0,28,0,29,0,30
"PLEC",NA,0.443726874479599,1,0.561048556886479,2,0.454451225237983,3,0.292646950920988,4,0.464213502821871,5,0.464213502821871,6,0.454451225237983,7,0.484298535964031,8,0.282581612584471,9,0.443726874479599,10,0.474113966203736,11,0.303041228377451,12,0.505431880598616,13,0.464213502821871,14,0.474113966203736,15,0.443726874479599,16,0.433278490212966,17,0.389982933728495,18,0.433278490212966,19,0.505431880598616,20,0.303041228377451,21,0.378580944793383,22,0.443726874479599,23,0.303041228377451,24,0.367462037834349,25,0.389982933728495,26,0.464213502821871,27,0.400992451065835,28,0.378580944793383,29,0.4226001048046,30
"IMPDH2",NA,0,1,0,2,0,3,0,4,0,5,0,6,0,7,0,8,0,9,0,10,0,11,0,12,0,13,0,14,0,15,0,16,0,17,0,18,0,19,0,20,0,21,0,22,0,23,0,24,0,25,0,26,0,27,0,28,0,29,0,30
"SUPT16H",NA,0,1,0,2,0,3,0,4,0,5,0,6,0,7,0,8,0,9,0,10,0,11,0,12,0,13,0,14,0,15,0,16,0,17,0,18,0,19,0,20,0,21,0,22,0,23,0,24,0,25,0,26,0,27,0,28,0,29,0,30
"DDX47",NA,0,1,0,2,0,3,0,4,0,5,0,6,0,7,0,8,0,9,0,10,0,11,0,12,0,13,0,14,0,15,0,16,0,17,0,18,0,19,0,20,0,21,0,22,0,23,0,24,0,25,0,26,0,27,0,28,0,29,0,30
"RIOK1",NA,0.0267116534100668,1,0.0622098045578081,2,0.0339630721108625,3,0,4,0.0385184060113135,5,0.0385184060113135,6,0.0339630721108625,7,0.0453352509803076,8,0,9,0.0267116534100668,10,0.0419748358716462,11,0,12,0.0512239969849229,13,0.0385184060113135,14,0.0419748358716462,15,0.0267116534100668,16,0.0188500050051245,17,0,18,0.0188500050051245,19,0.0512239969849229,20,0,21,0,22,0.0267116534100668,23,0,24,0,25,0,26,0.0385184060113135,27,0,28,0,29,0.0098080465388165,30
"NOP56",NA,0,1,0,2,0,3,0,4,0,5,0,6,0,7,0,8,0,9,0,10,0,11,0,12,0,13,0,14,0,15,0,16,0,17,0,18,0,19,0,20,0,21,0,22,0,23,0,24,0,25,0,26,0,27,0,28,0,29,0,30
"HTR2A",NA,0.090844028802253,1,0.153171976129763,2,0.0964712872845184,3,0.0054094523779316,4,0.102102202874731,5,0.102102202874731,6,0.0964712872845184,7,0.113541500865276,8,0,9,0.090844028802253,10,0.107844291176691,11,0.0120397902214947,12,0.125058566589804,13,0.102102202874731,14,0.107844291176691,15,0.090844028802253,16,0.085088249634771,17,0.061624904271592,18,0.085088249634771,19,0.125058566589804,20,0.0120397902214947,21,0.0556192163097406,22,0.090844028802253,23,0.0120397902214947,24,0.0505621327528201,25,0.061624904271592,26,0.102102202874731,27,0.0671149411532462,28,0.0556192163097406,29,0.0789600142082458,30
"DLAT",NA,0,1,0,2,0,3,0,4,0,5,0,6,0,7,0,8,0,9,0,10,0,11,0,12,0,13,0,14,0,15,0,16,0,17,0,18,0,19,0,20,0,21,0,22,0,23,0,24,0,25,0,26,0,27,0,28,0,29,0,30
"TRMT6",NA,0,1,0,2,0,3,0,4,0,5,0,6,0,7,0,8,0,9,0,10,0,11,0,12,0,13,0,14,0,15,0,16,0,17,0,18,0,19,0,20,0,21,0,22,0,23,0,24,0,25,0,26,0,27,0,28,0,29,0,30
"GNPTAB",NA,0,1,0,2,0,3,0,4,0,5,0,6,0,7,0,8,0,9,0,10,0,11,0,12,0,13,0,14,0,15,0,16,0,17,0,18,0,19,0,20,0,21,0,22,0,23,0,24,0,25,0,26,0,27,0,28,0,29,0,30
"KRT20",NA,0,1,0,2,0,3,0,4,0,5,0,6,0,7,0,8,0,9,0,10,0,11,0,12,0,13,0,14,0,15,0,16,0,17,0,18,0,19,0,20,0,21,0,22,0,23,0,24,0,25,0,26,0,27,0,28,0,29,0,30
"ZNF841",NA,0,1,0,2,0,3,0,4,0,5,0,6,0,7,0,8,0,9,0,10,0,11,0,12,0,13,0,14,0,15,0,16,0,17,0,18,0,19,0,20,0,21,0,22,0,23,0,24,0,25,0,26,0,27,0,28,0,29,0,30
"SGSH",NA,0.148752006417841,1,0.189124772956189,2,0.152450482880935,3,0.0881880199430684,4,0.156440765538911,5,0.156440765538911,6,0.152450482880935,7,0.16397022174816,8,0.0835291673507568,9,0.148752006417841,10,0.160259925622866,11,0.0927255485317712,12,0.171451623802517,13,0.156440765538911,14,0.160259925622866,15,0.148752006417841,16,0.145351938615543,17,0.133197348465055,18,0.145351938615543,19,0.171451623802517,20,0.0927255485317712,21,0.128408649015216,22,0.148752006417841,23,0.0927255485317712,24,0.122481059526242,25,0.133197348465055,26,0.156440765538911,27,0.136841944341893,28,0.128408649015216,29,0.142710323934598,30
"HSPA9",NA,0,1,0,2,0,3,0,4,0,5,0,6,0,7,0,8,0,9,0,10,0,11,0,12,0,13,0,14,0,15,0,16,0,17,0,18,0,19,0,20,0,21,0,22,0,23,0,24,0,25,0,26,0,27,0,28,0,29,0,30
"CALB1",NA,0,1,0,2,0,3,0,4,0,5,0,6,0,7,0,8,0,9,0,10,0,11,0,12,0,13,0,14,0,15,0,16,0,17,0,18,0,19,0,20,0,21,0,22,0,23,0,24,0,25,0,26,0,27,0,28,0,29,0,30
"NDUFA9",NA,0,1,0,2,0,3,0,4,0,5,0,6,0,7,0,8,0,9,0,10,0,11,0,12,0,13,0,14,0,15,0,16,0,17,0,18,0,19,0,20,0,21,0,22,0,23,0,24,0,25,0,26,0,27,0,28,0,29,0,30
"GPN1",NA,0,1,0,2,0,3,0,4,0,5,0,6,0,7,0,8,0,9,0,10,0,11,0,12,0,13,0,14,0,15,0,16,0,17,0,18,0,19,0,20,0,21,0,22,0,23,0,24,0,25,0,26,0,27,0,28,0,29,0,30
"BLID",NA,0,1,0,2,0,3,0,4,0,5,0,6,0,7,0,8,0,9,0,10,0,11,0,12,0,13,0,14,0,15,0,16,0,17,0,18,0,19,0,20,0,21,0,22,0,23,0,24,0,25,0,26,0,27,0,28,0,29,0,30
"USP11",NA,0,1,0,2,0,3,0,4,0,5,0,6,0,7,0,8,0,9,0,10,0,11,0,12,0,13,0,14,0,15,0,16,0,17,0,18,0,19,0,20,0,21,0,22,0,23,0,24,0,25,0,26,0,27,0,28,0,29,0,30
"RFC1",NA,0,1,0,2,0,3,0,4,0,5,0,6,0,7,0,8,0,9,0,10,0,11,0,12,0,13,0,14,0,15,0,16,0,17,0,18,0,19,0,20,0,21,0,22,0,23,0,24,0,25,0,26,0,27,0,28,0,29,0,30
"SUOX",NA,0.0984632054430123,1,0.186232827292174,2,0.10616454128257,3,0,4,0.113849487868959,5,0.113849487868959,6,0.10616454128257,7,0.130079569426079,8,0,9,0.0984632054430123,10,0.122012771173853,11,0,12,0.145942723949908,13,0.113849487868959,14,0.122012771173853,15,0.0984632054430123,16,0.0909828186967681,17,0.0600546967709382,18,0.0909828186967681,19,0.145942723949908,20,0,21,0.0508933309026219,22,0.0984632054430123,23,0,24,0.0412998865928873,25,0.0600546967709382,26,0.113849487868959,27,0.0687867742303832,28,0.0508933309026219,29,0.0838959601850297,30
"GRWD1",NA,0,1,0,2,0,3,0,4,0,5,0,6,0,7,0,8,0,9,0,10,0,11,0,12,0,13,0,14,0,15,0,16,0,17,0,18,0,19,0,20,0,21,0,22,0,23,0,24,0,25,0,26,0,27,0,28,0,29,0,30
"SERBP1",NA,0,1,0,2,0,3,0,4,0,5,0,6,0,7,0,8,0,9,0,10,0,11,0,12,0,13,0,14,0,15,0,16,0,17,0,18,0,19,0,20,0,21,0,22,0,23,0,24,0,25,0,26,0,27,0,28,0,29,0,30
"SPRTN",NA,-0.0903570847748581,1,-0.146269476461695,2,-0.0938052377828423,3,-0.0408006109159452,4,-0.0988312033276322,5,-0.0988312033276322,6,-0.0938052377828423,7,-0.108695845350136,8,-0.0372280378350286,9,-0.0903570847748581,10,-0.103888722783065,11,-0.0448953447046317,12,-0.118271851244807,13,-0.0988312033276322,14,-0.103888722783065,15,-0.0903570847748581,16,-0.0865738807687579,17,-0.0752579329845151,18,-0.0865738807687579,19,-0.118271851244807,20,-0.0448953447046317,21,-0.0750441925093053,22,-0.0903570847748581,23,-0.0448953447046317,24,-0.0718603373924925,25,-0.0752579329845151,26,-0.0988312033276322,27,-0.0765955258092434,28,-0.0750441925093053,29,-0.0822932603561448,30
"CDC23",NA,0,1,0,2,0,3,0,4,0,5,0,6,0,7,0,8,0,9,0,10,0,11,0,12,0,13,0,14,0,15,0,16,0,17,0,18,0,19,0,20,0,21,0,22,0,23,0,24,0,25,0,26,0,27,0,28,0,29,0,30
"PDCD4",NA,0,1,0,2,0,3,0,4,0,5,0,6,0,7,0,8,0,9,0,10,0,11,0,12,0,13,0,14,0,15,0,16,0,17,0,18,0,19,0,20,0,21,0,22,0,23,0,24,0,25,0,26,0,27,0,28,0,29,0,30
"TCEA1",NA,-0.00724929393460144,1,-0.0461007818728282,2,-0.0103180421742385,3,0,4,-0.0140027158621797,5,-0.0140027158621797,6,-0.0103180421742385,7,-0.0220399751592198,8,0,9,-0.00724929393460144,10,-0.0180460887800825,11,0,12,-0.0302325127302303,13,-0.0140027158621797,14,-0.0180460887800825,15,-0.00724929393460144,16,-0.00436939644670486,17,0,18,-0.00436939644670486,19,-0.0302325127302303,20,0,21,0,22,-0.00724929393460144,23,0,24,0,25,0,26,-0.0140027158621797,27,0,28,0,29,-0.00096635444718847,30
"RUVBL2",NA,0,1,0,2,0,3,0,4,0,5,0,6,0,7,0,8,0,9,0,10,0,11,0,12,0,13,0,14,0,15,0,16,0,17,0,18,0,19,0,20,0,21,0,22,0,23,0,24,0,25,0,26,0,27,0,28,0,29,0,30
"SRP68",NA,0,1,0,2,0,3,0,4,0,5,0,6,0,7,0,8,0,9,0,10,0,11,0,12,0,13,0,14,0,15,0,16,0,17,0,18,0,19,0,20,0,21,0,22,0,23,0,24,0,25,0,26,0,27,0,28,0,29,0,30
"NAA30",NA,0,1,0,2,0,3,0,4,0,5,0,6,0,7,0,8,0,9,0,10,0,11,0,12,0,13,0,14,0,15,0,16,0,17,0,18,0,19,0,20,0,21,0,22,0,23,0,24,0,25,0,26,0,27,0,28,0,29,0,30
"BRD3OS",NA,0,1,0,2,0,3,0,4,0,5,0,6,0,7,0,8,0,9,0,10,0,11,0,12,0,13,0,14,0,15,0,16,0,17,0,18,0,19,0,20,0,21,0,22,0,23,0,24,0,25,0,26,0,27,0,28,0,29,0,30
"EPRS",NA,0,1,0,2,0,3,0,4,0,5,0,6,0,7,0,8,0,9,0,10,0,11,0,12,0,13,0,14,0,15,0,16,0,17,0,18,0,19,0,20,0,21,0,22,0,23,0,24,0,25,0,26,0,27,0,28,0,29,0,30
"AES",NA,0,1,0,2,0,3,0,4,0,5,0,6,0,7,0,8,0,9,0,10,0,11,0,12,0,13,0,14,0,15,0,16,0,17,0,18,0,19,0,20,0,21,0,22,0,23,0,24,0,25,0,26,0,27,0,28,0,29,0,30
"RBBP7",NA,0,1,0,2,0,3,0,4,0,5,0,6,0,7,0,8,0,9,0,10,0,11,0,12,0,13,0,14,0,15,0,16,0,17,0,18,0,19,0,20,0,21,0,22,0,23,0,24,0,25,0,26,0,27,0,28,0,29,0,30
"PRPF19",NA,0,1,0,2,0,3,0,4,0,5,0,6,0,7,0,8,0,9,0,10,0,11,0,12,0,13,0,14,0,15,0,16,0,17,0,18,0,19,0,20,0,21,0,22,0,23,0,24,0,25,0,26,0,27,0,28,0,29,0,30
"DCAF1",NA,0,1,0,2,0,3,0,4,0,5,0,6,0,7,0,8,0,9,0,10,0,11,0,12,0,13,0,14,0,15,0,16,0,17,0,18,0,19,0,20,0,21,0,22,0,23,0,24,0,25,0,26,0,27,0,28,0,29,0,30
"ZNF275",NA,0,1,0,2,0,3,0,4,0,5,0,6,0,7,0,8,0,9,0,10,0,11,0,12,0,13,0,14,0,15,0,16,0,17,0,18,0,19,0,20,0,21,0,22,0,23,0,24,0,25,0,26,0,27,0,28,0,29,0,30
"LSG1",NA,0,1,0,2,0,3,0,4,0,5,0,6,0,7,0,8,0,9,0,10,0,11,0,12,0,13,0,14,0,15,0,16,0,17,0,18,0,19,0,20,0,21,0,22,0,23,0,24,0,25,0,26,0,27,0,28,0,29,0,30
"POLR3H",NA,0,1,0,2,0,3,0,4,0,5,0,6,0,7,0,8,0,9,0,10,0,11,0,12,0,13,0,14,0,15,0,16,0,17,0,18,0,19,0,20,0,21,0,22,0,23,0,24,0,25,0,26,0,27,0,28,0,29,0,30
"FASTKD5",NA,-0.0629707749208836,1,-0.102495373371399,2,-0.0658771860900034,3,-0.0587496191557789,4,-0.0697910185548116,5,-0.0697910185548116,6,-0.0658771860900034,7,-0.0778739889104115,8,-0.0588149536645919,9,-0.0629707749208836,10,-0.0738869230287207,11,-0.0591916270221513,12,-0.0846095278175734,13,-0.0697910185548116,14,-0.0738869230287207,15,-0.0629707749208836,16,-0.0603654509707567,17,-0.0544661183821363,18,-0.0603654509707567,19,-0.0846095278175734,20,-0.0591916270221513,21,-0.0563374033167557,22,-0.0629707749208836,23,-0.0591916270221513,24,-0.0574666558159767,25,-0.0544661183821363,26,-0.0697910185548116,27,-0.0538264670655806,28,-0.0563374033167557,29,-0.0582244577022625,30
"SUV39H1",NA,0,1,0,2,0,3,0,4,0,5,0,6,0,7,0,8,0,9,0,10,0,11,0,12,0,13,0,14,0,15,0,16,0,17,0,18,0,19,0,20,0,21,0,22,0,23,0,24,0,25,0,26,0,27,0,28,0,29,0,30
"DDX20",NA,0,1,0,2,0,3,0,4,0,5,0,6,0,7,0,8,0,9,0,10,0,11,0,12,0,13,0,14,0,15,0,16,0,17,0,18,0,19,0,20,0,21,0,22,0,23,0,24,0,25,0,26,0,27,0,28,0,29,0,30
"DNAJB11",NA,0,1,0,2,0,3,0,4,0,5,0,6,0,7,0,8,0,9,0,10,0,11,0,12,0,13,0,14,0,15,0,16,0,17,0,18,0,19,0,20,0,21,0,22,0,23,0,24,0,25,0,26,0,27,0,28,0,29,0,30
"HSPA4",NA,0,1,0,2,0,3,0,4,0,5,0,6,0,7,0,8,0,9,0,10,0,11,0,12,0,13,0,14,0,15,0,16,0,17,0,18,0,19,0,20,0,21,0,22,0,23,0,24,0,25,0,26,0,27,0,28,0,29,0,30
"TMEM109",NA,0.105345917174033,1,0.231212545628576,2,0.121235441377361,3,0,4,0.134149760160631,5,0.134149760160631,6,0.121235441377361,7,0.158619763965252,8,0,9,0.105345917174033,10,0.146087661463585,11,0,12,0.182692256746359,13,0.134149760160631,14,0.146087661463585,15,0.105345917174033,16,0.0897404263006404,17,0.022637526886453,18,0.0897404263006404,19,0.182692256746359,20,0,21,0.00145569545133086,22,0.105345917174033,23,0,24,0,25,0.022637526886453,26,0.134149760160631,27,0.0422330732803504,28,0.00145569545133086,29,0.0746795898038262,30
"DBR1",NA,0.0453182022846699,1,0.140694158803172,2,0.0541416536663902,3,0,4,0.06210942692787,5,0.06210942692787,6,0.0541416536663902,7,0.0786113148084907,8,0,9,0.0453182022846699,10,0.0702335946704393,11,0,12,0.0954339014459442,13,0.06210942692787,14,0.0702335946704393,15,0.0453182022846699,16,0.0362138714477667,17,0,18,0.0362138714477667,19,0.0954339014459442,20,0,21,0,22,0.0453182022846699,23,0,24,0,25,0,26,0.06210942692787,27,0.00217451804633862,28,0,29,0.0259872099726091,30
"CAMKK2",NA,0,1,0,2,0,3,0,4,0,5,0,6,0,7,0,8,0,9,0,10,0,11,0,12,0,13,0,14,0,15,0,16,0,17,0,18,0,19,0,20,0,21,0,22,0,23,0,24,0,25,0,26,0,27,0,28,0,29,0,30
"LMNB2",NA,-0.0280876971772067,1,-0.078412737738396,2,-0.0340256071814288,3,0,4,-0.0388588615481299,5,-0.0388588615481299,6,-0.0340256071814288,7,-0.0475510535754451,8,0,9,-0.0280876971772067,10,-0.0433163417997573,11,0,12,-0.0566645731692336,13,-0.0388588615481299,14,-0.0433163417997573,15,-0.0280876971772067,16,-0.0217049600069553,17,-0.00120348521286031,18,-0.0217049600069553,19,-0.0566645731692336,20,0,21,0,22,-0.0280876971772067,23,0,24,0,25,-0.00120348521286031,26,-0.0388588615481299,27,-0.00545257625163945,28,0,29,-0.0151426667008602,30
"SMC3",NA,0,1,0,2,0,3,0,4,0,5,0,6,0,7,0,8,0,9,0,10,0,11,0,12,0,13,0,14,0,15,0,16,0,17,0,18,0,19,0,20,0,21,0,22,0,23,0,24,0,25,0,26,0,27,0,28,0,29,0,30
"RAP1GDS1",NA,0,1,0,2,0,3,0,4,0,5,0,6,0,7,0,8,0,9,0,10,0,11,0,12,0,13,0,14,0,15,0,16,0,17,0,18,0,19,0,20,0,21,0,22,0,23,0,24,0,25,0,26,0,27,0,28,0,29,0,30
"SEC22A",NA,0,1,0,2,0,3,0,4,0,5,0,6,0,7,0,8,0,9,0,10,0,11,0,12,0,13,0,14,0,15,0,16,0,17,0,18,0,19,0,20,0,21,0,22,0,23,0,24,0,25,0,26,0,27,0,28,0,29,0,30
"ATP1A1",NA,0,1,0,2,0,3,0,4,0,5,0,6,0,7,0,8,0,9,0,10,0,11,0,12,0,13,0,14,0,15,0,16,0,17,0,18,0,19,0,20,0,21,0,22,0,23,0,24,0,25,0,26,0,27,0,28,0,29,0,30
"PIH1D2",NA,0.0836286805553325,1,0.0960107911233602,2,0.0845458024660593,3,0.0317523778120015,4,0.0851472135836505,5,0.0851472135836505,6,0.0845458024660593,7,0.0867876822317015,8,0.0253699208075261,9,0.0836286805553325,10,0.0859722799810173,11,0.0381953629993837,12,0.0889078059702883,13,0.0851472135836505,14,0.0859722799810173,15,0.0836286805553325,16,0.0828044629957009,17,0.078837968372737,18,0.0828044629957009,19,0.0889078059702883,20,0.0381953629993837,21,0.077543740436005,22,0.0836286805553325,23,0.0381953629993837,24,0.0732052617655216,25,0.078837968372737,26,0.0851472135836505,27,0.080271126832671,28,0.077543740436005,29,0.0819141893231482,30
"ZW10",NA,0,1,0,2,0,3,0,4,0,5,0,6,0,7,0,8,0,9,0,10,0,11,0,12,0,13,0,14,0,15,0,16,0,17,0,18,0,19,0,20,0,21,0,22,0,23,0,24,0,25,0,26,0,27,0,28,0,29,0,30
"KLHL20",NA,0,1,0,2,0,3,0,4,0,5,0,6,0,7,0,8,0,9,0,10,0,11,0,12,0,13,0,14,0,15,0,16,0,17,0,18,0,19,0,20,0,21,0,22,0,23,0,24,0,25,0,26,0,27,0,28,0,29,0,30
"SHQ1",NA,0,1,0,2,0,3,0,4,0,5,0,6,0,7,0,8,0,9,0,10,0,11,0,12,0,13,0,14,0,15,0,16,0,17,0,18,0,19,0,20,0,21,0,22,0,23,0,24,0,25,0,26,0,27,0,28,0,29,0,30
"ZNF280C",NA,0,1,0.0178341258598282,2,0,3,0,4,0,5,0,6,0,7,0,8,0,9,0,10,0,11,0,12,0,13,0,14,0,15,0,16,0,17,0,18,0,19,0,20,0,21,0,22,0,23,0,24,0,25,0,26,0,27,0,28,0,29,0,30
"CPSF4",NA,0,1,0,2,0,3,0,4,0,5,0,6,0,7,0,8,0,9,0,10,0,11,0,12,0,13,0,14,0,15,0,16,0,17,0,18,0,19,0,20,0,21,0,22,0,23,0,24,0,25,0,26,0,27,0,28,0,29,0,30
"BAZ1B",NA,0,1,0,2,0,3,0,4,0,5,0,6,0,7,0,8,0,9,0,10,0,11,0,12,0,13,0,14,0,15,0,16,0,17,0,18,0,19,0,20,0,21,0,22,0,23,0,24,0,25,0,26,0,27,0,28,0,29,0,30
"TOE1",NA,0,1,0,2,0,3,0,4,0,5,0,6,0,7,0,8,0,9,0,10,0,11,0,12,0,13,0,14,0,15,0,16,0,17,0,18,0,19,0,20,0,21,0,22,0,23,0,24,0,25,0,26,0,27,0,28,0,29,0,30
"TMEM209",NA,0,1,0,2,0,3,0,4,0,5,0,6,0,7,0,8,0,9,0,10,0,11,0,12,0,13,0,14,0,15,0,16,0,17,0,18,0,19,0,20,0,21,0,22,0,23,0,24,0,25,0,26,0,27,0,28,0,29,0,30
"EIF4A3",NA,-0.00395665756260886,1,-0.0663373867743936,2,-0.00974305057503506,3,0,4,-0.0158433787342127,5,-0.0158433787342127,6,-0.00974305057503506,7,-0.0278178521065641,8,0,9,-0.00395665756260886,10,-0.0219506517007009,11,0,12,-0.0386045352511471,13,-0.0158433787342127,14,-0.0219506517007009,15,-0.00395665756260886,16,0,17,0,18,0,19,-0.0386045352511471,20,0,21,0,22,-0.00395665756260886,23,0,24,0,25,0,26,-0.0158433787342127,27,0,28,0,29,0,30
"PRPS1",NA,0,1,0,2,0,3,0,4,0,5,0,6,0,7,0,8,0,9,0,10,0,11,0,12,0,13,0,14,0,15,0,16,0,17,0,18,0,19,0,20,0,21,0,22,0,23,0,24,0,25,0,26,0,27,0,28,0,29,0,30
"DKC1",NA,0,1,0,2,0,3,0,4,0,5,0,6,0,7,0,8,0,9,0,10,0,11,0,12,0,13,0,14,0,15,0,16,0,17,0,18,0,19,0,20,0,21,0,22,0,23,0,24,0,25,0,26,0,27,0,28,0,29,0,30
"ACADVL",NA,0.139716554228621,1,0.129531110573042,2,0.140033410610121,3,0.113155928138345,4,0.139676999816293,5,0.139676999816293,6,0.140033410610121,7,0.138830483837431,8,0.108124809628654,9,0.139716554228621,10,0.139339204795556,11,0.117967965955965,12,0.137069228603683,13,0.139676999816293,14,0.139339204795556,15,0.139716554228621,16,0.139364730999912,17,0.139023787109436,18,0.139364730999912,19,0.137069228603683,20,0.117967965955965,21,0.139849221840495,22,0.139716554228621,23,0.117967965955965,24,0.139002691908827,25,0.139023787109436,26,0.139676999816293,27,0.138586162481934,28,0.139849221840495,29,0.139215339976081,30
"ZNF574",NA,0,1,0,2,0,3,0,4,0,5,0,6,0,7,0,8,0,9,0,10,0,11,0,12,0,13,0,14,0,15,0,16,0,17,0,18,0,19,0,20,0,21,0,22,0,23,0,24,0,25,0,26,0,27,0,28,0,29,0,30
"ATP8A2",NA,0.00210389999260558,1,0.0314186834127839,2,0.00428700293741093,3,0,4,0.00769070783150183,5,0.00769070783150183,6,0.00428700293741093,7,0.014206360838051,8,0,9,0.00210389999260558,10,0.011047902998529,11,0,12,0.020171070015113,13,0.00769070783150183,14,0.011047902998529,15,0.00210389999260558,16,0,17,0,18,0,19,0.020171070015113,20,0,21,0,22,0.00210389999260558,23,0,24,0,25,0,26,0.00769070783150183,27,0,28,0,29,0,30
"ATG16L2",NA,0,1,0,2,0,3,0,4,0,5,0,6,0,7,0,8,0,9,0,10,0,11,0,12,0,13,0,14,0,15,0,16,0,17,0,18,0,19,0,20,0,21,0,22,0,23,0,24,0,25,0,26,0,27,0,28,0,29,0,30
"MAP7D3",NA,0,1,0,2,0,3,0,4,0,5,0,6,0,7,0,8,0,9,0,10,0,11,0,12,0,13,0,14,0,15,0,16,0,17,0,18,0,19,0,20,0,21,0,22,0,23,0,24,0,25,0,26,0,27,0,28,0,29,0,30
"ZBTB4",NA,0,1,0,2,0,3,0,4,0,5,0,6,0,7,0,8,0,9,0,10,0,11,0,12,0,13,0,14,0,15,0,16,0,17,0,18,0,19,0,20,0,21,0,22,0,23,0,24,0,25,0,26,0,27,0,28,0,29,0,30
"TSN",NA,0,1,0,2,0,3,0,4,0,5,0,6,0,7,0,8,0,9,0,10,0,11,0,12,0,13,0,14,0,15,0,16,0,17,0,18,0,19,0,20,0,21,0,22,0,23,0,24,0,25,0,26,0,27,0,28,0,29,0,30
"RUFY2",NA,0,1,0,2,0,3,0,4,0,5,0,6,0,7,0,8,0,9,0,10,0,11,0,12,0,13,0,14,0,15,0,16,0,17,0,18,0,19,0,20,0,21,0,22,0,23,0,24,0,25,0,26,0,27,0,28,0,29,0,30
"TDP1",NA,0,1,0,2,0,3,0,4,0,5,0,6,0,7,0,8,0,9,0,10,0,11,0,12,0,13,0,14,0,15,0,16,0,17,0,18,0,19,0,20,0,21,0,22,0,23,0,24,0,25,0,26,0,27,0,28,0,29,0,30
"MCTP1",NA,0,1,0,2,0,3,0,4,0,5,0,6,0,7,0,8,0,9,0,10,0,11,0,12,0,13,0,14,0,15,0,16,0,17,0,18,0,19,0,20,0,21,0,22,0,23,0,24,0,25,0,26,0,27,0,28,0,29,0,30
"EHMT2",NA,0,1,0,2,0,3,0,4,0,5,0,6,0,7,0,8,0,9,0,10,0,11,0,12,0,13,0,14,0,15,0,16,0,17,0,18,0,19,0,20,0,21,0,22,0,23,0,24,0,25,0,26,0,27,0,28,0,29,0,30
"API5",NA,0,1,0,2,0,3,0,4,0,5,0,6,0,7,0,8,0,9,0,10,0,11,0,12,0,13,0,14,0,15,0,16,0,17,0,18,0,19,0,20,0,21,0,22,0,23,0,24,0,25,0,26,0,27,0,28,0,29,0,30
"POLR3K",NA,-0.121870031954918,1,-0.249844683702385,2,-0.133949860228458,3,-0.00788153097364219,4,-0.14520592456524,5,-0.14520592456524,6,-0.133949860228458,7,-0.167224973083368,8,-0.00285649831299444,9,-0.121870031954918,10,-0.156163375139466,11,-0.0130449155456638,12,-0.190207621593991,13,-0.14520592456524,14,-0.156163375139466,15,-0.121870031954918,16,-0.109931223485963,17,-0.0660070495352035,18,-0.109931223485963,19,-0.190207621593991,20,-0.0130449155456638,21,-0.0557365025789492,22,-0.121870031954918,23,-0.0130449155456638,24,-0.047518877861152,25,-0.0660070495352035,26,-0.14520592456524,27,-0.0764515868466679,28,-0.0557365025789492,29,-0.0984086790868976,30
"AIFM1",NA,0,1,0,2,0,3,0,4,0,5,0,6,0,7,0,8,0,9,0,10,0,11,0,12,0,13,0,14,0,15,0,16,0,17,0,18,0,19,0,20,0,21,0,22,0,23,0,24,0,25,0,26,0,27,0,28,0,29,0,30
"GORASP2",NA,0,1,0,2,0,3,0,4,0,5,0,6,0,7,0,8,0,9,0,10,0,11,0,12,0,13,0,14,0,15,0,16,0,17,0,18,0,19,0,20,0,21,0,22,0,23,0,24,0,25,0,26,0,27,0,28,0,29,0,30
"CCT4",NA,0,1,0,2,0,3,0,4,0,5,0,6,0,7,0,8,0,9,0,10,0,11,0,12,0,13,0,14,0,15,0,16,0,17,0,18,0,19,0,20,0,21,0,22,0,23,0,24,0,25,0,26,0,27,0,28,0,29,0,30
"MAP4",NA,0,1,0,2,0,3,0,4,0,5,0,6,0,7,0,8,0,9,0,10,0,11,0,12,0,13,0,14,0,15,0,16,0,17,0,18,0,19,0,20,0,21,0,22,0,23,0,24,0,25,0,26,0,27,0,28,0,29,0,30
"ASTE1",NA,0,1,0,2,0,3,0,4,0,5,0,6,0,7,0,8,0,9,0,10,0,11,0,12,0,13,0,14,0,15,0,16,0,17,0,18,0,19,0,20,0,21,0,22,0,23,0,24,0,25,0,26,0,27,0,28,0,29,0,30
"BRCC3",NA,0,1,0,2,0,3,0,4,0,5,0,6,0,7,0,8,0,9,0,10,0,11,0,12,0,13,0,14,0,15,0,16,0,17,0,18,0,19,0,20,0,21,0,22,0,23,0,24,0,25,0,26,0,27,0,28,0,29,0,30
"DGKI",NA,0.0100258907105727,1,0.00271123196245378,2,0.00865768460818841,3,0.0262232126304268,4,0.0078065562619395,5,0.0078065562619395,6,0.00865768460818841,7,0.00646750149506668,8,0.0256894937671973,9,0.0100258907105727,10,0.00722522904337812,11,0.0260949981173074,12,0.00480671223083864,13,0.0078065562619395,14,0.00722522904337812,15,0.0100258907105727,16,0.0114033895420333,17,0.0184568597171691,18,0.0114033895420333,19,0.00480671223083864,20,0.0260949981173074,21,0.019629494793922,22,0.0100258907105727,23,0.0260949981173074,24,0.0213057626825812,25,0.0184568597171691,26,0.0078065562619395,27,0.016800093714568,28,0.019629494793922,29,0.0131402073512103,30
"NOB1",NA,0,1,0,2,0,3,0,4,0,5,0,6,0,7,0,8,0,9,0,10,0,11,0,12,0,13,0,14,0,15,0,16,0,17,0,18,0,19,0,20,0,21,0,22,0,23,0,24,0,25,0,26,0,27,0,28,0,29,0,30
"SLC35B4",NA,0,1,0,2,0,3,0,4,0,5,0,6,0,7,0,8,0,9,0,10,0,11,0,12,0,13,0,14,0,15,0,16,0,17,0,18,0,19,0,20,0,21,0,22,0,23,0,24,0,25,0,26,0,27,0,28,0,29,0,30
"CDK2AP2",NA,0,1,0,2,0,3,0,4,0,5,0,6,0,7,0,8,0,9,0,10,0,11,0,12,0,13,0,14,0,15,0,16,0,17,0,18,0,19,0,20,0,21,0,22,0,23,0,24,0,25,0,26,0,27,0,28,0,29,0,30
"UTP4",NA,0,1,0.0213828325812723,2,0,3,0,4,0,5,0,6,0,7,0,8,0,9,0,10,0,11,0,12,0,13,0,14,0,15,0,16,0,17,0,18,0,19,0,20,0,21,0,22,0,23,0,24,0,25,0,26,0,27,0,28,0,29,0,30
"PHB",NA,0,1,0,2,0,3,0,4,0,5,0,6,0,7,0,8,0,9,0,10,0,11,0,12,0,13,0,14,0,15,0,16,0,17,0,18,0,19,0,20,0,21,0,22,0,23,0,24,0,25,0,26,0,27,0,28,0,29,0,30
"ZNF3",NA,0,1,0,2,0,3,0,4,0,5,0,6,0,7,0,8,0,9,0,10,0,11,0,12,0,13,0,14,0,15,0,16,0,17,0,18,0,19,0,20,0,21,0,22,0,23,0,24,0,25,0,26,0,27,0,28,0,29,0,30
"ATP5PB",NA,0,1,0,2,0,3,0,4,0,5,0,6,0,7,0,8,0,9,0,10,0,11,0,12,0,13,0,14,0,15,0,16,0,17,0,18,0,19,0,20,0,21,0,22,0,23,0,24,0,25,0,26,0,27,0,28,0,29,0,30
"EIF3G",NA,0,1,0,2,0,3,0,4,0,5,0,6,0,7,0,8,0,9,0,10,0,11,0,12,0,13,0,14,0,15,0,16,0,17,0,18,0,19,0,20,0,21,0,22,0,23,0,24,0,25,0,26,0,27,0,28,0,29,0,30
"MANBA",NA,0,1,0,2,0,3,0,4,0,5,0,6,0,7,0,8,0,9,0,10,0,11,0,12,0,13,0,14,0,15,0,16,0,17,0,18,0,19,0,20,0,21,0,22,0,23,0,24,0,25,0,26,0,27,0,28,0,29,0,30
"RNGTT",NA,0,1,0,2,0,3,0,4,0,5,0,6,0,7,0,8,0,9,0,10,0,11,0,12,0,13,0,14,0,15,0,16,0,17,0,18,0,19,0,20,0,21,0,22,0,23,0,24,0,25,0,26,0,27,0,28,0,29,0,30
"INTS9",NA,0,1,0,2,0,3,0,4,0,5,0,6,0,7,0,8,0,9,0,10,0,11,0,12,0,13,0,14,0,15,0,16,0,17,0,18,0,19,0,20,0,21,0,22,0,23,0,24,0,25,0,26,0,27,0,28,0,29,0,30
"TMSB10",NA,0,1,0,2,0,3,0,4,0,5,0,6,0,7,0,8,0,9,0,10,0,11,0,12,0,13,0,14,0,15,0,16,0,17,0,18,0,19,0,20,0,21,0,22,0,23,0,24,0,25,0,26,0,27,0,28,0,29,0,30
"USP14",NA,0,1,0,2,0,3,0,4,0,5,0,6,0,7,0,8,0,9,0,10,0,11,0,12,0,13,0,14,0,15,0,16,0,17,0,18,0,19,0,20,0,21,0,22,0,23,0,24,0,25,0,26,0,27,0,28,0,29,0,30
"ACACA",NA,0,1,0,2,0,3,0,4,0,5,0,6,0,7,0,8,0,9,0,10,0,11,0,12,0,13,0,14,0,15,0,16,0,17,0,18,0,19,0,20,0,21,0,22,0,23,0,24,0,25,0,26,0,27,0,28,0,29,0,30
"PRPF6",NA,0,1,0,2,0,3,0,4,0,5,0,6,0,7,0,8,0,9,0,10,0,11,0,12,0,13,0,14,0,15,0,16,0,17,0,18,0,19,0,20,0,21,0,22,0,23,0,24,0,25,0,26,0,27,0,28,0,29,0,30
"PRPF38A",NA,0,1,0,2,0,3,0,4,0,5,0,6,0,7,0,8,0,9,0,10,0,11,0,12,0,13,0,14,0,15,0,16,0,17,0,18,0,19,0,20,0,21,0,22,0,23,0,24,0,25,0,26,0,27,0,28,0,29,0,30
"PIK3R1",NA,0,1,0,2,0,3,0,4,0,5,0,6,0,7,0,8,0,9,0,10,0,11,0,12,0,13,0,14,0,15,0,16,0,17,0,18,0,19,0,20,0,21,0,22,0,23,0,24,0,25,0,26,0,27,0,28,0,29,0,30
"DRG1",NA,0,1,0,2,0,3,0,4,0,5,0,6,0,7,0,8,0,9,0,10,0,11,0,12,0,13,0,14,0,15,0,16,0,17,0,18,0,19,0,20,0,21,0,22,0,23,0,24,0,25,0,26,0,27,0,28,0,29,0,30
"DDX54",NA,0,1,0,2,0,3,0,4,0,5,0,6,0,7,0,8,0,9,0,10,0,11,0,12,0,13,0,14,0,15,0,16,0,17,0,18,0,19,0,20,0,21,0,22,0,23,0,24,0,25,0,26,0,27,0,28,0,29,0,30
"SAP30L",NA,0.0283677251964233,1,0.126887945121797,2,0.0371408850891847,3,0,4,0.0456708268353742,5,0.0456708268353742,6,0.0371408850891847,7,0.062432228936364,8,0,9,0.0283677251964233,10,0.0541214663188228,11,0,12,0.0793057440811208,13,0.0456708268353742,14,0.0541214663188228,15,0.0283677251964233,16,0.0192664380850704,17,0,18,0.0192664380850704,19,0.0793057440811208,20,0,21,0,22,0.0283677251964233,23,0,24,0,25,0,26,0.0456708268353742,27,0,28,0,29,0.0103458634298855,30
"SCMH1",NA,0,1,0,2,0,3,0,4,0,5,0,6,0,7,0,8,0,9,0,10,0,11,0,12,0,13,0,14,0,15,0,16,0,17,0,18,0,19,0,20,0,21,0,22,0,23,0,24,0,25,0,26,0,27,0,28,0,29,0,30
"PRKCSH",NA,0,1,0,2,0,3,0,4,0,5,0,6,0,7,0,8,0,9,0,10,0,11,0,12,0,13,0,14,0,15,0,16,0,17,0,18,0,19,0,20,0,21,0,22,0,23,0,24,0,25,0,26,0,27,0,28,0,29,0,30
"CRLF3",NA,-0.14993698030032,1,-0.148177933542356,2,-0.15023733586875,3,-0.0848572803494619,4,-0.150661144979523,5,-0.150661144979523,6,-0.15023733586875,7,-0.151147793400107,8,-0.078079015793564,9,-0.14993698030032,10,-0.151011313695635,11,-0.0918702160029456,12,-0.150033821024164,13,-0.150661144979523,14,-0.151011313695635,15,-0.14993698030032,16,-0.148915268924231,17,-0.139684165753914,18,-0.148915268924231,19,-0.150033821024164,20,-0.0918702160029456,21,-0.13651036244233,22,-0.14993698030032,23,-0.0918702160029456,24,-0.130890774228949,25,-0.139684165753914,26,-0.150661144979523,27,-0.142293728027244,28,-0.13651036244233,29,-0.146693306590965,30
"NARS",NA,0,1,0,2,0,3,0,4,0,5,0,6,0,7,0,8,0,9,0,10,0,11,0,12,0,13,0,14,0,15,0,16,0,17,0,18,0,19,0,20,0,21,0,22,0,23,0,24,0,25,0,26,0,27,0,28,0,29,0,30
"SLC12A4",NA,0.0263697028601118,1,0.00832621914501866,2,0.0249352363260642,3,0.00962773694743253,4,0.0231433588442567,5,0.0231433588442567,6,0.0249352363260642,7,0.0192496595499046,8,0.00613388296564222,9,0.0263697028601118,10,0.021176851781226,11,0.0133255249102444,12,0.0154386041325872,13,0.0231433588442567,14,0.021176851781226,15,0.0263697028601118,16,0.0275030936998563,17,0.028857221407081,18,0.0275030936998563,19,0.0154386041325872,20,0.0133255249102444,21,0.0288827129169059,22,0.0263697028601118,23,0.0133255249102444,24,0.0283293264414261,25,0.028857221407081,26,0.0231433588442567,27,0.0292806417108084,28,0.0288827129169059,29,0.0283131180253939,30
"EXOSC10",NA,0.0632994111150719,1,0.150265374782288,2,0.0723857232520242,3,0,4,0.0803608913919831,5,0.0803608913919831,6,0.0723857232520242,7,0.0957723884272309,8,0,9,0.0632994111150719,10,0.0880228077241699,11,0,12,0.111703361281404,13,0.0803608913919831,14,0.0880228077241699,15,0.0632994111150719,16,0.0545398203259764,17,0.0145759280417496,18,0.0545398203259764,19,0.111703361281404,20,0,21,0.000204159913406471,22,0.0632994111150719,23,0,24,0,25,0.0145759280417496,26,0.0803608913919831,27,0.026645915399761,28,0.000204159913406471,29,0.0457730715223047,30
"TECR",NA,0,1,0,2,0,3,0,4,0,5,0,6,0,7,0,8,0,9,0,10,0,11,0,12,0,13,0,14,0,15,0,16,0,17,0,18,0,19,0,20,0,21,0,22,0,23,0,24,0,25,0,26,0,27,0,28,0,29,0,30
"RPRD2",NA,0,1,0,2,0,3,0,4,0,5,0,6,0,7,0,8,0,9,0,10,0,11,0,12,0,13,0,14,0,15,0,16,0,17,0,18,0,19,0,20,0,21,0,22,0,23,0,24,0,25,0,26,0,27,0,28,0,29,0,30
"EIF3D",NA,0,1,0.0589118416579963,2,0,3,0,4,0.00319338403018103,5,0.00319338403018103,6,0,7,0.0172726772737414,8,0,9,0,10,0.0101534540830718,11,0,12,0.0309152786819857,13,0.00319338403018103,14,0.0101534540830718,15,0,16,0,17,0,18,0,19,0.0309152786819857,20,0,21,0,22,0,23,0,24,0,25,0,26,0.00319338403018103,27,0,28,0,29,0,30
"PRPS2",NA,-0.0568680617831038,1,-0.14287525309188,2,-0.0647403647628888,3,-0.0313886061267037,4,-0.0733857377269922,5,-0.0733857377269922,6,-0.0647403647628888,7,-0.0905271354269264,8,-0.0330715907431737,9,-0.0568680617831038,10,-0.0819317257624652,11,-0.0289557446151805,12,-0.10684035592225,13,-0.0733857377269922,14,-0.0819317257624652,15,-0.0568680617831038,16,-0.0490222626616555,17,-0.0210487918794101,18,-0.0490222626616555,19,-0.10684035592225,20,-0.0289557446151805,21,-0.015385538862533,22,-0.0568680617831038,23,-0.0289557446151805,24,-0.0146472343169029,25,-0.0210487918794101,26,-0.0733857377269922,27,-0.0270012130928123,28,-0.015385538862533,29,-0.0416083506319224,30
"ABT1",NA,0,1,0,2,0,3,0,4,0,5,0,6,0,7,0,8,0,9,0,10,0,11,0,12,0,13,0,14,0,15,0,16,0,17,0,18,0,19,0,20,0,21,0,22,0,23,0,24,0,25,0,26,0,27,0,28,0,29,0,30
"ASPSCR1",NA,-0.0506253773543613,1,-0.0940957331037248,2,-0.0548337184717908,3,-0.000200761270081785,4,-0.0587097621495112,5,-0.0587097621495112,6,-0.0548337184717908,7,-0.0656292652881022,8,0,9,-0.0506253773543613,10,-0.0621472228119898,11,-0.00308326542480235,12,-0.0727133869099403,13,-0.0587097621495112,14,-0.0621472228119898,15,-0.0506253773543613,16,-0.046345264820536,17,-0.0299003159172648,18,-0.046345264820536,19,-0.0727133869099403,20,-0.00308326542480235,21,-0.0241050937844345,22,-0.0506253773543613,23,-0.00308326542480235,24,-0.0205779011990549,25,-0.0299003159172648,26,-0.0587097621495112,27,-0.0339492132440549,28,-0.0241050937844345,29,-0.0420911254906567,30
"LZIC",NA,0,1,0,2,0,3,0,4,0,5,0,6,0,7,0,8,0,9,0,10,0,11,0,12,0,13,0,14,0,15,0,16,0,17,0,18,0,19,0,20,0,21,0,22,0,23,0,24,0,25,0,26,0,27,0,28,0,29,0,30
"VAMP2",NA,-0.231219977381598,1,-0.330992701034335,2,-0.242444397645697,3,-0.114675954287859,4,-0.251164267310012,5,-0.251164267310012,6,-0.242444397645697,7,-0.268499369672233,8,-0.108475244383561,9,-0.231219977381598,10,-0.259737722929799,11,-0.120057416552741,12,-0.286275466949791,13,-0.251164267310012,14,-0.259737722929799,15,-0.231219977381598,16,-0.220008288121566,17,-0.177986079608768,18,-0.220008288121566,19,-0.286275466949791,20,-0.120057416552741,21,-0.167168424660812,22,-0.231219977381598,23,-0.120057416552741,24,-0.159231338975615,25,-0.177986079608768,26,-0.251164267310012,27,-0.187573118241058,28,-0.167168424660812,29,-0.209049887964928,30
"CDC5L",NA,0,1,0,2,0,3,0,4,0,5,0,6,0,7,0,8,0,9,0,10,0,11,0,12,0,13,0,14,0,15,0,16,0,17,0,18,0,19,0,20,0,21,0,22,0,23,0,24,0,25,0,26,0,27,0,28,0,29,0,30
"MDH2",NA,0,1,0,2,0,3,0,4,0,5,0,6,0,7,0,8,0,9,0,10,0,11,0,12,0,13,0,14,0,15,0,16,0,17,0,18,0,19,0,20,0,21,0,22,0,23,0,24,0,25,0,26,0,27,0,28,0,29,0,30
"PRKAG1",NA,0.153443555684548,1,0.19196804642618,2,0.158651494044804,3,0.0819385733280986,4,0.162034694801225,5,0.162034694801225,6,0.158651494044804,7,0.167628180577798,8,0.0764358747927838,9,0.153443555684548,10,0.164770478371736,11,0.0865876861551504,12,0.173485969491649,13,0.162034694801225,14,0.164770478371736,15,0.153443555684548,16,0.148240529312588,17,0.124770990381353,18,0.148240529312588,19,0.173485969491649,20,0.0865876861551504,21,0.116683663790637,22,0.153443555684548,23,0.0865876861551504,24,0.110722113711699,25,0.124770990381353,26,0.162034694801225,27,0.131786677298678,28,0.116683663790637,29,0.143061254188371,30
"CSTF1",NA,0,1,0,2,0,3,0,4,0,5,0,6,0,7,0,8,0,9,0,10,0,11,0,12,0,13,0,14,0,15,0,16,0,17,0,18,0,19,0,20,0,21,0,22,0,23,0,24,0,25,0,26,0,27,0,28,0,29,0,30
"METAP1",NA,0,1,0,2,0,3,0,4,0,5,0,6,0,7,0,8,0,9,0,10,0,11,0,12,0,13,0,14,0,15,0,16,0,17,0,18,0,19,0,20,0,21,0,22,0,23,0,24,0,25,0,26,0,27,0,28,0,29,0,30
"CLASRP",NA,0.0482952977027055,1,0.0411263465187746,2,0.0460376218120188,3,0.0811584565614206,4,0.0454715976876108,5,0.0454715976876108,6,0.0460376218120188,7,0.0446231760236407,8,0.0849053393055981,9,0.0482952977027055,10,0.0450506882321072,11,0.0775849441163552,12,0.0434153436148532,13,0.0454715976876108,14,0.0450506882321072,15,0.0482952977027055,16,0.050611245835268,17,0.0577641836013318,18,0.050611245835268,19,0.0434153436148532,20,0.0775849441163552,21,0.0585558216113158,22,0.0482952977027055,23,0.0775849441163552,24,0.0598798674679578,25,0.0577641836013318,26,0.0454715976876108,27,0.0564177154775736,28,0.0585558216113158,29,0.0529072008936436,30
"DHDDS",NA,0,1,0,2,0,3,0,4,0,5,0,6,0,7,0,8,0,9,0,10,0,11,0,12,0,13,0,14,0,15,0,16,0,17,0,18,0,19,0,20,0,21,0,22,0,23,0,24,0,25,0,26,0,27,0,28,0,29,0,30
"ELAVL1",NA,0,1,0,2,0,3,0,4,0,5,0,6,0,7,0,8,0,9,0,10,0,11,0,12,0,13,0,14,0,15,0,16,0,17,0,18,0,19,0,20,0,21,0,22,0,23,0,24,0,25,0,26,0,27,0,28,0,29,0,30
"MRPL49",NA,0,1,0,2,0,3,0,4,0,5,0,6,0,7,0,8,0,9,0,10,0,11,0,12,0,13,0,14,0,15,0,16,0,17,0,18,0,19,0,20,0,21,0,22,0,23,0,24,0,25,0,26,0,27,0,28,0,29,0,30
"FBXL12",NA,0,1,0,2,0,3,0,4,0,5,0,6,0,7,0,8,0,9,0,10,0,11,0,12,0,13,0,14,0,15,0,16,0,17,0,18,0,19,0,20,0,21,0,22,0,23,0,24,0,25,0,26,0,27,0,28,0,29,0,30
"PPP2R1A",NA,0,1,0,2,0,3,0,4,0,5,0,6,0,7,0,8,0,9,0,10,0,11,0,12,0,13,0,14,0,15,0,16,0,17,0,18,0,19,0,20,0,21,0,22,0,23,0,24,0,25,0,26,0,27,0,28,0,29,0,30
"HNRNPM",NA,0,1,0,2,0,3,0,4,0,5,0,6,0,7,0,8,0,9,0,10,0,11,0,12,0,13,0,14,0,15,0,16,0,17,0,18,0,19,0,20,0,21,0,22,0,23,0,24,0,25,0,26,0,27,0,28,0,29,0,30
"OR51A7",NA,0,1,0,2,0,3,0,4,0,5,0,6,0,7,0,8,0,9,0,10,0,11,0,12,0,13,0,14,0,15,0,16,0,17,0,18,0,19,0,20,0,21,0,22,0,23,0,24,0,25,0,26,0,27,0,28,0,29,0,30
"DLG1",NA,0,1,0,2,0,3,0,4,0,5,0,6,0,7,0,8,0,9,0,10,0,11,0,12,0,13,0,14,0,15,0,16,0,17,0,18,0,19,0,20,0,21,0,22,0,23,0,24,0,25,0,26,0,27,0,28,0,29,0,30
"YTHDF2",NA,-0.144843793067985,1,-0.184840860641437,2,-0.147017251879072,3,-0.118783626833004,4,-0.150010555187479,5,-0.150010555187479,6,-0.147017251879072,7,-0.1568048479561,8,-0.115961311894567,9,-0.144843793067985,10,-0.153350836830733,11,-0.120891916703772,12,-0.164366284204655,13,-0.150010555187479,14,-0.153350836830733,15,-0.144843793067985,16,-0.142578487534943,17,-0.133935310089976,18,-0.142578487534943,19,-0.164366284204655,20,-0.120891916703772,21,-0.131322998074079,22,-0.144843793067985,23,-0.120891916703772,24,-0.130410633327937,25,-0.133935310089976,26,-0.150010555187479,27,-0.135920759737306,28,-0.131322998074079,29,-0.140217297956095,30
"KHDRBS1",NA,0,1,0,2,0,3,0,4,0,5,0,6,0,7,0,8,0,9,0,10,0,11,0,12,0,13,0,14,0,15,0,16,0,17,0,18,0,19,0,20,0,21,0,22,0,23,0,24,0,25,0,26,0,27,0,28,0,29,0,30
"VPS11",NA,0,1,0,2,0,3,0,4,0,5,0,6,0,7,0,8,0,9,0,10,0,11,0,12,0,13,0,14,0,15,0,16,0,17,0,18,0,19,0,20,0,21,0,22,0,23,0,24,0,25,0,26,0,27,0,28,0,29,0,30
"PAICS",NA,-0.152492143522992,1,-0.267926285384117,2,-0.162257394304779,3,-0.079571875860141,4,-0.172718893420889,5,-0.172718893420889,6,-0.162257394304779,7,-0.193857425748352,8,-0.0769238949277021,9,-0.152492143522992,10,-0.183364517539916,11,-0.0816822813127533,12,-0.214706695087928,13,-0.172718893420889,14,-0.183364517539916,15,-0.152492143522992,16,-0.142743455066925,17,-0.1075153500333,18,-0.142743455066925,19,-0.214706695087928,20,-0.0816822813127533,21,-0.10123853097723,22,-0.152492143522992,23,-0.0816822813127533,24,-0.0961646377685381,25,-0.1075153500333,26,-0.172718893420889,27,-0.114845808565106,28,-0.10123853097723,29,-0.133334848988505,30
"SARS",NA,0,1,0,2,0,3,0,4,0,5,0,6,0,7,0,8,0,9,0,10,0,11,0,12,0,13,0,14,0,15,0,16,0,17,0,18,0,19,0,20,0,21,0,22,0,23,0,24,0,25,0,26,0,27,0,28,0,29,0,30
"LRRC41",NA,-0.140213871815418,1,-0.185761776298264,2,-0.14557868010108,3,-0.0512204286289966,4,-0.14929194577752,5,-0.14929194577752,6,-0.14557868010108,7,-0.156735988420017,8,-0.0455660571984021,9,-0.140213871815418,10,-0.152941454049765,11,-0.0561901553107735,12,-0.164637670471864,13,-0.14929194577752,14,-0.152941454049765,15,-0.140213871815418,16,-0.13466984657754,17,-0.105282738512977,18,-0.13466984657754,19,-0.164637670471864,20,-0.0561901553107735,21,-0.097471667566161,22,-0.140213871815418,23,-0.0561901553107735,24,-0.0923793027109915,25,-0.105282738512977,26,-0.14929194577752,27,-0.113166951120325,28,-0.097471667566161,29,-0.128249213839659,30
"MED1",NA,0,1,0,2,0,3,0,4,0,5,0,6,0,7,0,8,0,9,0,10,0,11,0,12,0,13,0,14,0,15,0,16,0,17,0,18,0,19,0,20,0,21,0,22,0,23,0,24,0,25,0,26,0,27,0,28,0,29,0,30
"GGNBP2",NA,0,1,-0.0233013241592333,2,0,3,0,4,0,5,0,6,0,7,-0.000799557721976881,8,0,9,0,10,0,11,0,12,-0.0081654123157517,13,0,14,0,15,0,16,0,17,0,18,0,19,-0.0081654123157517,20,0,21,0,22,0,23,0,24,0,25,0,26,0,27,0,28,0,29,0,30
"COPS6",NA,0,1,0,2,0,3,0,4,0,5,0,6,0,7,0,8,0,9,0,10,0,11,0,12,0,13,0,14,0,15,0,16,0,17,0,18,0,19,0,20,0,21,0,22,0,23,0,24,0,25,0,26,0,27,0,28,0,29,0,30
"SMPX",NA,0,1,0,2,0,3,0,4,0,5,0,6,0,7,0,8,0,9,0,10,0,11,0,12,0,13,0,14,0,15,0,16,0,17,0,18,0,19,0,20,0,21,0,22,0,23,0,24,0,25,0,26,0,27,0,28,0,29,0,30
"ACBD3",NA,0,1,0,2,0,3,0,4,0,5,0,6,0,7,0,8,0,9,0,10,0,11,0,12,0,13,0,14,0,15,0,16,0,17,0,18,0,19,0,20,0,21,0,22,0,23,0,24,0,25,0,26,0,27,0,28,0,29,0,30
"AAR2",NA,0,1,0,2,0,3,0,4,0,5,0,6,0,7,0,8,0,9,0,10,0,11,0,12,0,13,0,14,0,15,0,16,0,17,0,18,0,19,0,20,0,21,0,22,0,23,0,24,0,25,0,26,0,27,0,28,0,29,0,30
"AQR",NA,0,1,0,2,0,3,0,4,0,5,0,6,0,7,0,8,0,9,0,10,0,11,0,12,0,13,0,14,0,15,0,16,0,17,0,18,0,19,0,20,0,21,0,22,0,23,0,24,0,25,0,26,0,27,0,28,0,29,0,30
"GMEB1",NA,0,1,0,2,0,3,0,4,0,5,0,6,0,7,0,8,0,9,0,10,0,11,0,12,0,13,0,14,0,15,0,16,0,17,0,18,0,19,0,20,0,21,0,22,0,23,0,24,0,25,0,26,0,27,0,28,0,29,0,30
"PPIB",NA,0,1,0,2,0,3,0,4,0,5,0,6,0,7,0,8,0,9,0,10,0,11,0,12,0,13,0,14,0,15,0,16,0,17,0,18,0,19,0,20,0,21,0,22,0,23,0,24,0,25,0,26,0,27,0,28,0,29,0,30
"GOLGA7",NA,0.304854672814417,1,0.408911983685805,2,0.314194956421892,3,0.168904761154609,4,0.323899817999354,5,0.323899817999354,6,0.314194956421892,7,0.342866101789611,8,0.158839629197858,9,0.304854672814417,10,0.333356451268534,11,0.178592108013799,12,0.362142748317133,13,0.323899817999354,14,0.333356451268534,15,0.304854672814417,16,0.295440268934917,17,0.255399851084089,18,0.295440268934917,19,0.362142748317133,20,0.178592108013799,21,0.244329683264786,22,0.304854672814417,23,0.178592108013799,24,0.235530590065351,25,0.255399851084089,26,0.323899817999354,27,0.265689884770439,28,0.244329683264786,29,0.285793625822391,30
"G3BP2",NA,0,1,0,2,0,3,0,4,0,5,0,6,0,7,0,8,0,9,0,10,0,11,0,12,0,13,0,14,0,15,0,16,0,17,0,18,0,19,0,20,0,21,0,22,0,23,0,24,0,25,0,26,0,27,0,28,0,29,0,30
"TERF2",NA,0,1,0,2,0,3,0,4,0,5,0,6,0,7,0,8,0,9,0,10,0,11,0,12,0,13,0,14,0,15,0,16,0,17,0,18,0,19,0,20,0,21,0,22,0,23,0,24,0,25,0,26,0,27,0,28,0,29,0,30
"MIR3117",NA,0.129765006226139,1,0.193185329330452,2,0.135962903777085,3,0.0729648760225489,4,0.142246682179293,5,0.142246682179293,6,0.135962903777085,7,0.154025111408579,8,0.0705723401719791,9,0.129765006226139,10,0.148209186061743,11,0.0749751319086502,12,0.165374577457798,13,0.142246682179293,14,0.148209186061743,15,0.129765006226139,16,0.123475246499361,17,0.0996217310255891,18,0.123475246499361,19,0.165374577457798,20,0.0749751319086502,21,0.0947335543036849,22,0.129765006226139,23,0.0749751319086502,24,0.0900445155783912,25,0.0996217310255891,26,0.142246682179293,27,0.105644752716764,28,0.0947335543036849,29,0.117292110418997,30
"GLYR1",NA,-0.316612991705887,1,-0.411185800521475,2,-0.326736566572828,3,-0.196972016607791,4,-0.335932989304141,5,-0.335932989304141,6,-0.326736566572828,7,-0.353669661673626,8,-0.188556238533312,9,-0.316612991705887,10,-0.344746254634007,11,-0.20586717301724,12,-0.370544412757975,13,-0.335932989304141,14,-0.344746254634007,15,-0.316612991705887,16,-0.306449582966024,17,-0.270396193324759,18,-0.306449582966024,19,-0.370544412757975,20,-0.20586717301724,21,-0.262825630032202,22,-0.316612991705887,23,-0.20586717301724,24,-0.256682231525634,25,-0.270396193324759,26,-0.335932989304141,27,-0.277741070918754,28,-0.262825630032202,29,-0.296084961635669,30
"MED13",NA,0,1,0,2,0,3,0,4,0,5,0,6,0,7,0,8,0,9,0,10,0,11,0,12,0,13,0,14,0,15,0,16,0,17,0,18,0,19,0,20,0,21,0,22,0,23,0,24,0,25,0,26,0,27,0,28,0,29,0,30
