"","pred_elastic","y.test","s0","kcross","y.test","s0","kcross","y.test","s0","kcross","y.test","s0","kcross","y.test","s0","kcross","y.test","s0","kcross","y.test","s0","kcross","y.test","s0","kcross","y.test","s0","kcross","y.test","s0","kcross","y.test","s0","kcross","y.test","s0","kcross","y.test","s0","kcross","y.test","s0","kcross","y.test","s0","kcross","y.test","s0","kcross","y.test","s0","kcross","y.test","s0","kcross","y.test","s0","kcross","y.test","s0","kcross","y.test","s0","kcross","y.test","s0","kcross","y.test","s0","kcross","y.test","s0","kcross","y.test","s0","kcross","y.test","s0","kcross","y.test","s0","kcross","y.test","s0","kcross","y.test","s0","kcross","y.test","s0","kcross"
"GSM1437801",NA,0,0.28042976026629,1,0,0.368041434774597,2,0,0.287377341383611,3,0,0.280672306256752,4,0,0.294018297024873,5,0,0.294018297024873,6,0,0.287377341383611,7,0,0.306752166154577,8,0,0.281365836322379,9,0,0.28042976026629,10,0,0.300400943991017,11,0,0.273871266269288,12,0,0.320257845451003,13,0,0.294018297024873,14,0,0.300400943991017,15,0,0.28042976026629,16,0,0.273096040576604,17,0,0.238748702655139,18,0,0.273096040576604,19,0,0.320257845451003,20,0,0.273871266269288,21,0,0.234340478759905,22,0,0.28042976026629,23,0,0.273871266269288,24,0,0.234073093107926,25,0,0.238748702655139,26,0,0.294018297024873,27,0,0.24618276726666,28,0,0.234340478759905,29,0,0.26360750880309,30
"GSM1437802",NA,0,0.160659482981655,1,0,0.225709073391123,2,0,0.164022726075395,3,0,0.180483352256221,4,0,0.17003403773025,5,0,0.17003403773025,6,0,0.164022726075395,7,0,0.182327771462167,8,0,0.183326150908762,9,0,0.160659482981655,10,0,0.176256268235228,11,0,0.175535273098527,12,0,0.194654555278671,13,0,0.17003403773025,14,0,0.176256268235228,15,0,0.160659482981655,16,0,0.15735081796558,17,0,0.147572773392382,18,0,0.15735081796558,19,0,0.194654555278671,20,0,0.175535273098527,21,0,0.146200679785428,22,0,0.160659482981655,23,0,0.175535273098527,24,0,0.146636208133053,25,0,0.147572773392382,26,0,0.17003403773025,27,0,0.149977439125002,28,0,0.146200679785428,29,0,0.154926342673725,30
"GSM1437803",NA,0,0.0247344011029006,1,0,0.0109982391761391,2,0,0.0229797078577615,3,0,0.0732537850479347,4,0,0.0214829113115922,5,0,0.0214829113115922,6,0,0.0229797078577615,7,0,0.0186867338287958,8,0,0.0789379372390833,9,0,0.0247344011029006,10,0,0.0200736774538046,11,0,0.0681241724699487,12,0,0.0159933185547861,13,0,0.0214829113115922,14,0,0.0200736774538046,15,0,0.0247344011029006,16,0,0.0266180401210911,17,0,0.036833573534156,18,0,0.0266180401210911,19,0,0.0159933185547861,20,0,0.0681241724699487,21,0,0.0399566609134757,22,0,0.0247344011029006,23,0,0.0681241724699487,24,0,0.0428997387941537,25,0,0.036833573534156,26,0,0.0214829113115922,27,0,0.0338513246263971,28,0,0.0399566609134757,29,0,0.028873553267488,30
"GSM1437805",NA,0,0.550312373400228,1,0,0.668354053563618,2,0,0.558540152312454,3,0,0.441138625569662,4,0,0.568481669798328,5,0,0.568481669798328,6,0,0.558540152312454,7,0,0.587470968834392,8,0,0.432099253165783,9,0,0.550312373400228,10,0,0.578046519437539,11,0,0.449332756924312,12,0,0.60713737123752,13,0,0.568481669798328,14,0,0.578046519437539,15,0,0.550312373400228,16,0,0.542271415464923,17,0,0.504662578175352,18,0,0.542271415464923,19,0,0.60713737123752,20,0,0.449332756924312,21,0,0.499514866479945,22,0,0.550312373400228,23,0,0.449332756924312,24,0,0.494691577205535,25,0,0.504662578175352,26,0,0.568481669798328,27,0,0.513501322243545,28,0,0.499514866479945,29,0,0.534012128678312,30
"GSM1437806",NA,0,0.458503656718095,1,0,0.458691088857204,2,0,0.455570885450508,3,0,0.465182567823899,4,0,0.455947281165073,5,0,0.455947281165073,6,0,0.455570885450508,7,0,0.45616270811807,8,0,0.459160825528841,9,0,0.458503656718095,10,0,0.456019850281407,11,0,0.469413829732294,12,0,0.457217163197916,13,0,0.455947281165073,14,0,0.456019850281407,15,0,0.458503656718095,16,0,0.461634028011786,17,0,0.472928818953542,18,0,0.461634028011786,19,0,0.457217163197916,20,0,0.469413829732294,21,0,0.475664548623076,22,0,0.458503656718095,23,0,0.469413829732294,24,0,0.478114595311056,25,0,0.472928818953542,26,0,0.455947281165073,27,0,0.470705795321352,28,0,0.475664548623076,29,0,0.465699828598867,30
"GSM1437808",NA,0,0.0576966731807564,1,0,0.0145023187408743,2,0,0.0521294123556611,3,0,0.16590796987062,4,0,0.0463136412311584,5,0,0.0463136412311584,6,0,0.0521294123556611,7,0,0.0363660867543102,8,0,0.177814063486509,9,0,0.0576966731807564,10,0,0.0410492338786919,11,0,0.155417971253201,12,0,0.0282631410508927,13,0,0.0463136412311584,14,0,0.0410492338786919,15,0,0.0576966731807564,16,0,0.0637100771207453,17,0,0.0894629922905391,18,0,0.0637100771207453,19,0,0.0282631410508927,20,0,0.155417971253201,21,0,0.0961314474457426,22,0,0.0576966731807564,23,0,0.155417971253201,24,0,0.103895084310721,25,0,0.0894629922905391,26,0,0.0463136412311584,27,0,0.0823072046231684,28,0,0.0961314474457426,29,0,0.0696605139483268,30
"GSM1437810",NA,1,0.788792976395433,1,1,0.872124690961084,2,1,0.80115298259841,3,1,0.545140586388348,4,1,0.809456779756555,5,1,0.809456779756555,6,1,0.80115298259841,7,1,0.824048273119421,8,1,0.523221186881647,9,1,0.788792976395433,10,1,0.816831688220229,11,1,0.565477956842285,12,1,0.838363503448281,13,1,0.809456779756555,14,1,0.816831688220229,15,1,0.788792976395433,16,1,0.775644368475,17,1,0.709753630951521,18,1,0.775644368475,19,1,0.838363503448281,20,1,0.565477956842285,21,1,0.691472230767497,22,1,0.788792976395433,23,1,0.565477956842285,24,1,0.676776818383947,25,1,0.709753630951521,26,1,0.809456779756555,27,1,0.728608742760859,28,1,0.691472230767497,29,1,0.761434006229408,30
"GSM1437816",NA,0,0.0719983742739738,1,0,0.0379841319478804,2,0,0.0680641762989759,3,0,0.134614162717772,4,0,0.0645529238732658,5,0,0.0645529238732658,6,0,0.0680641762989759,7,0,0.0573335346184462,8,0,0.140604031088427,9,0,0.0719983742739738,10,0,0.0609171718879672,11,0,0.128889168640643,12,0,0.0508621185771736,13,0,0.0645529238732658,14,0,0.0609171718879672,15,0,0.0719983742739738,16,0,0.0762072357844135,17,0,0.0936982803362654,18,0,0.0762072357844135,19,0,0.0508621185771736,20,0,0.128889168640643,21,0,0.0969838075526158,22,0,0.0719983742739738,23,0,0.128889168640643,24,0,0.0992077957529486,25,0,0.0936982803362654,26,0,0.0645529238732658,27,0,0.0903122136622413,28,0,0.0969838075526158,29,0,0.0808444074142828,30
"GSM1437817",NA,0,0.308777864179332,1,0,0.291966417733308,2,0,0.310414800214238,3,0,0.321715127457251,4,0,0.309850418252207,5,0,0.309850418252207,6,0,0.310414800214238,7,0,0.308726426293791,8,0,0.322780997196693,9,0,0.308777864179332,10,0,0.309356101796514,11,0,0.316496198742109,12,0,0.306316838584749,13,0,0.309850418252207,14,0,0.309356101796514,15,0,0.308777864179332,16,0,0.306576201136099,17,0,0.294093357123008,18,0,0.306576201136099,19,0,0.306316838584749,20,0,0.316496198742109,21,0,0.295194975485974,22,0,0.308777864179332,23,0,0.316496198742109,24,0,0.298610330598542,25,0,0.294093357123008,26,0,0.309850418252207,27,0,0.294412065990898,28,0,0.295194975485974,29,0,0.303984754933609,30
"GSM1437819",NA,0,0.33672036147107,1,0,0.269669639780195,2,0,0.332219128818508,3,0,0.331722160019411,4,0,0.3258369942881,5,0,0.3258369942881,6,0,0.332219128818508,7,0,0.312100789042571,8,0,0.323199979542764,9,0,0.33672036147107,10,0,0.318874148709468,11,0,0.338928467564281,12,0,0.299766584222881,13,0,0.3258369942881,14,0,0.318874148709468,15,0,0.33672036147107,16,0,0.341855404183104,17,0,0.362422386913597,18,0,0.341855404183104,19,0,0.299766584222881,20,0,0.338928467564281,21,0,0.3672252199016,22,0,0.33672036147107,23,0,0.338928467564281,24,0,0.372614366866254,25,0,0.362422386913597,26,0,0.3258369942881,27,0,0.358462391456631,28,0,0.3672252199016,29,0,0.348307818203935,30
"GSM1437820",NA,0,0.137158797868702,1,0,0.104445678814872,2,0,0.133716207720083,3,0,0.182976345364438,4,0,0.130513701460485,5,0,0.130513701460485,6,0,0.133716207720083,7,0,0.123746684797944,8,0,0.184569381836615,9,0,0.137158797868702,10,0,0.127185614671397,11,0,0.180307693059139,12,0,0.117087070943237,13,0,0.130513701460485,14,0,0.127185614671397,15,0,0.137158797868702,16,0,0.140876661808069,17,0,0.157224214761662,18,0,0.140876661808069,19,0,0.117087070943237,20,0,0.180307693059139,21,0,0.164279463713548,22,0,0.137158797868702,23,0,0.180307693059139,24,0,0.167802760900615,25,0,0.157224214761662,26,0,0.130513701460485,27,0,0.151086863041355,28,0,0.164279463713548,29,0,0.144628483774141,30
"GSM1437824",NA,0,0.0975011338534091,1,0,0.036579167778875,2,0,0.0902937673341631,3,0,0.209517543280549,4,0,0.0827491202625966,5,0,0.0827491202625966,6,0,0.0902937673341631,7,0,0.0694232195109446,8,0,0.219474050667233,9,0,0.0975011338534091,10,0,0.0757548055754502,11,0,0.198466354970969,12,0,0.0582280693830405,13,0,0.0827491202625966,14,0,0.0757548055754502,15,0,0.0975011338534091,16,0,0.10479809118941,17,0,0.129136748284002,18,0,0.10479809118941,19,0,0.0582280693830405,20,0,0.198466354970969,21,0,0.134410751876553,22,0,0.0975011338534091,23,0,0.198466354970969,24,0,0.141574534598085,25,0,0.129136748284002,26,0,0.0827491202625966,27,0,0.122748747437053,28,0,0.134410751876553,29,0,0.111109936800521,30
"GSM1437828",NA,0,0.0126985859511399,1,0,0.00585601032554668,2,0,0.0119385067040107,3,0,0.045924578018566,4,0,0.0111707502436083,5,0,0.0111707502436083,6,0,0.0119385067040107,7,0,0.00980861364579826,8,0,0.0510640903588114,9,0,0.0126985859511399,10,0,0.0104776746749238,11,0,0.0414050148592873,12,0,0.00861258084637796,13,0,0.0111707502436083,14,0,0.0104776746749238,15,0,0.0126985859511399,16,0,0.0134679799221051,17,0,0.0179422115177901,18,0,0.0134679799221051,19,0,0.00861258084637796,20,0,0.0414050148592873,21,0,0.0196672627963106,22,0,0.0126985859511399,23,0,0.0414050148592873,24,0,0.0217420889145493,25,0,0.0179422115177901,26,0,0.0111707502436083,27,0,0.0165972469800522,28,0,0.0196672627963106,29,0,0.0143116633373409,30
"GSM1437836",NA,0,0.0127514444227926,1,0,0.00231947909838194,2,0,0.0112663020647933,3,0,0.0540967833879433,4,0,0.00971782442400884,5,0,0.00971782442400884,6,0,0.0112663020647933,7,0,0.00712369303218679,8,0,0.0588425415438994,9,0,0.0127514444227926,10,0,0.00832563887239789,11,0,0.0495892393418984,12,0,0.00517224302589691,13,0,0.00971782442400884,14,0,0.00832563887239789,15,0,0.0127514444227926,16,0,0.014403996659676,17,0,0.0221575524969488,18,0,0.014403996659676,19,0,0.00517224302589691,20,0,0.0495892393418984,21,0,0.0241669324669204,22,0,0.0127514444227926,23,0,0.0495892393418984,24,0,0.0266919395770842,25,0,0.0221575524969488,26,0,0.00971782442400884,27,0,0.0202184830159324,28,0,0.0241669324669204,29,0,0.0162273793598936,30
"GSM1437844",NA,1,0.209558325194718,1,1,0.214230239471239,2,1,0.210111791166901,3,1,0.176961929435754,4,1,0.211427009515623,5,1,0.211427009515623,6,1,0.210111791166901,7,1,0.213666345203947,8,1,0.178437827964379,9,1,0.209558325194718,10,1,0.212521458411473,11,1,0.176789891762949,12,1,0.215196626555453,13,1,0.211427009515623,14,1,0.212521458411473,15,1,0.209558325194718,16,1,0.208646704820895,17,1,0.194797982352109,18,1,0.208646704820895,19,1,0.215196626555453,20,1,0.176789891762949,21,1,0.188209026909389,22,1,0.209558325194718,23,1,0.176789891762949,24,1,0.18514855990957,25,1,0.194797982352109,26,1,0.211427009515623,27,1,0.199844026726871,28,1,0.188209026909389,29,1,0.206870932677979,30
"GSM1437854",NA,0,0.010168983761432,1,0,0.00395584906248528,2,0,0.00930034974397741,3,0,0.0381961633056731,4,0,0.00858075642538332,5,0,0.00858075642538332,6,0,0.00930034974397741,7,0,0.00728450016246454,8,0,0.0422743499540512,9,0,0.010168983761432,10,0,0.00791554801100886,11,0,0.0346890167827017,12,0,0.00613069674723981,13,0,0.00858075642538332,14,0,0.00791554801100886,15,0,0.010168983761432,16,0,0.0111090519643829,17,0,0.0161934195961775,18,0,0.0111090519643829,19,0,0.00613069674723981,20,0,0.0346890167827017,21,0,0.017855897330375,22,0,0.010168983761432,23,0,0.0346890167827017,24,0,0.0194654035135009,25,0,0.0161934195961775,26,0,0.00858075642538332,27,0,0.0146889956363303,28,0,0.017855897330375,29,0,0.0121731059909875,30
"GSM1437855",NA,0,0.0550847934403123,1,0,0.0153357544968667,2,0,0.0490631585379988,3,0,0.169882885794955,4,0,0.0438287586657742,5,0,0.0438287586657742,6,0,0.0490631585379988,7,0,0.0348107281721251,8,0,0.178596124809964,9,0,0.0550847934403123,10,0,0.0391044848296189,11,0,0.161061360523444,12,0,0.0275653961329223,13,0,0.0438287586657742,14,0,0.0391044848296189,15,0,0.0550847934403123,16,0,0.061579146640054,17,0,0.0932662037683859,18,0,0.061579146640054,19,0,0.0275653961329223,20,0,0.161061360523444,21,0,0.101960729595213,22,0,0.0550847934403123,23,0,0.161061360523444,24,0,0.108824875355998,25,0,0.0932662037683859,26,0,0.0438287586657742,27,0,0.0848891145537714,28,0,0.101960729595213,29,0,0.0685944506512336,30
"GSM1437856",NA,1,0.271248238789561,1,1,0.364702570992098,2,1,0.281303585159136,3,1,0.190238518291226,4,1,0.29021858327959,5,1,0.29021858327959,6,1,0.281303585159136,7,1,0.307465055709558,8,1,0.187293526558446,9,1,0.271248238789561,10,1,0.298820060462251,11,1,0.19347770364194,12,1,0.32489381868358,13,1,0.29021858327959,14,1,0.298820060462251,15,1,0.271248238789561,16,1,0.261583313270655,17,1,0.230964571442593,18,1,0.261583313270655,19,1,0.32489381868358,20,1,0.19347770364194,21,1,0.222578808127463,22,1,0.271248238789561,23,1,0.19347770364194,24,1,0.217725384239656,25,1,0.230964571442593,26,1,0.29021858327959,27,1,0.239387859943111,28,1,0.222578808127463,29,1,0.25396673270158,30
"GSM1437861",NA,1,0.934317881948813,1,1,0.97234038694936,2,1,0.937284109554433,3,1,0.820778214362093,4,1,0.94145314537707,5,1,0.94145314537707,6,1,0.937284109554433,7,1,0.949582466329576,8,1,0.800737415820102,9,1,0.934317881948813,10,1,0.945682321393469,11,1,0.838918564791453,12,1,0.956646512651455,13,1,0.94145314537707,14,1,0.945682321393469,15,1,0.934317881948813,16,1,0.931274542026829,17,1,0.920094267093056,18,1,0.931274542026829,19,1,0.956646512651455,20,1,0.838918564791453,21,1,0.917326827528204,22,1,0.934317881948813,23,1,0.838918564791453,24,1,0.911902693529519,25,1,0.920094267093056,26,1,0.94145314537707,27,1,0.922422817056355,28,1,0.917326827528204,29,1,0.928287445833367,30
"GSM1437862",NA,0,0.0847983808077397,1,0,0.0784858277206523,2,0,0.0843433415943113,3,0,0.113898759364745,4,0,0.0840793874379727,5,0,0.0840793874379727,6,0,0.0843433415943113,7,0,0.0834233275543502,8,0,0.117035370533484,9,0,0.0847983808077397,10,0,0.0838089218251623,11,0,0.110013005132016,12,0,0.0821513063307403,13,0,0.0840793874379727,14,0,0.0838089218251623,15,0,0.0847983808077397,16,0,0.0852934612410427,17,0,0.0869437867702789,18,0,0.0852934612410427,19,0,0.0821513063307403,20,0,0.110013005132016,21,0,0.0861695773932012,22,0,0.0847983808077397,23,0,0.110013005132016,24,0,0.0884482622765628,25,0,0.0869437867702789,26,0,0.0840793874379727,27,0,0.0871442074896124,28,0,0.0861695773932012,29,0,0.0862002125095943,30
"GSM1437873",NA,0,0.356290454792686,1,0,0.400160589909269,2,0,0.360781169108531,3,0,0.320689595962372,4,0,0.365069813074223,5,0,0.365069813074223,6,0,0.360781169108531,7,0,0.372574830852537,8,0,0.318075743082676,9,0,0.356290454792686,10,0,0.368963453395945,11,0,0.323022138677293,12,0,0.379690798293651,13,0,0.365069813074223,14,0,0.368963453395945,15,0,0.356290454792686,16,0,0.350969253769753,17,0,0.325097744288929,18,0,0.350969253769753,19,0,0.379690798293651,20,0,0.323022138677293,21,0,0.321805105284699,22,0,0.356290454792686,23,0,0.323022138677293,24,0,0.321152785533977,25,0,0.325097744288929,26,0,0.365069813074223,27,0,0.331093148192762,28,0,0.321805105284699,29,0,0.34455638257435,30
"GSM1437874",NA,0,0.0109877578658068,1,0,0.00284085223119233,2,0,0.0098329797727906,3,0,0.0488065064433229,4,0,0.0086990571510717,5,0,0.0086990571510717,6,0,0.0098329797727906,7,0,0.00674117102957595,8,0,0.0545160502460266,9,0,0.0109877578658068,10,0,0.00765693898446282,11,0,0.0436021803444244,12,0,0.00526595239881593,13,0,0.0086990571510717,14,0,0.00765693898446282,15,0,0.0109877578658068,16,0,0.0122552548459506,17,0,0.0186593788175747,18,0,0.0122552548459506,19,0,0.00526595239881593,20,0,0.0436021803444244,21,0,0.020623399089875,22,0,0.0109877578658068,23,0,0.0436021803444244,24,0,0.0227233909802095,25,0,0.0186593788175747,26,0,0.0086990571510717,27,0,0.0168283946383333,28,0,0.020623399089875,29,0,0.0136440413748636,30
"GSM1437876",NA,0,0.0626253226012602,1,0,0.039396454600907,2,0,0.0609297057126492,3,0,0.138173443424583,4,0,0.0585417509071529,5,0,0.0585417509071529,6,0,0.0609297057126492,7,0,0.0535299975204555,8,0,0.144090333213262,9,0,0.0626253226012602,10,0,0.0560286939815198,11,0,0.130600230149136,12,0,0.0486379379883577,13,0,0.0585417509071529,14,0,0.0560286939815198,15,0,0.0626253226012602,16,0,0.0643288761139227,17,0,0.077393300040883,18,0,0.0643288761139227,19,0,0.0486379379883577,20,0,0.130600230149136,21,0,0.0828506301404976,22,0,0.0626253226012602,23,0,0.130600230149136,24,0,0.0885003452900539,25,0,0.077393300040883,26,0,0.0585417509071529,27,0,0.0728665493735378,28,0,0.0828506301404976,29,0,0.0664670485186413,30
"GSM1437885",NA,1,0.878651391505276,1,1,0.933196264529774,2,1,0.882589700847464,3,1,0.755293130378772,4,1,0.888540305387326,5,1,0.888540305387326,6,1,0.882589700847464,7,1,0.900035314830424,8,1,0.738890392023739,9,1,0.878651391505276,10,1,0.894659212399534,11,1,0.771759253558014,12,1,0.909815659593899,13,1,0.888540305387326,14,1,0.894659212399534,15,1,0.878651391505276,16,1,0.874991179253023,17,1,0.866433220782141,18,1,0.874991179253023,19,1,0.909815659593899,20,1,0.771759253558014,21,1,0.866682762945349,22,1,0.878651391505276,23,1,0.771759253558014,24,1,0.857596765937547,25,1,0.866433220782141,26,1,0.888540305387326,27,1,0.867115133790501,28,1,0.866682762945349,29,1,0.872368669867731,30
"GSM1437898",NA,1,0.552901057114221,1,1,0.571247450619961,2,1,0.557014562937958,3,1,0.437016228381203,4,1,0.560959562562334,5,1,0.560959562562334,6,1,0.557014562937958,7,1,0.566526308184053,8,1,0.428057188908315,9,1,0.552901057114221,10,1,0.563816490232719,11,1,0.446209085465922,12,1,0.570086715563383,13,1,0.560959562562334,14,1,0.563816490232719,15,1,0.552901057114221,16,1,0.548081683347766,17,1,0.519301579877884,18,1,0.548081683347766,19,1,0.570086715563383,20,1,0.446209085465922,21,1,0.509545249171569,22,1,0.552901057114221,23,1,0.446209085465922,24,1,0.499096038380251,25,1,0.519301579877884,26,1,0.560959562562334,27,1,0.525743673189813,28,1,0.509545249171569,29,1,0.541323570035062,30
"GSM1437900",NA,0,0.0111557295905597,1,0,0.00256487374178948,2,0,0.00980896363345363,3,0,0.0513780034941522,4,0,0.00854290943848058,5,0,0.00854290943848058,6,0,0.00980896363345363,7,0,0.00642104399441333,8,0,0.0561127892299569,9,0,0.0111557295905597,10,0,0.0074137375419002,11,0,0.0469299425884802,12,0,0.00483211149341442,13,0,0.00854290943848058,14,0,0.0074137375419002,15,0,0.0111557295905597,16,0,0.0126601084511665,17,0,0.0216006953599829,18,0,0.0126601084511665,19,0,0.00483211149341442,20,0,0.0469299425884802,21,0,0.0246656864288458,22,0,0.0111557295905597,23,0,0.0469299425884802,24,0,0.0271464581530256,25,0,0.0216006953599829,26,0,0.00854290943848058,27,0,0.0186827702834906,28,0,0.0246656864288458,29,0,0.0143434980887692,30
"GSM1437905",NA,0,0.0317290572520922,1,0,0.010657212092944,2,0,0.0290097184499265,3,0,0.087375913581311,4,0,0.0263846543794623,5,0,0.0263846543794623,6,0,0.0290097184499265,7,0,0.021560182761085,8,0,0.0930440839853167,9,0,0.0317290572520922,10,0,0.0238563238247945,11,0,0.082136168629955,12,0,0.0176702925358969,13,0,0.0263846543794623,14,0,0.0238563238247945,15,0,0.0317290572520922,16,0,0.0347331327490318,17,0,0.0482045762865136,18,0,0.0347331327490318,19,0,0.0176702925358969,20,0,0.082136168629955,21,0,0.0522735579923551,22,0,0.0317290572520922,23,0,0.082136168629955,24,0,0.055377153623387,25,0,0.0482045762865136,26,0,0.0263846543794623,27,0,0.0445007517451247,28,0,0.0522735579923551,29,0,0.0378935303982578,30
"GSM1437906",NA,0,0.00359105945034825,1,0,0.000613578247049111,2,0,0.00310272818990227,3,0,0.0283351186094555,4,0,0.00267137379968685,5,0,0.00267137379968685,6,0,0.00310272818990227,7,0,0.00196973414944524,8,0,0.0327465796583879,9,0,0.00359105945034825,10,0,0.00229471780007163,11,0,0.0244214774525142,12,0,0.00144098961295532,13,0,0.00267137379968685,14,0,0.00229471780007163,15,0,0.00359105945034825,16,0,0.00415964394536995,17,0,0.00736378519462417,18,0,0.00415964394536995,19,0,0.00144098961295532,20,0,0.0244214774525142,21,0,0.00829373761996973,22,0,0.00359105945034825,23,0,0.0244214774525142,24,0,0.00945521267327247,25,0,0.00736378519462417,26,0,0.00267137379968685,27,0,0.0063995265699956,28,0,0.00829373761996973,29,0,0.00481104951792714,30
"GSM1437911",NA,0,0.228705742358436,1,0,0.242503522885036,2,0,0.228850398157698,3,0,0.266972324017284,4,0,0.231209852505585,5,0,0.231209852505585,6,0,0.228850398157698,7,0,0.236075321326216,8,0,0.270469300780623,9,0,0.228705742358436,10,0,0.233672663623986,11,0,0.263234154323484,12,0,0.24029527379915,13,0,0.231209852505585,14,0,0.233672663623986,15,0,0.228705742358436,16,0,0.228678350616287,17,0,0.23377804572464,18,0,0.228678350616287,19,0,0.24029527379915,20,0,0.263234154323484,21,0,0.236021575114196,22,0,0.228705742358436,23,0,0.263234154323484,24,0,0.240246742355937,25,0,0.23377804572464,26,0,0.231209852505585,27,0,0.232347953463274,28,0,0.236021575114196,29,0,0.229187200940357,30
"GSM1437912",NA,0,0.140489961385004,1,0,0.0791129625798726,2,0,0.134699091289886,3,0,0.241498428037891,4,0,0.12797927797492,5,0,0.12797927797492,6,0,0.134699091289886,7,0,0.115629793657796,8,0,0.247565787193686,9,0,0.140489961385004,10,0,0.121602648106743,11,0,0.23517757684219,12,0,0.104345406067195,13,0,0.12797927797492,14,0,0.121602648106743,15,0,0.140489961385004,16,0,0.14643556491271,17,0,0.179671246046955,18,0,0.14643556491271,19,0,0.104345406067195,20,0,0.23517757684219,21,0,0.19110995207674,22,0,0.140489961385004,23,0,0.23517757684219,24,0,0.199591186484153,25,0,0.179671246046955,26,0,0.12797927797492,27,0,0.16897547049465,28,0,0.19110995207674,29,0,0.152944676104426,30
"GSM1437917",NA,0,0.010438818397387,1,0,0.00486153968696767,2,0,0.00971656078556637,3,0,0.0360055141966057,4,0,0.00910499571659243,5,0,0.00910499571659243,6,0,0.00971656078556637,7,0,0.00804801140744116,8,0,0.0395570199376435,9,0,0.010438818397387,10,0,0.00856601425308369,11,0,0.0329436873521419,12,0,0.00702051914215942,13,0,0.00910499571659243,14,0,0.00856601425308369,15,0,0.010438818397387,16,0,0.0111877924193184,17,0,0.0148233180614038,18,0,0.0111877924193184,19,0,0.00702051914215942,20,0,0.0329436873521419,21,0,0.0160259904325863,22,0,0.010438818397387,23,0,0.0329436873521419,24,0,0.0179410206449216,25,0,0.0148233180614038,26,0,0.00910499571659243,27,0,0.0137529143146034,28,0,0.0160259904325863,29,0,0.0120160016864584,30
"GSM1437920",NA,0,0.107112149097798,1,0,0.0702831572819619,2,0,0.103708588120599,3,0,0.175256814924899,4,0,0.100597121036539,5,0,0.100597121036539,6,0,0.103708588120599,7,0,0.0939123459711657,8,0,0.180915841988186,9,0,0.107112149097798,10,0,0.0972527443869305,11,0,0.168154664647992,12,0,0.0870924455509611,13,0,0.100597121036539,14,0,0.0972527443869305,15,0,0.107112149097798,16,0,0.110816529299306,17,0,0.127583478349874,18,0,0.110816529299306,19,0,0.0870924455509611,20,0,0.168154664647992,21,0,0.131620516100375,22,0,0.107112149097798,23,0,0.168154664647992,24,0,0.135049443342615,25,0,0.127583478349874,26,0,0.100597121036539,27,0,0.12287303182858,28,0,0.131620516100375,29,0,0.114807322788762,30
"GSM1437921",NA,1,0.809907217577095,1,1,0.879478821294465,2,1,0.817462900836505,3,1,0.639623927776327,4,1,0.824763171922026,5,1,0.824763171922026,6,1,0.817462900836505,7,1,0.83894627317347,8,1,0.617447593210331,9,1,0.809907217577095,10,1,0.832024817006247,11,1,0.660732992647738,12,1,0.851777887781487,13,1,0.824763171922026,14,1,0.832024817006247,15,1,0.809907217577095,16,1,0.802680614781759,17,1,0.772977716632661,18,1,0.802680614781759,19,1,0.851777887781487,20,1,0.660732992647738,21,1,0.767928606494634,22,1,0.809907217577095,23,1,0.660732992647738,24,1,0.762956402886193,25,1,0.772977716632661,26,1,0.824763171922026,27,1,0.780309686727609,28,1,0.767928606494634,29,1,0.796491036437863,30
"GSM1437922",NA,0,0.108196420911183,1,0,0.0696492311934919,2,0,0.104496551262042,3,0,0.14924708628419,4,0,0.100532650156896,5,0,0.100532650156896,6,0,0.104496551262042,7,0,0.092753859568589,8,0,0.152263403520333,9,0,0.108196420911183,10,0,0.0966520217355234,11,0,0.146406737993032,12,0,0.0852391800666435,13,0,0.100532650156896,14,0,0.0966520217355234,15,0,0.108196420911183,16,0,0.111690363439236,17,0,0.123376515266988,18,0,0.111690363439236,19,0,0.0852391800666435,20,0,0.146406737993032,21,0,0.125478142021361,22,0,0.108196420911183,23,0,0.146406737993032,24,0,0.128326338025777,25,0,0.123376515266988,26,0,0.100532650156896,27,0,0.120418367688862,28,0,0.125478142021361,29,0,0.114623367013863,30
"GSM1437923",NA,0,0.394055210932198,1,0,0.377039252412875,2,0,0.393871732357491,3,0,0.312198550232192,4,0,0.391155886052953,5,0,0.391155886052953,6,0,0.393871732357491,7,0,0.386600648916934,8,0,0.307037742189634,9,0,0.394055210932198,10,0,0.388866616453117,11,0,0.316766918891123,12,0,0.382276042032891,13,0,0.391155886052953,14,0,0.388866616453117,15,0,0.394055210932198,16,0,0.393273948432129,17,0,0.369931272896128,18,0,0.393273948432129,19,0,0.382276042032891,20,0,0.316766918891123,21,0,0.357886413965796,22,0,0.394055210932198,23,0,0.316766918891123,24,0,0.349020755357726,25,0,0.369931272896128,26,0,0.391155886052953,27,0,0.3790481140097,28,0,0.357886413965796,29,0,0.389636698727927,30
"GSM1437925",NA,0,0.342393841730393,1,0,0.335067889639964,2,0,0.343864882428602,3,0,0.373300086234812,4,0,0.344988219343852,5,0,0.344988219343852,6,0,0.343864882428602,7,0,0.344443225666725,8,0,0.373134299671387,9,0,0.342393841730393,10,0,0.344623562182662,11,0,0.370901380289671,12,0,0.343808847878632,13,0,0.344988219343852,14,0,0.344623562182662,15,0,0.342393841730393,16,0,0.339880268423662,17,0,0.335868087962138,18,0,0.339880268423662,19,0,0.343808847878632,20,0,0.370901380289671,21,0,0.340599193708684,22,0,0.342393841730393,23,0,0.370901380289671,24,0,0.348640821504573,25,0,0.335868087962138,26,0,0.344988219343852,27,0,0.332863831895776,28,0,0.340599193708684,29,0,0.336176005462453,30
"GSM1437930",NA,0,0.0586389812008754,1,0,0.0249434083671296,2,0,0.0531549078893931,3,0,0.182944665343657,4,0,0.0491513689982636,5,0,0.0491513689982636,6,0,0.0531549078893931,7,0,0.0424790661511387,8,0,0.195939777954485,9,0,0.0586389812008754,10,0,0.0456899713119282,11,0,0.172234874895146,12,0,0.0365054110467224,13,0,0.0491513689982636,14,0,0.0456899713119282,15,0,0.0586389812008754,16,0,0.064778534856886,17,0,0.0975474569534296,18,0,0.064778534856886,19,0,0.0365054110467224,20,0,0.172234874895146,21,0,0.106268464476722,22,0,0.0586389812008754,23,0,0.172234874895146,24,0,0.117650519380409,25,0,0.0975474569534296,26,0,0.0491513689982636,27,0,0.0884097093995517,28,0,0.106268464476722,29,0,0.0719120868372267,30
"GSM1437935",NA,0,0.0864108608842204,1,0,0.0369964754257002,2,0,0.0793709909276478,3,0,0.196229482123777,4,0,0.0739014811103069,5,0,0.0739014811103069,6,0,0.0793709909276478,7,0,0.0635059462735137,8,0,0.205553836407107,9,0,0.0864108608842204,10,0,0.068532265051747,11,0,0.186729149844402,12,0,0.0540621804037886,13,0,0.0739014811103069,14,0,0.068532265051747,15,0,0.0864108608842204,16,0,0.0944644035358356,17,0,0.127647407850255,18,0,0.0944644035358356,19,0,0.0540621804037886,20,0,0.186729149844402,21,0,0.131556460898695,22,0,0.0864108608842204,23,0,0.186729149844402,24,0,0.138996259325258,25,0,0.127647407850255,26,0,0.0739014811103069,27,0,0.121474250811352,28,0,0.131556460898695,29,0,0.103662102289592,30
"GSM1437939",NA,0,0.231972409557918,1,0,0.197242777204582,2,0,0.226965708121686,3,0,0.273603451983663,4,0,0.22342226485174,5,0,0.22342226485174,6,0,0.226965708121686,7,0,0.217580825501429,8,0,0.27477474804798,9,0,0.231972409557918,10,0,0.220671945191544,11,0,0.273201749224828,12,0,0.210780290557056,13,0,0.22342226485174,14,0,0.220671945191544,15,0,0.231972409557918,16,0,0.236912335264438,17,0,0.256452647991314,18,0,0.236912335264438,19,0,0.210780290557056,20,0,0.273201749224828,21,0,0.267795928399924,22,0,0.231972409557918,23,0,0.273201749224828,24,0,0.27262664752619,25,0,0.256452647991314,26,0,0.22342226485174,27,0,0.250075233209345,28,0,0.267795928399924,29,0,0.241189849586337,30
"GSM1437943",NA,1,0.404298995723165,1,1,0.444840321429509,2,1,0.407067055880878,3,1,0.350891969369946,4,1,0.410017454181528,5,1,0.410017454181528,6,1,0.407067055880878,7,1,0.415469799317514,8,1,0.344860571618338,9,1,0.404298995723165,10,1,0.412685510668133,11,1,0.354997178720887,12,1,0.421263515294402,13,1,0.410017454181528,14,1,0.412685510668133,15,1,0.404298995723165,16,1,0.401091446435031,17,1,0.380033029146198,18,1,0.401091446435031,19,1,0.421263515294402,20,1,0.354997178720887,21,1,0.376490628827438,22,1,0.404298995723165,23,1,0.354997178720887,24,1,0.378244465350363,25,1,0.380033029146198,26,1,0.410017454181528,27,1,0.384653055801434,28,1,0.376490628827438,29,1,0.396002825405168,30
"GSM1437951",NA,1,0.829442815577728,1,1,0.870381841357074,2,1,0.833604260123715,3,1,0.71454044037075,4,1,0.836749644476683,5,1,0.836749644476683,6,1,0.833604260123715,7,1,0.843512284865985,8,1,0.696221230801078,9,1,0.829442815577728,10,1,0.840046447301991,11,1,0.730491753986017,12,1,0.85084799384005,13,1,0.836749644476683,14,1,0.840046447301991,15,1,0.829442815577728,16,1,0.82536623605118,17,1,0.817963196792123,18,1,0.82536623605118,19,1,0.85084799384005,20,1,0.730491753986017,21,1,0.815315714165824,22,1,0.829442815577728,23,1,0.730491753986017,24,1,0.810620834723789,25,1,0.817963196792123,26,1,0.836749644476683,27,1,0.819084225399187,28,1,0.815315714165824,29,1,0.822358812699358,30
"GSM1437952",NA,1,0.971453423496434,1,1,0.991604241615164,2,1,0.974511393314379,3,1,0.903833837624596,4,1,0.97721999811236,5,1,0.97721999811236,6,1,0.974511393314379,7,1,0.98161524038458,8,1,0.894314039312088,9,1,0.971453423496434,10,1,0.979521620381661,11,1,0.912057242330315,12,1,0.985250452212566,13,1,0.97721999811236,14,1,0.979521620381661,15,1,0.971453423496434,16,1,0.968068771015764,17,1,0.954639282601665,18,1,0.968068771015764,19,1,0.985250452212566,20,1,0.912057242330315,21,1,0.9515227959679,22,1,0.971453423496434,23,1,0.912057242330315,24,1,0.948827675870397,25,1,0.954639282601665,26,1,0.97721999811236,27,1,0.958038867402755,28,1,0.9515227959679,29,1,0.96465386715723,30
"GSM1437956",NA,0,0.3665936663658,1,0,0.24825150024277,2,0,0.35728084483596,3,0,0.416631771351504,4,0,0.347135248559794,5,0,0.347135248559794,6,0,0.35728084483596,7,0,0.326110486977634,8,0,0.416339677829112,9,0,0.3665936663658,10,0,0.336810205402823,11,0,0.416309192548451,12,0,0.303129037211319,13,0,0.347135248559794,14,0,0.336810205402823,15,0,0.3665936663658,16,0,0.375100117617417,17,0,0.408995847123206,18,0,0.375100117617417,19,0,0.303129037211319,20,0,0.416309192548451,21,0,0.415814780052549,22,0,0.3665936663658,23,0,0.416309192548451,24,0,0.417653211745537,25,0,0.408995847123206,26,0,0.347135248559794,27,0,0.400505744635715,28,0,0.415814780052549,29,0,0.383462506972982,30
"GSM1437960",NA,1,0.879888212316393,1,1,0.902413004648867,2,1,0.882855204840345,3,1,0.797378602708084,4,1,0.884617010211014,5,1,0.884617010211014,6,1,0.882855204840345,7,1,0.88785166177287,8,1,0.787728535629801,9,1,0.879888212316393,10,1,0.886125114499338,11,1,0.806974577045033,12,1,0.892253732177363,13,1,0.884617010211014,14,1,0.886125114499338,15,1,0.879888212316393,16,1,0.876872504289912,17,1,0.863511358655008,18,1,0.876872504289912,19,1,0.892253732177363,20,1,0.806974577045033,21,1,0.859524485838516,22,1,0.879888212316393,23,1,0.806974577045033,24,1,0.855015618359113,25,1,0.863511358655008,26,1,0.884617010211014,27,1,0.867183239259637,28,1,0.859524485838516,29,1,0.87373265020797,30
"GSM1437961",NA,0,0.0775789909706489,1,0,0.0504011558992245,2,0,0.0748444551855778,3,0,0.154928333719996,4,0,0.0718599439855688,5,0,0.0718599439855688,6,0,0.0748444551855778,7,0,0.0665917905290266,8,0,0.160598748094616,9,0,0.0775789909706489,10,0,0.0691201958513719,11,0,0.146928382933456,12,0,0.0617015052207056,13,0,0.0718599439855688,14,0,0.0691201958513719,15,0,0.0775789909706489,16,0,0.0805563380034837,17,0,0.094035581073891,18,0,0.0805563380034837,19,0,0.0617015052207056,20,0,0.146928382933456,21,0,0.0981919929424245,22,0,0.0775789909706489,23,0,0.146928382933456,24,0,0.10420010971872,25,0,0.094035581073891,26,0,0.0718599439855688,27,0,0.0903501272291398,28,0,0.0981919929424245,29,0,0.0837302245554195,30
"GSM1437965",NA,0,0.00209336375551639,1,0,0.000311225723521893,2,0,0.00179325420782081,3,0,0.018050776705478,4,0,0.00153348307854867,5,0,0.00153348307854867,6,0,0.00179325420782081,7,0,0.00111045632942477,8,0,0.0207812877065683,9,0,0.00209336375551639,10,0,0.00130625505735579,11,0,0.0156078741084282,12,0,0.000789883120533139,13,0,0.00153348307854867,14,0,0.00130625505735579,15,0,0.00209336375551639,16,0,0.0024414467667064,17,0,0.00448858100399832,18,0,0.0024414467667064,19,0,0.000789883120533139,20,0,0.0156078741084282,21,0,0.00514797487611695,22,0,0.00209336375551639,23,0,0.0156078741084282,24,0,0.00598785677720327,25,0,0.00448858100399832,26,0,0.00153348307854867,27,0,0.00386812226253225,28,0,0.00514797487611695,29,0,0.0028552457439364,30
"GSM1437967",NA,1,0.635512260157402,1,1,0.631308313697193,2,1,0.636826124703893,3,1,0.526426742758924,4,1,0.636002470475053,5,1,0.636002470475053,6,1,0.636826124703893,7,1,0.63304669540422,8,1,0.517428880482456,9,1,0.635512260157402,10,1,0.634428561154073,11,1,0.534636284347254,12,1,0.632198826317851,13,1,0.636002470475053,14,1,0.634428561154073,15,1,0.635512260157402,16,1,0.633877219461459,17,1,0.614248273706756,18,1,0.633877219461459,19,1,0.632198826317851,20,1,0.534636284347254,21,1,0.607165257162085,22,1,0.635512260157402,23,1,0.534636284347254,24,1,0.594467141893839,25,1,0.614248273706756,26,1,0.636002470475053,27,1,0.621373429426983,28,1,0.607165257162085,29,1,0.631334216307936,30
"GSM1437974",NA,0,0.0384197959577828,1,0,0.0166225187351674,2,0,0.0354560700857148,3,0,0.088419987312991,4,0,0.0330159200518153,5,0,0.0330159200518153,6,0,0.0354560700857148,7,0,0.0285200721455005,8,0,0.0930551261904981,9,0,0.0384197959577828,10,0,0.0306862715798883,11,0,0.084156760485809,12,0,0.0246425947145747,13,0,0.0330159200518153,14,0,0.0306862715798883,15,0,0.0384197959577828,16,0,0.0416860756510556,17,0,0.0560702108876462,18,0,0.0416860756510556,19,0,0.0246425947145747,20,0,0.084156760485809,21,0,0.0591336962416164,22,0,0.0384197959577828,23,0,0.084156760485809,24,0,0.0629953041842901,25,0,0.0560702108876462,26,0,0.0330159200518153,27,0,0.0524301012438342,28,0,0.0591336962416164,29,0,0.0451296524102169,30
"GSM1437981",NA,0,0.119087995626387,1,0,0.0660869196033763,2,0,0.112070231082976,3,0,0.217336851632055,4,0,0.106821835788906,5,0,0.106821835788906,6,0,0.112070231082976,7,0,0.0970984650692765,8,0,0.224551466437788,9,0,0.119087995626387,10,0,0.101922690733363,11,0,0.210638121015287,12,0,0.0878627179412901,13,0,0.106821835788906,14,0,0.101922690733363,15,0,0.119087995626387,16,0,0.126423205625709,17,0,0.157895719471594,18,0,0.126423205625709,19,0,0.0878627179412901,20,0,0.210638121015287,21,0,0.166014343540735,22,0,0.119087995626387,23,0,0.210638121015287,24,0,0.172128440335549,25,0,0.157895719471594,26,0,0.106821835788906,27,0,0.149781426796425,28,0,0.166014343540735,29,0,0.133913886198909,30
"GSM1437984",NA,0,0.01606650836709,1,0,0.0042605677383708,2,0,0.0142395147587701,3,0,0.0658563622265757,4,0,0.0127506856656514,5,0,0.0127506856656514,6,0,0.0142395147587701,7,0,0.0102399907890136,8,0,0.0719915404001829,9,0,0.01606650836709,10,0,0.0114451432867726,11,0,0.0601758875270785,12,0,0.00809686093275725,13,0,0.0127506856656514,14,0,0.0114451432867726,15,0,0.01606650836709,16,0,0.0181246882322038,17,0,0.0288907148632473,18,0,0.0181246882322038,19,0,0.00809686093275725,20,0,0.0601758875270785,21,0,0.0320968262949785,22,0,0.01606650836709,23,0,0.0601758875270785,24,0,0.0353501684550208,25,0,0.0288907148632473,26,0,0.0127506856656514,27,0,0.0260190951229001,28,0,0.0320968262949785,29,0,0.0204210721754997,30
"GSM1437986",NA,1,0.701347504503613,1,1,0.711225327043488,2,1,0.70631161703989,3,1,0.544179522913295,4,1,0.707950634720012,5,1,0.707950634720012,6,1,0.70631161703989,7,1,0.709398140135033,8,1,0.531274424265335,9,1,0.701347504503613,10,1,0.708621668508662,11,1,0.558389272118144,12,1,0.710748033875093,13,1,0.707950634720012,14,1,0.708621668508662,15,1,0.701347504503613,16,1,0.695835141078607,17,1,0.666261949337001,18,1,0.695835141078607,19,1,0.710748033875093,20,1,0.558389272118144,21,1,0.657356887299614,22,1,0.701347504503613,23,1,0.558389272118144,24,1,0.646072426827543,25,1,0.666261949337001,26,1,0.707950634720012,27,1,0.673916894041558,28,1,0.657356887299614,29,1,0.689419068844047,30
"GSM1437991",NA,1,0.804055472553833,1,1,0.886394311736082,2,1,0.814898500066159,3,1,0.579728687444902,4,1,0.823720858360801,5,1,0.823720858360801,6,1,0.814898500066159,7,1,0.840771290268344,8,1,0.564637694022104,9,1,0.804055472553833,10,1,0.832344917916746,11,1,0.594618733430641,12,1,0.856737000157793,13,1,0.823720858360801,14,1,0.832344917916746,15,1,0.804055472553833,16,1,0.792542347304858,17,1,0.737683377467595,18,1,0.792542347304858,19,1,0.856737000157793,20,1,0.594618733430641,21,1,0.718739757682592,22,1,0.804055472553833,23,1,0.594618733430641,24,1,0.698656723808199,25,1,0.737683377467595,26,1,0.823720858360801,27,1,0.753932825020075,28,1,0.718739757682592,29,1,0.779564067256701,30
"GSM1437995",NA,0,0.0242300735131159,1,0,0.0124971047971787,2,0,0.0231607808302805,3,0,0.0484480860843817,4,0,0.0220274886492234,5,0,0.0220274886492234,6,0,0.0231607808302805,7,0,0.0195564100745875,8,0,0.0513723061700974,9,0,0.0242300735131159,10,0,0.0207792407476914,11,0,0.0459227156895133,12,0,0.0172205838368156,13,0,0.0220274886492234,14,0,0.0207792407476914,15,0,0.0242300735131159,16,0,0.0254092201484578,17,0,0.0310882001958029,18,0,0.0254092201484578,19,0,0.0172205838368156,20,0,0.0459227156895133,21,0,0.0316418330175047,22,0,0.0242300735131159,23,0,0.0459227156895133,24,0,0.0331040508388517,25,0,0.0310882001958029,26,0,0.0220274886492234,27,0,0.0299915906914739,28,0,0.0316418330175047,29,0,0.0269642351824428,30
"GSM1437996",NA,0,0.068007624435944,1,0,0.0338270334604278,2,0,0.0629557101730177,3,0,0.168109699239937,4,0,0.0587464458672019,5,0,0.0587464458672019,6,0,0.0629557101730177,7,0,0.0508115330370392,8,0,0.174175952779114,9,0,0.068007624435944,10,0,0.054641122371927,11,0,0.160757563750307,12,0,0.0442515009141686,13,0,0.0587464458672019,14,0,0.054641122371927,15,0,0.068007624435944,16,0,0.0734413961495917,17,0,0.104368115448831,18,0,0.0734413961495917,19,0,0.0442515009141686,20,0,0.160757563750307,21,0,0.111433904200374,22,0,0.068007624435944,23,0,0.160757563750307,24,0,0.119226554781092,25,0,0.104368115448831,26,0,0.0587464458672019,27,0,0.0962268784523696,28,0,0.111433904200374,29,0,0.0800546825829106,30
"GSM1438001",NA,0,0.236316285104801,1,0,0.22017211454569,2,0,0.238049777776346,3,0,0.232806929623513,4,0,0.237084163801623,5,0,0.237084163801623,6,0,0.238049777776346,7,0,0.234506808816518,8,0,0.235964516091284,9,0,0.236316285104801,10,0,0.235814862018307,11,0,0.229784778097178,12,0,0.231032587356352,13,0,0.237084163801623,14,0,0.235814862018307,15,0,0.236316285104801,16,0,0.234363320739777,17,0,0.22335334528366,18,0,0.234363320739777,19,0,0.231032587356352,20,0,0.229784778097178,21,0,0.221435807264155,22,0,0.236316285104801,23,0,0.229784778097178,24,0,0.222125369829184,25,0,0.22335334528366,26,0,0.237084163801623,27,0,0.225901346018095,28,0,0.221435807264155,29,0,0.231697660463626,30
"GSM1438007",NA,0,0.132420904634481,1,0,0.116623374160913,2,0,0.130909046316582,3,0,0.180028124167707,4,0,0.129531311437387,5,0,0.129531311437387,6,0,0.130909046316582,7,0,0.125863890844407,8,0,0.185082608188954,9,0,0.132420904634481,10,0,0.127766942789377,11,0,0.175576129672352,12,0,0.122231335892053,13,0,0.129531311437387,14,0,0.127766942789377,15,0,0.132420904634481,16,0,0.134045448364034,17,0,0.139243127895496,18,0,0.134045448364034,19,0,0.122231335892053,20,0,0.175576129672352,21,0,0.141385043418595,22,0,0.132420904634481,23,0,0.175576129672352,24,0,0.144727124864097,25,0,0.139243127895496,26,0,0.129531311437387,27,0,0.138252402100271,28,0,0.141385043418595,29,0,0.135489298210763,30
"GSM1438008",NA,0,0.118287085577268,1,0,0.0961027327046719,2,0,0.116393149788724,3,0,0.157095411708865,4,0,0.113814175035793,5,0,0.113814175035793,6,0,0.116393149788724,7,0,0.108052675648696,8,0,0.160594667312143,9,0,0.118287085577268,10,0,0.110944474670002,11,0,0.153450132445332,12,0,0.10271544842901,13,0,0.113814175035793,14,0,0.110944474670002,15,0,0.118287085577268,16,0,0.11991586863349,17,0,0.128099166592009,18,0,0.11991586863349,19,0,0.10271544842901,20,0,0.153450132445332,21,0,0.13113365289648,22,0,0.118287085577268,23,0,0.153450132445332,24,0,0.133735312464394,25,0,0.128099166592009,26,0,0.113814175035793,27,0,0.125716606235703,28,0,0.13113365289648,29,0,0.121498601658497,30
"GSM1438009",NA,0,0.140983848572386,1,0,0.0927754206500394,2,0,0.134995293786735,3,0,0.216351162164214,4,0,0.129682124122959,5,0,0.129682124122959,6,0,0.134995293786735,7,0,0.120814078182948,8,0,0.222026178942264,9,0,0.140983848572386,10,0,0.125184686949983,11,0,0.210418680388479,12,0,0.112220949202911,13,0,0.129682124122959,14,0,0.125184686949983,15,0,0.140983848572386,16,0,0.147194915975869,17,0,0.165827882496903,18,0,0.147194915975869,19,0,0.112220949202911,20,0,0.210418680388479,21,0,0.169923929374796,22,0,0.140983848572386,23,0,0.210418680388479,24,0,0.175031876029318,25,0,0.165827882496903,26,0,0.129682124122959,27,0,0.162139328070489,28,0,0.169923929374796,29,0,0.152929336182395,30
"GSM1438010",NA,0,0.116252280876591,1,0,0.0625504081791035,2,0,0.110581869769989,3,0,0.192140166886618,4,0,0.104808582521258,5,0,0.104808582521258,6,0,0.110581869769989,7,0,0.0941933482245001,8,0,0.197799379328916,9,0,0.116252280876591,10,0,0.0993432178144006,11,0,0.186297979196688,12,0,0.0845919910373411,13,0,0.104808582521258,14,0,0.0993432178144006,15,0,0.116252280876591,16,0,0.122146756208929,17,0,0.143045684562651,18,0,0.122146756208929,19,0,0.0845919910373411,20,0,0.186297979196688,21,0,0.146617851949646,22,0,0.116252280876591,23,0,0.186297979196688,24,0,0.151855360081966,25,0,0.143045684562651,26,0,0.104808582521258,27,0,0.138514497860161,28,0,0.146617851949646,29,0,0.127653169911216,30
"GSM1438014",NA,1,0.491202748537089,1,1,0.638294844015002,2,1,0.504003537433699,3,1,0.382314708060582,4,1,0.518456574071819,5,1,0.518456574071819,6,1,0.504003537433699,7,1,0.545850319691424,8,1,0.37328290446797,9,1,0.491202748537089,10,1,0.53242985404385,11,1,0.390018651425336,12,1,0.573137013300343,13,1,0.518456574071819,14,1,0.53242985404385,15,1,0.491202748537089,16,1,0.478675162412156,17,1,0.444604791577461,18,1,0.478675162412156,19,1,0.573137013300343,20,1,0.390018651425336,21,1,0.44084613447159,22,1,0.491202748537089,23,1,0.390018651425336,24,1,0.434040084219482,25,1,0.444604791577461,26,1,0.518456574071819,27,1,0.449005280090825,28,1,0.44084613447159,29,1,0.466697755418561,30
"GSM1438019",NA,0,0.590821264647596,1,0,0.517255631357016,2,0,0.583285846731898,3,0,0.45466105519395,4,0,0.577201802026393,5,0,0.577201802026393,6,0,0.583285846731898,7,0,0.564629583572221,8,0,0.439657388263666,9,0,0.590821264647596,10,0,0.571117158155078,11,0,0.470480021095358,12,0,0.549901133501387,13,0,0.577201802026393,14,0,0.571117158155078,15,0,0.590821264647596,16,0,0.598138586338061,17,0,0.595037969945384,18,0,0.598138586338061,19,0,0.549901133501387,20,0,0.470480021095358,21,0,0.583301672479852,22,0,0.590821264647596,23,0,0.470480021095358,24,0,0.570469172023369,25,0,0.595037969945384,26,0,0.577201802026393,27,0,0.603544831114874,28,0,0.583301672479852,29,0,0.602944009692109,30
"GSM1438023",NA,0,0.0890436048562908,1,0,0.0612576174213461,2,0,0.085778812966634,3,0,0.158989396156894,4,0,0.0832795755798864,5,0,0.0832795755798864,6,0,0.085778812966634,7,0,0.0787401413830887,8,0,0.167811479317897,9,0,0.0890436048562908,10,0,0.0810373492219582,11,0,0.151660524075981,12,0,0.0737697519843526,13,0,0.0832795755798864,14,0,0.0810373492219582,15,0,0.0890436048562908,16,0,0.0923605017786007,17,0,0.106673194098976,18,0,0.0923605017786007,19,0,0.0737697519843526,20,0,0.151660524075981,21,0,0.110415170377449,22,0,0.0890436048562908,23,0,0.151660524075981,24,0,0.115081096896333,25,0,0.106673194098976,26,0,0.0832795755798864,27,0,0.102794478772024,28,0,0.110415170377449,29,0,0.0956381091990838,30
"GSM1438025",NA,1,0.838549994942928,1,1,0.869621633059754,2,1,0.841430840190262,3,1,0.690261347917186,4,1,0.844369604163786,5,1,0.844369604163786,6,1,0.841430840190262,7,1,0.850066291332241,8,1,0.674389458813936,9,1,0.838549994942928,10,1,0.847199903115875,11,1,0.706013752542799,12,1,0.855537860007508,13,1,0.844369604163786,14,1,0.847199903115875,15,1,0.838549994942928,16,1,0.835682433301412,17,1,0.808528857049023,18,1,0.835682433301412,19,1,0.855537860007508,20,1,0.706013752542799,21,1,0.797435980608069,22,1,0.838549994942928,23,1,0.706013752542799,24,1,0.784755658974575,25,1,0.808528857049023,26,1,0.844369604163786,27,1,0.817761969950369,28,1,0.797435980608069,29,1,0.831675334448885,30
"GSM1438029",NA,0,0.153185217162261,1,0,0.150125777832802,2,0,0.152634879684691,3,0,0.204174135857098,4,0,0.152432145765803,5,0,0.152432145765803,6,0,0.152634879684691,7,0,0.152306218689044,8,0,0.206061947402064,9,0,0.153185217162261,10,0,0.152512367875852,11,0,0.200354685038844,12,0,0.150658671228558,13,0,0.152432145765803,14,0,0.152512367875852,15,0,0.153185217162261,16,0,0.153675258427692,17,0,0.162061331502306,18,0,0.153675258427692,19,0,0.150658671228558,20,0,0.200354685038844,21,0,0.16723957254766,22,0,0.153185217162261,23,0,0.200354685038844,24,0,0.172674210262988,25,0,0.162061331502306,26,0,0.152432145765803,27,0,0.158346731815181,28,0,0.16723957254766,29,0,0.154990605103598,30
"GSM1438033",NA,0,0.269756131144362,1,0,0.197618746759342,2,0,0.262732943868018,3,0,0.368590632214413,4,0,0.253948859880379,5,0,0.253948859880379,6,0,0.262732943868018,7,0,0.238055646324559,8,0,0.374370579646704,9,0,0.269756131144362,10,0,0.245830090927033,11,0,0.361818028994426,12,0,0.223134479551055,13,0,0.253948859880379,14,0,0.245830090927033,15,0,0.269756131144362,16,0,0.276722912550393,17,0,0.306217188529866,18,0,0.276722912550393,19,0,0.223134479551055,20,0,0.361818028994426,21,0,0.308347630476546,22,0,0.269756131144362,23,0,0.361818028994426,24,0,0.316465430895162,25,0,0.306217188529866,26,0,0.253948859880379,27,0,0.300730513290905,28,0,0.308347630476546,29,0,0.284095386214887,30
"GSM1438034",NA,0,0.1981319900621,1,0,0.187379298771657,2,0,0.196755596278249,3,0,0.277812215707718,4,0,0.196210638503332,5,0,0.196210638503332,6,0,0.196755596278249,7,0,0.197143048227757,8,0,0.285577091115768,9,0,0.1981319900621,10,0,0.196642855432752,11,0,0.269409241310894,12,0,0.197093303242021,13,0,0.196210638503332,14,0,0.196642855432752,15,0,0.1981319900621,16,0,0.199602125796619,17,0,0.214578521272679,18,0,0.199602125796619,19,0,0.197093303242021,20,0,0.269409241310894,21,0,0.21870113618482,22,0,0.1981319900621,23,0,0.269409241310894,24,0,0.224855265062962,25,0,0.214578521272679,26,0,0.196210638503332,27,0,0.209057583763198,28,0,0.21870113618482,29,0,0.201974566183975,30
"GSM1438035",NA,0,0.665016392664632,1,0,0.676720429298691,2,0,0.666854297081965,3,0,0.611278769909911,4,0,0.666087307173884,5,0,0.666087307173884,6,0,0.666854297081965,7,0,0.665446876812485,8,0,0.604812581355592,9,0,0.665016392664632,10,0,0.66565291072306,11,0,0.616012831134316,12,0,0.665539565694876,13,0,0.666087307173884,14,0,0.66565291072306,15,0,0.665016392664632,16,0,0.662751894275214,17,0,0.648682452380492,18,0,0.662751894275214,19,0,0.665539565694876,20,0,0.616012831134316,21,0,0.647829423223929,22,0,0.665016392664632,23,0,0.616012831134316,24,0,0.643577669014136,25,0,0.648682452380492,26,0,0.666087307173884,27,0,0.651351787649926,28,0,0.647829423223929,29,0,0.65902330735619,30
"GSM1438038",NA,0,0.0102169336220997,1,0,0.00148386287066668,2,0,0.00866612453269001,3,0,0.0647206880049523,4,0,0.0072892146256177,5,0,0.0072892146256177,6,0,0.00866612453269001,7,0,0.00511473679551278,8,0,0.0723293359567981,9,0,0.0102169336220997,10,0,0.00610940856269931,11,0,0.0580433369459728,12,0,0.00359076899967427,13,0,0.0072892146256177,14,0,0.00610940856269931,15,0,0.0102169336220997,16,0,0.0120189367507015,17,0,0.0222330545361178,18,0,0.0120189367507015,19,0,0.00359076899967427,20,0,0.0580433369459728,21,0,0.0255574798396934,22,0,0.0102169336220997,23,0,0.0580433369459728,24,0,0.0289811942509571,25,0,0.0222330545361178,26,0,0.0072892146256177,27,0,0.0191916960656046,28,0,0.0255574798396934,29,0,0.0140831625732911,30
"GSM1438039",NA,0,0.037134515301541,1,0,0.00964430872350341,2,0,0.0330681066578264,3,0,0.131245879544052,4,0,0.0294910835342112,5,0,0.0294910835342112,6,0,0.0330681066578264,7,0,0.0232661207155505,8,0,0.138230407133994,9,0,0.037134515301541,10,0,0.0262220146015197,11,0,0.123986429264408,12,0,0.0181809380537763,13,0,0.0294910835342112,14,0,0.0262220146015197,15,0,0.037134515301541,16,0,0.0417357399534559,17,0,0.0635980415861091,18,0,0.0417357399534559,19,0,0.0181809380537763,20,0,0.123986429264408,21,0,0.0709035033325796,22,0,0.037134515301541,23,0,0.123986429264408,24,0,0.0774457330396822,25,0,0.0635980415861091,26,0,0.0294910835342112,27,0,0.0576264420491716,28,0,0.0709035033325796,29,0,0.0470045980864799,30
"GSM1438041",NA,1,0.421020331789028,1,1,0.537364226432425,2,1,0.430144059800338,3,1,0.38878131763886,4,1,0.441663839196578,5,1,0.441663839196578,6,1,0.430144059800338,7,1,0.464336395213045,8,1,0.385497143295886,9,1,0.421020331789028,10,1,0.453021070622866,11,1,0.390389560163439,12,1,0.486197507574881,13,1,0.441663839196578,14,1,0.453021070622866,15,1,0.421020331789028,16,1,0.412253833280263,17,1,0.388421331547169,18,1,0.412253833280263,19,1,0.486197507574881,20,1,0.390389560163439,21,1,0.386346810231021,22,1,0.421020331789028,23,1,0.390389560163439,24,1,0.387983858734864,25,1,0.388421331547169,26,1,0.441663839196578,27,1,0.392691454876592,28,1,0.386346810231021,29,1,0.404743518999304,30
"GSM1438042",NA,1,0.372028398084138,1,1,0.413389516531254,2,1,0.375912056002491,3,1,0.322121698733873,4,1,0.379868634787711,5,1,0.379868634787711,6,1,0.375912056002491,7,1,0.386929612212392,8,1,0.319765457965931,9,1,0.372028398084138,10,1,0.383357688328435,11,1,0.32566167151313,12,1,0.394447395682439,13,1,0.379868634787711,14,1,0.383357688328435,15,1,0.372028398084138,16,1,0.367994632170563,17,1,0.357090541255693,18,1,0.367994632170563,19,1,0.394447395682439,20,1,0.32566167151313,21,1,0.352316652120723,22,1,0.372028398084138,23,1,0.32566167151313,24,1,0.348726745161045,25,1,0.357090541255693,26,1,0.379868634787711,27,1,0.359286401829958,28,1,0.352316652120723,29,1,0.36329588990083,30
"GSM1438043",NA,0,0.113057826444042,1,0,0.0685036052614784,2,0,0.10597149722125,3,0,0.207960318368845,4,0,0.100898561940752,5,0,0.100898561940752,6,0,0.10597149722125,7,0,0.0930359427346963,8,0,0.21206243327906,9,0,0.113057826444042,10,0,0.0968755337621417,11,0,0.203599924308063,12,0,0.0859192790370085,13,0,0.100898561940752,14,0,0.0968755337621417,15,0,0.113057826444042,16,0,0.120310073934857,17,0,0.148453305409915,18,0,0.120310073934857,19,0,0.0859192790370085,20,0,0.203599924308063,21,0,0.156623854221052,22,0,0.113057826444042,23,0,0.203599924308063,24,0,0.16592846537326,25,0,0.148453305409915,26,0,0.100898561940752,27,0,0.14174973819278,28,0,0.156623854221052,29,0,0.127437385019269,30
"GSM1438050",NA,1,0.549977969063397,1,1,0.485452805259545,2,1,0.541245106230556,3,1,0.561994391972866,4,1,0.533754544923404,5,1,0.533754544923404,6,1,0.541245106230556,7,1,0.520858032718278,8,1,0.556278388714386,9,1,0.549977969063397,10,1,0.527279772616249,11,1,0.567772873279082,12,1,0.509779480937268,13,1,0.533754544923404,14,1,0.527279772616249,15,1,0.549977969063397,16,1,0.55817512214731,17,1,0.594310349234889,18,1,0.55817512214731,19,1,0.509779480937268,20,1,0.567772873279082,21,1,0.599562440183894,22,1,0.549977969063397,23,1,0.567772873279082,24,1,0.598639105881627,25,1,0.594310349234889,26,1,0.533754544923404,27,1,0.584952182092397,28,1,0.599562440183894,29,1,0.566163570169243,30
"GSM1438051",NA,1,0.501495665200839,1,1,0.615031394305573,2,1,0.514449779149003,3,1,0.318394578756358,4,1,0.524396900799224,5,1,0.524396900799224,6,1,0.514449779149003,7,1,0.542130254857716,8,1,0.306368237485331,9,1,0.501495665200839,10,1,0.533291217708457,11,1,0.331596286147975,12,1,0.561251922200308,13,1,0.524396900799224,14,1,0.533291217708457,15,1,0.501495665200839,16,1,0.488051533856641,17,1,0.439578990852875,18,1,0.488051533856641,19,1,0.561251922200308,20,1,0.331596286147975,21,1,0.428338537441965,22,1,0.501495665200839,23,1,0.331596286147975,24,1,0.418544147952314,25,1,0.439578990852875,26,1,0.524396900799224,27,1,0.451027664970772,28,1,0.428338537441965,29,1,0.474796940709947,30
"GSM1438052",NA,1,0.200264378877348,1,1,0.169021322552093,2,1,0.199619971312147,3,1,0.170327563314752,4,1,0.197022181270172,5,1,0.197022181270172,6,1,0.199619971312147,7,1,0.190580411387976,8,1,0.167186712886615,9,1,0.200264378877348,10,1,0.193758125158045,11,1,0.17450213758048,12,1,0.18449528022959,13,1,0.197022181270172,14,1,0.193758125158045,15,1,0.200264378877348,16,1,0.200808772769872,17,1,0.203960964258473,18,1,0.200808772769872,19,1,0.18449528022959,20,1,0.17450213758048,21,1,0.201560620420752,22,1,0.200264378877348,23,1,0.17450213758048,24,1,0.200226578282486,25,1,0.203960964258473,26,1,0.197022181270172,27,1,0.203609173504112,28,1,0.201560620420752,29,1,0.202207064598028,30
"GSM1438057",NA,1,0.0439701550799846,1,1,0.0251171191426229,2,1,0.0420824300086153,3,1,0.0924097602135075,4,1,0.0400957682482393,5,1,0.0400957682482393,6,1,0.0420824300086153,7,1,0.0361906027378649,8,1,0.0966412285069408,9,1,0.0439701550799846,10,1,0.0381191574102448,11,1,0.0880237134428434,12,1,0.0325922453669117,13,1,0.0400957682482393,14,1,0.0381191574102448,15,1,0.0439701550799846,16,1,0.0459797080148779,17,1,0.0575740284061431,18,1,0.0459797080148779,19,1,0.0325922453669117,20,1,0.0880237134428434,21,1,0.0612963784956942,22,1,0.0439701550799846,23,1,0.0880237134428434,24,1,0.0643149732377562,25,1,0.0575740284061431,26,1,0.0400957682482393,27,1,0.0543522314191419,28,1,0.0612963784956942,29,1,0.0484922568211328,30
"GSM1438059",NA,1,0.227620371433226,1,1,0.322226743649477,2,1,0.235724992135325,3,1,0.212306466800457,4,1,0.245507086329588,5,1,0.245507086329588,6,1,0.235724992135325,7,1,0.264789978774072,8,1,0.216578545653047,9,1,0.227620371433226,10,1,0.25519029742554,11,1,0.209535496855222,12,1,0.283976241882314,13,1,0.245507086329588,14,1,0.25519029742554,15,1,0.227620371433226,16,1,0.219264076518886,17,1,0.199635608959873,18,1,0.219264076518886,19,1,0.283976241882314,20,1,0.209535496855222,21,1,0.196994475850434,22,1,0.227620371433226,23,1,0.209535496855222,24,1,0.198097230349473,25,1,0.199635608959873,26,1,0.245507086329588,27,1,0.201663580654994,28,1,0.196994475850434,29,1,0.211180038711601,30
"GSM1438071",NA,1,0.918961064924222,1,1,0.957940794412692,2,1,0.923428523104507,3,1,0.821004621817058,4,1,0.927937194789197,5,1,0.927937194789197,6,1,0.923428523104507,7,1,0.936627514483295,8,1,0.807735498409191,9,1,0.918961064924222,10,1,0.932415224605051,11,1,0.831724843379167,12,1,0.943843184906234,13,1,0.927937194789197,14,1,0.932415224605051,15,1,0.918961064924222,16,1,0.914302082335553,17,1,0.890521660739525,18,1,0.914302082335553,19,1,0.943843184906234,20,1,0.831724843379167,21,1,0.885330162746096,22,1,0.918961064924222,23,1,0.831724843379167,24,1,0.880916353479667,25,1,0.890521660739525,26,1,0.927937194789197,27,1,0.897101169963008,28,1,0.885330162746096,29,1,0.909296995933055,30
"GSM1438072",NA,1,0.795011326114524,1,1,0.794674400261603,2,1,0.797824707037542,3,1,0.643184090011778,4,1,0.799007185880207,5,1,0.799007185880207,6,1,0.797824707037542,7,1,0.800438866119618,8,1,0.624394770931929,9,1,0.795011326114524,10,1,0.799701494406027,11,1,0.660855378552155,12,1,0.800815913893128,13,1,0.799007185880207,14,1,0.799701494406027,15,1,0.795011326114524,16,1,0.791408490781769,17,1,0.765110055303381,18,1,0.791408490781769,19,1,0.800815913893128,20,1,0.660855378552155,21,1,0.756979525153382,22,1,0.795011326114524,23,1,0.660855378552155,24,1,0.746912918023795,25,1,0.765110055303381,26,1,0.799007185880207,27,1,0.771489156435081,28,1,0.756979525153382,29,1,0.78526180382538,30
"GSM1438073",NA,1,0.839676536191168,1,1,0.921507732548964,2,1,0.846971126886925,3,1,0.694029717884009,4,1,0.856399008502576,5,1,0.856399008502576,6,1,0.846971126886925,7,1,0.873867227962829,8,1,0.682369479242553,9,1,0.839676536191168,10,1,0.865448480702629,11,1,0.706544379463727,12,1,0.889417242142445,13,1,0.856399008502576,14,1,0.865448480702629,15,1,0.839676536191168,16,1,0.832040699243906,17,1,0.796770692444932,18,1,0.832040699243906,19,1,0.889417242142445,20,1,0.706544379463727,21,1,0.788407760381666,22,1,0.839676536191168,23,1,0.706544379463727,24,1,0.776791706653187,25,1,0.796770692444932,26,1,0.856399008502576,27,1,0.805656617434377,28,1,0.788407760381666,29,1,0.823359998396106,30
"GSM1438076",NA,0,0.336849581889264,1,0,0.258220372937613,2,0,0.331999288212403,3,0,0.382105718152643,4,0,0.323458827574191,5,0,0.323458827574191,6,0,0.331999288212403,7,0,0.30670666631221,8,0,0.385632833105646,9,0,0.336849581889264,10,0,0.315024645248651,11,0,0.379321982127863,12,0,0.290794072204152,13,0,0.323458827574191,14,0,0.315024645248651,15,0,0.336849581889264,16,0,0.341458647763491,17,0,0.361730562598372,18,0,0.341458647763491,19,0,0.290794072204152,20,0,0.379321982127863,21,0,0.368793560274724,22,0,0.336849581889264,23,0,0.379321982127863,24,0,0.369505693494402,25,0,0.361730562598372,26,0,0.323458827574191,27,0,0.356610663264683,28,0,0.368793560274724,29,0,0.346232782005307,30
"GSM1438081",NA,1,0.739316876016553,1,1,0.722217877848813,2,1,0.739613514661432,3,1,0.668840137379869,4,1,0.739379492556198,5,1,0.739379492556198,6,1,0.739613514661432,7,1,0.737304355974355,8,1,0.655404015547165,9,1,0.739316876016553,10,1,0.738527995001126,11,1,0.678518840894474,12,1,0.734361760371743,13,1,0.739379492556198,14,1,0.738527995001126,15,1,0.739316876016553,16,1,0.739143421092845,17,1,0.737181096735212,18,1,0.739143421092845,19,1,0.734361760371743,20,1,0.678518840894474,21,1,0.735961192388745,22,1,0.739316876016553,23,1,0.678518840894474,24,1,0.728397464292644,25,1,0.737181096735212,26,1,0.739379492556198,27,1,0.739798876341248,28,1,0.735961192388745,29,1,0.739303561705517,30
"GSM1438088",NA,0,0.133128774946132,1,0,0.0750848814576576,2,0,0.126553153936191,3,0,0.190561529811717,4,0,0.120662326844109,5,0,0.120662326844109,6,0,0.126553153936191,7,0,0.10942283675022,8,0,0.196067238291812,9,0,0.133128774946132,10,0,0.115034568897177,11,0,0.185777523844318,12,0,0.0984706167654416,13,0,0.120662326844109,14,0,0.115034568897177,15,0,0.133128774946132,16,0,0.139534337412963,17,0,0.155556372404623,18,0,0.139534337412963,19,0,0.0984706167654416,20,0,0.185777523844318,21,0,0.161463480960022,22,0,0.133128774946132,23,0,0.185777523844318,24,0,0.164154708355682,25,0,0.155556372404623,26,0,0.120662326844109,27,0,0.152841162936068,28,0,0.161463480960022,29,0,0.144665832272813,30
"GSM1438091",NA,0,0.0111908108507747,1,0,0.00416016663880455,2,0,0.0102201366494878,3,0,0.0412004381533099,4,0,0.00934249944391852,5,0,0.00934249944391852,6,0,0.0102201366494878,7,0,0.0078611541610064,8,0,0.0456839281666594,9,0,0.0111908108507747,10,0,0.00857309946287254,11,0,0.0368648443067346,12,0,0.00660564914959696,13,0,0.00934249944391852,14,0,0.00857309946287254,15,0,0.0111908108507747,16,0,0.0122497914663646,17,0,0.0173481415436185,18,0,0.0122497914663646,19,0,0.00660564914959696,20,0,0.0368648443067346,21,0,0.0186899128078083,22,0,0.0111908108507747,23,0,0.0368648443067346,24,0,0.0204582749704959,25,0,0.0173481415436185,26,0,0.00934249944391852,27,0,0.0159461787748063,28,0,0.0186899128078083,29,0,0.0134118959221734,30
"GSM1438095",NA,1,0.174840005417154,1,1,0.224338054701888,2,1,0.177970380218106,3,1,0.131421828906717,4,1,0.182444584229003,5,1,0.182444584229003,6,1,0.177970380218106,7,1,0.190966509030995,8,1,0.130551209058964,9,1,0.174840005417154,10,1,0.186838952335489,11,1,0.133723045838187,12,1,0.200171501460914,13,1,0.182444584229003,14,1,0.186838952335489,15,1,0.174840005417154,16,1,0.171642062853355,17,1,0.161324634160926,18,1,0.171642062853355,19,1,0.200171501460914,20,1,0.133723045838187,21,1,0.15719316602643,22,1,0.174840005417154,23,1,0.133723045838187,24,1,0.152653291674614,25,1,0.161324634160926,26,1,0.182444584229003,27,1,0.164543008054726,28,1,0.15719316602643,29,1,0.168647210269656,30
"GSM1438098",NA,0,0.292136453427914,1,0,0.346394239160424,2,0,0.29661765582904,3,0,0.288970915573467,4,0,0.301601900859044,5,0,0.301601900859044,6,0,0.29661765582904,7,0,0.312690604881605,8,0,0.287688650070235,9,0,0.292136453427914,10,0,0.307047260686934,11,0,0.289230710436973,12,0,0.324357460682236,13,0,0.301601900859044,14,0,0.307047260686934,15,0,0.292136453427914,16,0,0.287354765615397,17,0,0.281529449104561,18,0,0.287354765615397,19,0,0.324357460682236,20,0,0.289230710436973,21,0,0.284026469329089,22,0,0.292136453427914,23,0,0.289230710436973,24,0,0.289205477190184,25,0,0.281529449104561,26,0,0.301601900859044,27,0,0.280128429002301,28,0,0.284026469329089,29,0,0.283135197582731,30
"GSM1438099",NA,0,0.0870905873557396,1,0,0.0539394238709132,2,0,0.0831426515671516,3,0,0.152375362279414,4,0,0.0798672347200608,5,0,0.0798672347200608,6,0,0.0831426515671516,7,0,0.0736747251978481,8,0,0.157603813785159,9,0,0.0870905873557396,10,0,0.0766873623367935,11,0,0.146733479613686,12,0,0.068504646372059,13,0,0.0798672347200608,14,0,0.0766873623367935,15,0,0.0870905873557396,16,0,0.091129664238004,17,0,0.108090440110852,18,0,0.091129664238004,19,0,0.068504646372059,20,0,0.146733479613686,21,0,0.112109736574247,22,0,0.0870905873557396,23,0,0.146733479613686,24,0,0.116104202051411,25,0,0.108090440110852,26,0,0.0798672347200608,27,0,0.104348310041802,28,0,0.112109736574247,29,0,0.0953045349605452,30
"GSM1438100",NA,0,0.0789826365353855,1,0,0.0447869779333704,2,0,0.0754599511272416,3,0,0.131701977358438,4,0,0.0719203812077097,5,0,0.0719203812077097,6,0,0.0754599511272416,7,0,0.0655973389130684,8,0,0.136133536440915,9,0,0.0789826365353855,10,0,0.0686952012802012,11,0,0.126898974542602,12,0,0.0597505232275838,13,0,0.0719203812077097,14,0,0.0686952012802012,15,0,0.0789826365353855,16,0,0.0826462437249198,17,0,0.0959322494613781,18,0,0.0826462437249198,19,0,0.0597505232275838,20,0,0.126898974542602,21,0,0.0979385136204235,22,0,0.0789826365353855,23,0,0.126898974542602,24,0,0.100827317557887,25,0,0.0959322494613781,26,0,0.0719203812077097,27,0,0.094135135917882,28,0,0.0979385136204235,29,0,0.0866558367990669,30
"GSM1438103",NA,0,0.0458321893511939,1,0,0.0278832045993511,2,0,0.0441157729915107,3,0,0.0977634857964643,4,0,0.0422769585933733,5,0,0.0422769585933733,6,0,0.0441157729915107,7,0,0.0385949700305425,8,0,0.103428736232547,9,0,0.0458321893511939,10,0,0.0403982668334317,11,0,0.0921072823887011,12,0,0.0353327440058325,13,0,0.0422769585933733,14,0,0.0403982668334317,15,0,0.0458321893511939,16,0,0.0476724098222694,17,0,0.0568516629562586,18,0,0.0476724098222694,19,0,0.0353327440058325,20,0,0.0921072823887011,21,0,0.0594936157041494,22,0,0.0458321893511939,23,0,0.0921072823887011,24,0,0.0634827359458675,25,0,0.0568516629562586,26,0,0.0422769585933733,27,0,0.0547338458578406,28,0,0.0594936157041494,29,0,0.0498177977580249,30
"GSM1438108",NA,1,0.41974812385624,1,1,0.474018271957754,2,1,0.418740607549486,3,1,0.377230960814655,4,1,0.42178601087499,5,1,0.42178601087499,6,1,0.418740607549486,7,1,0.430747616904572,8,1,0.376067117988305,9,1,0.41974812385624,10,1,0.426193797400488,11,1,0.379461150672035,12,1,0.441041397159843,13,1,0.42178601087499,14,1,0.426193797400488,15,1,0.41974812385624,16,1,0.419954349656511,17,1,0.413430163329116,18,1,0.419954349656511,19,1,0.441041397159843,20,1,0.379461150672035,21,1,0.41017912387054,22,1,0.41974812385624,23,1,0.379461150672035,24,1,0.404812918697188,25,1,0.413430163329116,26,1,0.42178601087499,27,1,0.417622759358417,28,1,0.41017912387054,29,1,0.419306196234523,30
"GSM1438109",NA,0,0.196514958038071,1,0,0.108934178610931,2,0,0.186807414326419,3,0,0.295701393245743,4,0,0.178337190799985,5,0,0.178337190799985,6,0,0.186807414326419,7,0,0.162524369716088,8,0,0.300148265380042,9,0,0.196514958038071,10,0,0.170256445786582,11,0,0.290094354817462,12,0,0.14735086948366,13,0,0.178337190799985,14,0,0.170256445786582,15,0,0.196514958038071,16,0,0.206804226500171,17,0,0.239262663629573,18,0,0.206804226500171,19,0,0.14735086948366,20,0,0.290094354817462,21,0,0.246837356306394,22,0,0.196514958038071,23,0,0.290094354817462,24,0,0.254705849711371,25,0,0.239262663629573,26,0,0.178337190799985,27,0,0.231516523359024,28,0,0.246837356306394,29,0,0.216673569849602,30
"GSM1438112",NA,0,0.157714911419666,1,0,0.10497500669421,2,0,0.150041582066987,3,0,0.199069764604877,4,0,0.143884927822888,5,0,0.143884927822888,6,0,0.150041582066987,7,0,0.133975899174529,8,0,0.196546605478082,9,0,0.157714911419666,10,0,0.138794922052101,11,0,0.201261281387495,12,0,0.124403580959583,13,0,0.143884927822888,14,0,0.138794922052101,15,0,0.157714911419666,16,0,0.165097176053173,17,0,0.189391450601817,18,0,0.165097176053173,19,0,0.124403580959583,20,0,0.201261281387495,21,0,0.194545227333274,22,0,0.157714911419666,23,0,0.201261281387495,24,0,0.200979201937359,25,0,0.189391450601817,26,0,0.143884927822888,27,0,0.183519230788776,28,0,0.194545227333274,29,0,0.1715911328656,30
"GSM1438115",NA,0,0.106718923467635,1,0,0.0709723964592572,2,0,0.103732777160936,3,0,0.256046476480153,4,0,0.100638212887754,5,0,0.100638212887754,6,0,0.103732777160936,7,0,0.0939740112639914,8,0,0.271725662871056,9,0,0.106718923467635,10,0,0.0972820863807634,11,0,0.236609943971525,12,0,0.0873074238649207,13,0,0.100638212887754,14,0,0.0972820863807634,15,0,0.106718923467635,16,0,0.109792645575191,17,0,0.123402530834171,18,0,0.109792645575191,19,0,0.0873074238649207,20,0,0.236609943971525,21,0,0.130357826094746,22,0,0.106718923467635,23,0,0.236609943971525,24,0,0.139080152846716,25,0,0.123402530834171,26,0,0.100638212887754,27,0,0.118029452460813,28,0,0.130357826094746,29,0,0.112239030903885,30
"GSM1438121",NA,1,0.4003633871114,1,1,0.548393183471868,2,1,0.412317574974142,3,1,0.287307390911085,4,1,0.425800846596116,5,1,0.425800846596116,6,1,0.412317574974142,7,1,0.452469003988572,8,1,0.283814593338719,9,1,0.4003633871114,10,1,0.439204548859011,11,1,0.292463921045419,12,1,0.478343415989269,13,1,0.425800846596116,14,1,0.439204548859011,15,1,0.4003633871114,16,1,0.388819074167392,17,1,0.339599373620793,18,1,0.388819074167392,19,1,0.478343415989269,20,1,0.292463921045419,21,1,0.326788004021835,22,1,0.4003633871114,23,1,0.292463921045419,24,1,0.318665552121052,25,1,0.339599373620793,26,1,0.425800846596116,27,1,0.353398286587838,28,1,0.326788004021835,29,1,0.377881385950538,30
"GSM1438122",NA,1,0.433446246045485,1,1,0.583820472890803,2,1,0.449035067324381,3,1,0.271221727191335,4,1,0.465265627343606,5,1,0.465265627343606,6,1,0.449035067324381,7,1,0.495261787330275,8,1,0.265645401658387,9,1,0.433446246045485,10,1,0.4807311743028,11,1,0.279618679509178,12,1,0.521142849830462,13,1,0.465265627343606,14,1,0.4807311743028,15,1,0.433446246045485,16,1,0.417393487450984,17,1,0.354788010674152,18,1,0.417393487450984,19,1,0.521142849830462,20,1,0.279618679509178,21,1,0.339251511087946,22,1,0.433446246045485,23,1,0.279618679509178,24,1,0.3262933732855,25,1,0.354788010674152,26,1,0.465265627343606,27,1,0.371540689808442,28,1,0.339251511087946,29,1,0.402077971546755,30
"GSM1438124",NA,1,0.851911803054943,1,1,0.956904407926497,2,1,0.867575504079321,3,1,0.589266588375256,4,1,0.88175002859237,5,1,0.88175002859237,6,1,0.867575504079321,7,1,0.90651552616258,8,1,0.568368684921755,9,1,0.851911803054943,10,1,0.894857596793266,11,1,0.609448108807503,12,1,0.925948245668365,13,1,0.88175002859237,14,1,0.894857596793266,15,1,0.851911803054943,16,1,0.83451375649582,17,1,0.755984257360187,18,1,0.83451375649582,19,1,0.925948245668365,20,1,0.609448108807503,21,1,0.739778216377818,22,1,0.851911803054943,23,1,0.609448108807503,24,1,0.724650565673907,25,1,0.755984257360187,26,1,0.88175002859237,27,1,0.775457567425944,28,1,0.739778216377818,29,1,0.816293754366876,30
"GSM1438126",NA,1,0.268331415853529,1,1,0.272758429317629,2,1,0.271132488025504,3,1,0.208159257280987,4,1,0.272295436790971,5,1,0.272295436790971,6,1,0.271132488025504,7,1,0.274723469435191,8,1,0.206427865888185,9,1,0.268331415853529,10,1,0.273712207107728,11,1,0.21224201322707,12,1,0.274591655223703,13,1,0.272295436790971,14,1,0.273712207107728,15,1,0.268331415853529,16,1,0.264211849149015,17,1,0.24698542888153,18,1,0.264211849149015,19,1,0.274591655223703,20,1,0.21224201322707,21,1,0.245555158489176,22,1,0.268331415853529,23,1,0.21224201322707,24,1,0.240716092788524,25,1,0.24698542888153,26,1,0.272295436790971,27,1,0.248754334802408,28,1,0.245555158489176,29,1,0.257966822590931,30
